;ring;video;number_of_detections;scale;date;hour;num
0;ADP500;BJORN3TRI3_SCALE_2023-05-07_16_01;208.0;BJORN3TRI3_SCALE;2023-05-07;16;1
0;ADN832;BJORN3TRI3_SCALE_2023-05-08_15_03;16.0;BJORN3TRI3_SCALE;2023-05-08;15;3
0;ADN254;BJORN3TRI3_SCALE_2023-05-08_10_02;12.0;BJORN3TRI3_SCALE;2023-05-08;10;2
0;ADN181;BJORN3TRI3_SCALE_2023-05-09_20_08;11.0;BJORN3TRI3_SCALE;2023-05-09;20;8
0;ADN181;BJORN3TRI3_SCALE_2023-05-09_21_09;1.0;BJORN3TRI3_SCALE;2023-05-09;21;9
0;ADN254;BJORN3TRI3_SCALE_2023-05-09_19_07;3.0;BJORN3TRI3_SCALE;2023-05-09;19;7
0;ADE600;BJORN3TRI3_SCALE_2023-05-10_3_03;4.0;BJORN3TRI3_SCALE;2023-05-10;3;3
0;ADE600;BJORN3TRI3_SCALE_2023-05-10_4_04;17.0;BJORN3TRI3_SCALE;2023-05-10;4;4
0;ADN181;BJORN3TRI3_SCALE_2023-05-11_11_10;18.0;BJORN3TRI3_SCALE;2023-05-11;11;10
0;ADN181;BJORN3TRI3_SCALE_2023-05-11_8_08;10.0;BJORN3TRI3_SCALE;2023-05-11;8;8
0;ADN481;BJORN3TRI3_SCALE_2023-05-12_9_01;1.0;BJORN3TRI3_SCALE;2023-05-12;9;1
0;ADN181;BJORN3TRI3_SCALE_2023-05-12_9_00;15.0;BJORN3TRI3_SCALE;2023-05-12;9;0
0;ADN181;BJORN3TRI3_SCALE_2023-05-12_9_02;14.0;BJORN3TRI3_SCALE;2023-05-12;9;2
0;ADE600;BJORN3TRI3_SCALE_2023-05-13_7_01;8.0;BJORN3TRI3_SCALE;2023-05-13;7;1
0;ADN254;BJORN3TRI3_SCALE_2023-05-13_13_06;51.0;BJORN3TRI3_SCALE;2023-05-13;13;6
0;ADN254;BJORN3TRI3_SCALE_2023-05-13_9_02;15.0;BJORN3TRI3_SCALE;2023-05-13;9;2
0;ADN254;BJORN3TRI3_SCALE_2023-05-13_12_05;24.0;BJORN3TRI3_SCALE;2023-05-13;12;5
0;ADN254;BJORN3TRI3_SCALE_2023-05-13_11_03;19.0;BJORN3TRI3_SCALE;2023-05-13;11;3
0;ADN181;BJORN3TRI3_SCALE_2023-05-14_14_04;3.0;BJORN3TRI3_SCALE;2023-05-14;14;4
0;ADN181;BJORN3TRI3_SCALE_2023-05-14_10_02;6.0;BJORN3TRI3_SCALE;2023-05-14;10;2
0;ADN770;BJORN3TRI3_SCALE_2023-05-15_4_07;12.0;BJORN3TRI3_SCALE;2023-05-15;4;7
0;ADN770;BJORN3TRI3_SCALE_2023-05-15_5_08;51.0;BJORN3TRI3_SCALE;2023-05-15;5;8
0;ADN181;BJORN3TRI3_SCALE_2023-05-15_15_12;13.0;BJORN3TRI3_SCALE;2023-05-15;15;12
0;ADE600;BJORN3TRI3_SCALE_2023-05-15_21_13;2.0;BJORN3TRI3_SCALE;2023-05-15;21;13
0;ADN770;BJORN3TRI3_SCALE_2023-05-15_5_09;7.0;BJORN3TRI3_SCALE;2023-05-15;5;9
0;ADE036;BJORN3TRI3_SCALE_2023-05-16_16_08;2.0;BJORN3TRI3_SCALE;2023-05-16;16;8
0;ADE009;BJORN3TRI3_SCALE_2023-05-16_3_07;1.0;BJORN3TRI3_SCALE;2023-05-16;3;7
0;ADN181;BJORN3TRI3_SCALE_2023-05-17_14_01;10.0;BJORN3TRI3_SCALE;2023-05-17;14;1
0;ADN907;BJORN3TRI3_SCALE_2023-05-18_21_03;6.0;BJORN3TRI3_SCALE;2023-05-18;21;3
0;ADN907;BJORN3TRI3_SCALE_2023-05-18_21_02;7.0;BJORN3TRI3_SCALE;2023-05-18;21;2
0;ADN907;BJORN3TRI3_SCALE_2023-05-20_20_01;17.0;BJORN3TRI3_SCALE;2023-05-20;20;1
0;ADN907;BJORN3TRI3_SCALE_2023-05-20_20_00;3.0;BJORN3TRI3_SCALE;2023-05-20;20;0
0;ADE028;BJORN3TRI3_SCALE_2023-05-21_18_00;26.0;BJORN3TRI3_SCALE;2023-05-21;18;0
0;ADE036;BJORN3TRI3_SCALE_2023-05-22_21_04;5.0;BJORN3TRI3_SCALE;2023-05-22;21;4
0;ADE028;BJORN3TRI3_SCALE_2023-05-22_4_01;27.0;BJORN3TRI3_SCALE;2023-05-22;4;1
0;ADE020;BJORN3TRI3_SCALE_2023-05-23_15_03;3.0;BJORN3TRI3_SCALE;2023-05-23;15;3
0;ADP181;BJORN3TRI3_SCALE_2023-05-23_14_02;4.0;BJORN3TRI3_SCALE;2023-05-23;14;2
0;ADN181;BJORN3TRI3_SCALE_2023-05-24_10_17;45.0;BJORN3TRI3_SCALE;2023-05-24;10;17
0;ADN181;BJORN3TRI3_SCALE_2023-05-24_8_13;44.0;BJORN3TRI3_SCALE;2023-05-24;8;13
0;ADN181;BJORN3TRI3_SCALE_2023-05-24_9_15;4.0;BJORN3TRI3_SCALE;2023-05-24;9;15
0;ADN181;BJORN3TRI3_SCALE_2023-05-24_8_12;10.0;BJORN3TRI3_SCALE;2023-05-24;8;12
0;ADN181;BJORN3TRI3_SCALE_2023-05-24_12_18;9.0;BJORN3TRI3_SCALE;2023-05-24;12;18
0;ADN181;BJORN3TRI3_SCALE_2023-05-24_10_16;41.0;BJORN3TRI3_SCALE;2023-05-24;10;16
0;ADN181;BJORN3TRI3_SCALE_2023-05-25_12_18;34.0;BJORN3TRI3_SCALE;2023-05-25;12;18
0;ADN181;BJORN3TRI3_SCALE_2023-05-25_8_15;7.0;BJORN3TRI3_SCALE;2023-05-25;8;15
0;ADN181;BJORN3TRI3_SCALE_2023-05-25_11_17;23.0;BJORN3TRI3_SCALE;2023-05-25;11;17
0;ADP574;BJORN3TRI3_SCALE_2023-05-26_19_08;12.0;BJORN3TRI3_SCALE;2023-05-26;19;8
0;ADN181;BJORN3TRI3_SCALE_2023-05-26_13_04;22.0;BJORN3TRI3_SCALE;2023-05-26;13;4
0;ADP574;BJORN3TRI3_SCALE_2023-05-26_19_07;18.0;BJORN3TRI3_SCALE;2023-05-26;19;7
0;ADP574;BJORN3TRI3_SCALE_2023-05-26_18_05;14.0;BJORN3TRI3_SCALE;2023-05-26;18;5
0;ADN181;BJORN3TRI3_SCALE_2023-05-26_12_03;44.0;BJORN3TRI3_SCALE;2023-05-26;12;3
0;ADN181;BJORN3TRI3_SCALE_2023-05-26_11_02;45.0;BJORN3TRI3_SCALE;2023-05-26;11;2
0;ADE028;BJORN3TRI3_SCALE_2023-05-26_18_06;9.0;BJORN3TRI3_SCALE;2023-05-26;18;6
0;ADN181;BJORN3TRI3_SCALE_2023-05-27_13_21;98.0;BJORN3TRI3_SCALE;2023-05-27;13;21
0;ADN181;BJORN3TRI3_SCALE_2023-05-27_19_36;1.0;BJORN3TRI3_SCALE;2023-05-27;19;36
0;ADN181;BJORN3TRI3_SCALE_2023-05-27_10_08;12.0;BJORN3TRI3_SCALE;2023-05-27;10;8
0;ADN181;BJORN3TRI3_SCALE_2023-05-27_11_12;14.0;BJORN3TRI3_SCALE;2023-05-27;11;12
0;ADN181;BJORN3TRI3_SCALE_2023-05-27_11_15;10.0;BJORN3TRI3_SCALE;2023-05-27;11;15
0;ADN181;BJORN3TRI3_SCALE_2023-05-27_12_18;38.0;BJORN3TRI3_SCALE;2023-05-27;12;18
0;ADN181;BJORN3TRI3_SCALE_2023-05-27_18_31;2.0;BJORN3TRI3_SCALE;2023-05-27;18;31
0;ADN181;BJORN3TRI3_SCALE_2023-05-27_17_25;31.0;BJORN3TRI3_SCALE;2023-05-27;17;25
0;ADN181;BJORN3TRI3_SCALE_2023-05-27_12_19;1.0;BJORN3TRI3_SCALE;2023-05-27;12;19
0;ADN181;BJORN3TRI3_SCALE_2023-05-27_10_10;9.0;BJORN3TRI3_SCALE;2023-05-27;10;10
0;ADN181;BJORN3TRI3_SCALE_2023-05-27_11_17;12.0;BJORN3TRI3_SCALE;2023-05-27;11;17
0;ADN181;BJORN3TRI3_SCALE_2023-05-27_11_14;18.0;BJORN3TRI3_SCALE;2023-05-27;11;14
0;ADN181;BJORN3TRI3_SCALE_2023-05-27_9_06;23.0;BJORN3TRI3_SCALE;2023-05-27;9;6
0;ADN187;BJORN3TRI3_SCALE_2023-05-27_11_11;1.0;BJORN3TRI3_SCALE;2023-05-27;11;11
0;ADN181;BJORN3TRI3_SCALE_2023-05-27_13_20;54.0;BJORN3TRI3_SCALE;2023-05-27;13;20
0;ADN181;BJORN3TRI3_SCALE_2023-05-27_16_22;27.0;BJORN3TRI3_SCALE;2023-05-27;16;22
0;ADN181;BJORN3TRI3_SCALE_2023-05-27_9_05;13.0;BJORN3TRI3_SCALE;2023-05-27;9;5
0;ADN781;BJORN3TRI3_SCALE_2023-05-27_10_07;1.0;BJORN3TRI3_SCALE;2023-05-27;10;7
0;ADN181;BJORN3TRI3_SCALE_2023-05-27_17_26;5.0;BJORN3TRI3_SCALE;2023-05-27;17;26
0;ADN181;BJORN3TRI3_SCALE_2023-05-27_17_27;6.0;BJORN3TRI3_SCALE;2023-05-27;17;27
0;ADN181;BJORN3TRI3_SCALE_2023-05-27_11_13;6.0;BJORN3TRI3_SCALE;2023-05-27;11;13
0;ADN181;BJORN3TRI3_SCALE_2023-05-27_10_09;1.0;BJORN3TRI3_SCALE;2023-05-27;10;9
0;ADN181;BJORN3TRI3_SCALE_2023-05-27_11_16;73.0;BJORN3TRI3_SCALE;2023-05-27;11;16
0;ADN181;BJORN3TRI3_SCALE_2023-05-28_19_21;8.0;BJORN3TRI3_SCALE;2023-05-28;19;21
0;ADN265;BJORN3TRI3_SCALE_2023-05-28_7_14;1.0;BJORN3TRI3_SCALE;2023-05-28;7;14
0;ADN181;BJORN3TRI3_SCALE_2023-05-28_7_16;46.0;BJORN3TRI3_SCALE;2023-05-28;7;16
0;ADN181;BJORN3TRI3_SCALE_2023-05-28_4_09;5.0;BJORN3TRI3_SCALE;2023-05-28;4;9
0;ADN181;BJORN3TRI3_SCALE_2023-05-28_19_22;5.0;BJORN3TRI3_SCALE;2023-05-28;19;22
0;ADN181;BJORN3TRI3_SCALE_2023-05-28_14_19;16.0;BJORN3TRI3_SCALE;2023-05-28;14;19
0;ADN181;BJORN3TRI3_SCALE_2023-05-28_9_17;3.0;BJORN3TRI3_SCALE;2023-05-28;9;17
0;ADN181;BJORN3TRI3_SCALE_2023-05-28_5_10;43.0;BJORN3TRI3_SCALE;2023-05-28;5;10
0;ADN181;BJORN3TRI3_SCALE_2023-05-28_18_20;4.0;BJORN3TRI3_SCALE;2023-05-28;18;20
0;ADN181;BJORN3TRI3_SCALE_2023-05-29_9_47;16.0;BJORN3TRI3_SCALE;2023-05-29;9;47
0;ADN181;BJORN3TRI3_SCALE_2023-05-29_9_49;3.0;BJORN3TRI3_SCALE;2023-05-29;9;49
0;ADN181;BJORN3TRI3_SCALE_2023-05-29_20_68;3.0;BJORN3TRI3_SCALE;2023-05-29;20;68
0;ADN181;BJORN3TRI3_SCALE_2023-05-29_20_64;9.0;BJORN3TRI3_SCALE;2023-05-29;20;64
0;ADN181;BJORN3TRI3_SCALE_2023-05-29_12_56;7.0;BJORN3TRI3_SCALE;2023-05-29;12;56
0;ADN181;BJORN3TRI3_SCALE_2023-05-29_12_58;27.0;BJORN3TRI3_SCALE;2023-05-29;12;58
0;ADN181;BJORN3TRI3_SCALE_2023-05-29_10_53;14.0;BJORN3TRI3_SCALE;2023-05-29;10;53
0;ADN181;BJORN3TRI3_SCALE_2023-05-29_16_60;10.0;BJORN3TRI3_SCALE;2023-05-29;16;60
0;ADN181;BJORN3TRI3_SCALE_2023-05-29_9_48;8.0;BJORN3TRI3_SCALE;2023-05-29;9;48
0;ADN781;BJORN3TRI3_SCALE_2023-05-29_12_57;6.0;BJORN3TRI3_SCALE;2023-05-29;12;57
0;ADN181;BJORN3TRI3_SCALE_2023-05-29_11_55;63.0;BJORN3TRI3_SCALE;2023-05-29;11;55
0;ADN187;BJORN3TRI3_SCALE_2023-05-29_11_54;2.0;BJORN3TRI3_SCALE;2023-05-29;11;54
0;ADN181;BJORN3TRI3_SCALE_2023-05-29_8_45;12.0;BJORN3TRI3_SCALE;2023-05-29;8;45
0;ADN181;BJORN3TRI3_SCALE_2023-05-29_9_46;44.0;BJORN3TRI3_SCALE;2023-05-29;9;46
0;ADN181;BJORN3TRI3_SCALE_2023-05-29_8_44;38.0;BJORN3TRI3_SCALE;2023-05-29;8;44
0;ADN187;BJORN3TRI3_SCALE_2023-05-29_10_52;5.0;BJORN3TRI3_SCALE;2023-05-29;10;52
0;ADN181;BJORN3TRI3_SCALE_2023-05-29_16_59;10.0;BJORN3TRI3_SCALE;2023-05-29;16;59
0;ADN181;BJORN3TRI3_SCALE_2023-05-29_20_67;4.0;BJORN3TRI3_SCALE;2023-05-29;20;67
0;ADN181;BJORN3TRI3_SCALE_2023-05-29_20_63;15.0;BJORN3TRI3_SCALE;2023-05-29;20;63
0;ADN181;BJORN3TRI3_SCALE_2023-05-29_9_50;49.0;BJORN3TRI3_SCALE;2023-05-29;9;50
0;ADN181;BJORN3TRI3_SCALE_2023-05-30_11_08;95.0;BJORN3TRI3_SCALE;2023-05-30;11;8
0;ADN181;BJORN3TRI3_SCALE_2023-05-30_7_06;29.0;BJORN3TRI3_SCALE;2023-05-30;7;6
0;ADN181;BJORN3TRI3_SCALE_2023-05-30_8_07;12.0;BJORN3TRI3_SCALE;2023-05-30;8;7
0;ADE036;BJORN3TRI3_SCALE_2023-05-30_20_10;8.0;BJORN3TRI3_SCALE;2023-05-30;20;10
0;ADE036;BJORN3TRI3_SCALE_2023-05-30_20_09;12.0;BJORN3TRI3_SCALE;2023-05-30;20;9
0;ADN181;BJORN3TRI3_SCALE_2023-05-31_17_64;8.0;BJORN3TRI3_SCALE;2023-05-31;17;64
0;ADN181;BJORN3TRI3_SCALE_2023-05-31_16_62;18.0;BJORN3TRI3_SCALE;2023-05-31;16;62
0;ADN181;BJORN3TRI3_SCALE_2023-05-31_13_61;4.0;BJORN3TRI3_SCALE;2023-05-31;13;61
0;ADN181;BJORN3TRI3_SCALE_2023-05-31_13_60;99.0;BJORN3TRI3_SCALE;2023-05-31;13;60
0;ADN181;BJORN3TRI3_SCALE_2023-05-31_10_57;11.0;BJORN3TRI3_SCALE;2023-05-31;10;57
0;ADN181;BJORN3TRI3_SCALE_2023-05-31_17_63;26.0;BJORN3TRI3_SCALE;2023-05-31;17;63
0;ADN181;BJORN3TRI3_SCALE_2023-06-01_14_28;36.0;BJORN3TRI3_SCALE;2023-06-01;14;28
0;ADN181;BJORN3TRI3_SCALE_2023-06-01_13_27;26.0;BJORN3TRI3_SCALE;2023-06-01;13;27
0;ADN181;BJORN3TRI3_SCALE_2023-06-01_14_29;8.0;BJORN3TRI3_SCALE;2023-06-01;14;29
0;ADN185;BJORN3TRI3_SCALE_2023-06-02_15_27;3.0;BJORN3TRI3_SCALE;2023-06-02;15;27
0;ADN181;BJORN3TRI3_SCALE_2023-06-02_15_26;1.0;BJORN3TRI3_SCALE;2023-06-02;15;26
0;ADE000;BJORN3TRI3_SCALE_2023-06-02_20_30;1.0;BJORN3TRI3_SCALE;2023-06-02;20;30
0;ADN185;BJORN3TRI3_SCALE_2023-06-02_15_25;20.0;BJORN3TRI3_SCALE;2023-06-02;15;25
0;ADE014;BJORN3TRI3_SCALE_2023-06-03_20_78;7.0;BJORN3TRI3_SCALE;2023-06-03;20;78
0;ADN765;BJORN3TRI3_SCALE_2023-06-03_16_70;74.0;BJORN3TRI3_SCALE;2023-06-03;16;70
0;ADE036;BJORN3TRI3_SCALE_2023-06-03_15_68;2.0;BJORN3TRI3_SCALE;2023-06-03;15;68
0;ADN774;BJORN3TRI3_SCALE_2023-06-03_16_71;17.0;BJORN3TRI3_SCALE;2023-06-03;16;71
0;ADN765;BJORN3TRI3_SCALE_2023-06-03_16_69;18.0;BJORN3TRI3_SCALE;2023-06-03;16;69
0;ADP724;BJORN3TRI3_SCALE_2023-06-03_14_67;15.0;BJORN3TRI3_SCALE;2023-06-03;14;67
0;ADN765;BJORN3TRI3_SCALE_2023-06-04_13_16;50.0;BJORN3TRI3_SCALE;2023-06-04;13;16
0;ADA843;BJORN3TRI3_SCALE_2023-06-04_6_15;5.0;BJORN3TRI3_SCALE;2023-06-04;6;15
0;ADN765;BJORN3TRI3_SCALE_2023-06-04_22_22;12.0;BJORN3TRI3_SCALE;2023-06-04;22;22
0;ADN181;BJORN3TRI3_SCALE_2023-06-04_17_18;1.0;BJORN3TRI3_SCALE;2023-06-04;17;18
0;ADN765;BJORN3TRI3_SCALE_2023-06-04_21_20;6.0;BJORN3TRI3_SCALE;2023-06-04;21;20
0;ADN765;BJORN3TRI3_SCALE_2023-06-04_22_23;39.0;BJORN3TRI3_SCALE;2023-06-04;22;23
0;ADE000;BJORN3TRI3_SCALE_2023-06-04_13_17;4.0;BJORN3TRI3_SCALE;2023-06-04;13;17
0;ADN765;BJORN3TRI3_SCALE_2023-06-05_14_15;13.0;BJORN3TRI3_SCALE;2023-06-05;14;15
0;ADN765;BJORN3TRI3_SCALE_2023-06-05_8_09;50.0;BJORN3TRI3_SCALE;2023-06-05;8;9
0;ADN181;BJORN3TRI3_SCALE_2023-06-05_10_12;2.0;BJORN3TRI3_SCALE;2023-06-05;10;12
0;ADN765;BJORN3TRI3_SCALE_2023-06-05_14_14;3.0;BJORN3TRI3_SCALE;2023-06-05;14;14
0;ADN765;BJORN3TRI3_SCALE_2023-06-05_9_11;18.0;BJORN3TRI3_SCALE;2023-06-05;9;11
0;ADN765;BJORN3TRI3_SCALE_2023-06-05_15_16;30.0;BJORN3TRI3_SCALE;2023-06-05;15;16
0;ADN765;BJORN3TRI3_SCALE_2023-06-06_8_27;5.0;BJORN3TRI3_SCALE;2023-06-06;8;27
0;ADE036;BJORN3TRI3_SCALE_2023-06-06_21_40;2.0;BJORN3TRI3_SCALE;2023-06-06;21;40
0;ADN765;BJORN3TRI3_SCALE_2023-06-06_10_32;20.0;BJORN3TRI3_SCALE;2023-06-06;10;32
0;ADN181;BJORN3TRI3_SCALE_2023-06-06_12_34;50.0;BJORN3TRI3_SCALE;2023-06-06;12;34
0;ADN765;BJORN3TRI3_SCALE_2023-06-06_8_29;12.0;BJORN3TRI3_SCALE;2023-06-06;8;29
0;ADN765;BJORN3TRI3_SCALE_2023-06-06_15_36;21.0;BJORN3TRI3_SCALE;2023-06-06;15;36
0;ADN765;BJORN3TRI3_SCALE_2023-06-06_5_22;40.0;BJORN3TRI3_SCALE;2023-06-06;5;22
0;ADN765;BJORN3TRI3_SCALE_2023-06-06_8_28;9.0;BJORN3TRI3_SCALE;2023-06-06;8;28
0;ADN181;BJORN3TRI3_SCALE_2023-06-06_6_23;19.0;BJORN3TRI3_SCALE;2023-06-06;6;23
0;ADN765;BJORN3TRI3_SCALE_2023-06-06_16_37;19.0;BJORN3TRI3_SCALE;2023-06-06;16;37
0;ADN765;BJORN3TRI3_SCALE_2023-06-06_6_24;37.0;BJORN3TRI3_SCALE;2023-06-06;6;24
0;ADN765;BJORN3TRI3_SCALE_2023-06-06_13_35;12.0;BJORN3TRI3_SCALE;2023-06-06;13;35
0;ADN765;BJORN3TRI3_SCALE_2023-06-06_10_31;4.0;BJORN3TRI3_SCALE;2023-06-06;10;31
0;ADN765;BJORN3TRI3_SCALE_2023-06-06_7_26;16.0;BJORN3TRI3_SCALE;2023-06-06;7;26
0;ADE036;BJORN3TRI3_SCALE_2023-06-07_16_54;173.0;BJORN3TRI3_SCALE;2023-06-07;16;54
0;ADN765;BJORN3TRI3_SCALE_2023-06-07_14_53;1.0;BJORN3TRI3_SCALE;2023-06-07;14;53
0;ADN755;BJORN3TRI3_SCALE_2023-06-07_18_55;3.0;BJORN3TRI3_SCALE;2023-06-07;18;55
0;ADN765;BJORN3TRI3_SCALE_2023-06-07_14_52;18.0;BJORN3TRI3_SCALE;2023-06-07;14;52
0;ADN181;BJORN3TRI3_SCALE_2023-06-07_19_56;2.0;BJORN3TRI3_SCALE;2023-06-07;19;56
0;ADN181;BJORN3TRI3_SCALE_2023-06-08_4_21;1.0;BJORN3TRI3_SCALE;2023-06-08;4;21
0;ADN765;BJORN3TRI3_SCALE_2023-06-08_3_20;3.0;BJORN3TRI3_SCALE;2023-06-08;3;20
0;ADN181;BJORN3TRI3_SCALE_2023-06-08_6_22;6.0;BJORN3TRI3_SCALE;2023-06-08;6;22
0;ADN181;BJORN3TRI3_SCALE_2023-06-09_18_38;6.0;BJORN3TRI3_SCALE;2023-06-09;18;38
0;ADN899;BJORN3TRI3_SCALE_2023-06-09_15_36;17.0;BJORN3TRI3_SCALE;2023-06-09;15;36
0;ADN765;BJORN3TRI3_SCALE_2023-06-10_11_11;44.0;BJORN3TRI3_SCALE;2023-06-10;11;11
0;ADA513;BJORN3TRI3_SCALE_2023-06-10_12_12;14.0;BJORN3TRI3_SCALE;2023-06-10;12;12
0;ADN765;BJORN3TRI3_SCALE_2023-06-11_13_18;14.0;BJORN3TRI3_SCALE;2023-06-11;13;18
0;ADN765;BJORN3TRI3_SCALE_2023-06-11_15_23;27.0;BJORN3TRI3_SCALE;2023-06-11;15;23
0;ADN765;BJORN3TRI3_SCALE_2023-06-11_13_19;30.0;BJORN3TRI3_SCALE;2023-06-11;13;19
0;ADN765;BJORN3TRI3_SCALE_2023-06-11_15_21;8.0;BJORN3TRI3_SCALE;2023-06-11;15;21
0;ADN765;BJORN3TRI3_SCALE_2023-06-11_14_20;30.0;BJORN3TRI3_SCALE;2023-06-11;14;20
0;ADE020;BJORN3TRI3_SCALE_2023-06-11_4_16;4.0;BJORN3TRI3_SCALE;2023-06-11;4;16
0;ADN181;BJORN3TRI3_SCALE_2023-06-12_17_52;8.0;BJORN3TRI3_SCALE;2023-06-12;17;52
0;ADE600;BJORN3TRI3_SCALE_2023-06-12_17_51;8.0;BJORN3TRI3_SCALE;2023-06-12;17;51
0;ADN765;BJORN3TRI3_SCALE_2023-06-12_8_46;17.0;BJORN3TRI3_SCALE;2023-06-12;8;46
0;ADN765;BJORN3TRI3_SCALE_2023-06-12_13_49;15.0;BJORN3TRI3_SCALE;2023-06-12;13;49
0;ADN765;BJORN3TRI3_SCALE_2023-06-12_5_41;3.0;BJORN3TRI3_SCALE;2023-06-12;5;41
0;ADN181;BJORN3TRI3_SCALE_2023-06-12_6_45;1.0;BJORN3TRI3_SCALE;2023-06-12;6;45
0;ADN181;BJORN3TRI3_SCALE_2023-06-12_9_48;4.0;BJORN3TRI3_SCALE;2023-06-12;9;48
0;ADN765;BJORN3TRI3_SCALE_2023-06-12_5_42;4.0;BJORN3TRI3_SCALE;2023-06-12;5;42
0;ADN181;BJORN3TRI3_SCALE_2023-06-13_16_32;26.0;BJORN3TRI3_SCALE;2023-06-13;16;32
0;ADN504;BJORN3TRI3_SCALE_2023-06-13_15_30;17.0;BJORN3TRI3_SCALE;2023-06-13;15;30
0;ADE600;BJORN3TRI3_SCALE_2023-06-13_16_31;25.0;BJORN3TRI3_SCALE;2023-06-13;16;31
0;ADE600;BJORN3TRI3_SCALE_2023-06-13_17_34;5.0;BJORN3TRI3_SCALE;2023-06-13;17;34
0;ADE600;BJORN3TRI3_SCALE_2023-06-13_18_35;75.0;BJORN3TRI3_SCALE;2023-06-13;18;35
0;ADN765;BJORN3TRI3_SCALE_2023-06-13_15_28;13.0;BJORN3TRI3_SCALE;2023-06-13;15;28
0;ADN765;BJORN3TRI3_SCALE_2023-06-13_18_36;3.0;BJORN3TRI3_SCALE;2023-06-13;18;36
0;ADN765;BJORN3TRI3_SCALE_2023-06-13_6_27;8.0;BJORN3TRI3_SCALE;2023-06-13;6;27
0;ADN181;BJORN3TRI3_SCALE_2023-06-14_11_23;9.0;BJORN3TRI3_SCALE;2023-06-14;11;23
0;ADN254;BJORN3TRI3_SCALE_2023-06-14_18_35;2.0;BJORN3TRI3_SCALE;2023-06-14;18;35
0;ADN765;BJORN3TRI3_SCALE_2023-06-14_12_25;3.0;BJORN3TRI3_SCALE;2023-06-14;12;25
0;ADN765;BJORN3TRI3_SCALE_2023-06-14_10_20;37.0;BJORN3TRI3_SCALE;2023-06-14;10;20
0;ADN765;BJORN3TRI3_SCALE_2023-06-14_10_21;25.0;BJORN3TRI3_SCALE;2023-06-14;10;21
0;ADN185;BJORN3TRI3_SCALE_2023-06-14_18_36;1.0;BJORN3TRI3_SCALE;2023-06-14;18;36
0;ADN181;BJORN3TRI3_SCALE_2023-06-14_9_18;8.0;BJORN3TRI3_SCALE;2023-06-14;9;18
0;ADN765;BJORN3TRI3_SCALE_2023-06-14_8_17;4.0;BJORN3TRI3_SCALE;2023-06-14;8;17
0;ADN765;BJORN3TRI3_SCALE_2023-06-14_10_19;9.0;BJORN3TRI3_SCALE;2023-06-14;10;19
0;ADE600;BJORN3TRI3_SCALE_2023-06-15_16_37;4.0;BJORN3TRI3_SCALE;2023-06-15;16;37
0;ADN789;BJORN3TRI3_SCALE_2023-06-15_20_43;4.0;BJORN3TRI3_SCALE;2023-06-15;20;43
0;ADN256;BJORN3TRI3_SCALE_2023-06-15_22_44;1.0;BJORN3TRI3_SCALE;2023-06-15;22;44
0;ADE009;BJORN3TRI3_SCALE_2023-06-15_16_38;9.0;BJORN3TRI3_SCALE;2023-06-15;16;38
0;ADN765;BJORN3TRI3_SCALE_2023-06-15_16_40;12.0;BJORN3TRI3_SCALE;2023-06-15;16;40
0;ADN181;BJORN3TRI3_SCALE_2023-06-15_16_39;11.0;BJORN3TRI3_SCALE;2023-06-15;16;39
0;ADN181;BJORN3TRI3_SCALE_2023-06-16_8_30;2.0;BJORN3TRI3_SCALE;2023-06-16;8;30
0;ADN765;BJORN3TRI3_SCALE_2023-06-16_14_33;16.0;BJORN3TRI3_SCALE;2023-06-16;14;33
0;ADE600;BJORN3TRI3_SCALE_2023-06-16_13_32;37.0;BJORN3TRI3_SCALE;2023-06-16;13;32
0;ADE009;BJORN3TRI3_SCALE_2023-06-17_21_18;4.0;BJORN3TRI3_SCALE;2023-06-17;21;18
0;ADN765;BJORN3TRI3_SCALE_2023-06-17_15_16;5.0;BJORN3TRI3_SCALE;2023-06-17;15;16
0;ADN765;BJORN3TRI3_SCALE_2023-06-18_5_41;5.0;BJORN3TRI3_SCALE;2023-06-18;5;41
0;ADN254;BJORN3TRI3_SCALE_2023-06-18_16_49;7.0;BJORN3TRI3_SCALE;2023-06-18;16;49
0;ADN765;BJORN3TRI3_SCALE_2023-06-18_15_48;4.0;BJORN3TRI3_SCALE;2023-06-18;15;48
0;ADN254;BJORN3TRI3_SCALE_2023-06-18_20_52;9.0;BJORN3TRI3_SCALE;2023-06-18;20;52
0;ADN765;BJORN3TRI3_SCALE_2023-06-18_6_42;17.0;BJORN3TRI3_SCALE;2023-06-18;6;42
0;ADE600;BJORN3TRI3_SCALE_2023-06-18_3_40;10.0;BJORN3TRI3_SCALE;2023-06-18;3;40
0;ADN254;BJORN3TRI3_SCALE_2023-06-19_10_22;5.0;BJORN3TRI3_SCALE;2023-06-19;10;22
0;ADN254;BJORN3TRI3_SCALE_2023-06-19_6_17;5.0;BJORN3TRI3_SCALE;2023-06-19;6;17
0;ADN765;BJORN3TRI3_SCALE_2023-06-19_15_26;4.0;BJORN3TRI3_SCALE;2023-06-19;15;26
0;ADN765;BJORN3TRI3_SCALE_2023-06-19_9_20;7.0;BJORN3TRI3_SCALE;2023-06-19;9;20
0;ADN254;BJORN3TRI3_SCALE_2023-06-19_9_18;54.0;BJORN3TRI3_SCALE;2023-06-19;9;18
0;ADN765;BJORN3TRI3_SCALE_2023-06-19_10_21;30.0;BJORN3TRI3_SCALE;2023-06-19;10;21
0;ADE014;BJORN3TRI3_SCALE_2023-06-19_6_14;4.0;BJORN3TRI3_SCALE;2023-06-19;6;14
0;ADN254;BJORN3TRI3_SCALE_2023-06-19_9_19;18.0;BJORN3TRI3_SCALE;2023-06-19;9;19
0;ADN254;BJORN3TRI3_SCALE_2023-06-19_11_23;2.0;BJORN3TRI3_SCALE;2023-06-19;11;23
0;ADN254;BJORN3TRI3_SCALE_2023-06-19_6_15;8.0;BJORN3TRI3_SCALE;2023-06-19;6;15
0;ADN254;BJORN3TRI3_SCALE_2023-06-19_6_16;5.0;BJORN3TRI3_SCALE;2023-06-19;6;16
0;ADN765;BJORN3TRI3_SCALE_2023-06-20_11_16;12.0;BJORN3TRI3_SCALE;2023-06-20;11;16
0;ADE000;BJORN3TRI3_SCALE_2023-06-20_14_19;29.0;BJORN3TRI3_SCALE;2023-06-20;14;19
0;ADN254;BJORN3TRI3_SCALE_2023-06-20_11_14;7.0;BJORN3TRI3_SCALE;2023-06-20;11;14
0;ADN765;BJORN3TRI3_SCALE_2023-06-20_12_18;24.0;BJORN3TRI3_SCALE;2023-06-20;12;18
0;ADN254;BJORN3TRI3_SCALE_2023-06-20_12_17;12.0;BJORN3TRI3_SCALE;2023-06-20;12;17
0;ADN254;BJORN3TRI3_SCALE_2023-06-20_10_13;10.0;BJORN3TRI3_SCALE;2023-06-20;10;13
0;ADN254;BJORN3TRI3_SCALE_2023-06-20_17_21;12.0;BJORN3TRI3_SCALE;2023-06-20;17;21
0;ADN765;BJORN3TRI3_SCALE_2023-06-20_11_15;19.0;BJORN3TRI3_SCALE;2023-06-20;11;15
0;ADN765;BJORN3TRI3_SCALE_2023-06-20_10_12;17.0;BJORN3TRI3_SCALE;2023-06-20;10;12
0;ADN254;BJORN3TRI3_SCALE_2023-06-21_3_16;75.0;BJORN3TRI3_SCALE;2023-06-21;3;16
0;ADN765;BJORN3TRI3_SCALE_2023-06-21_17_21;6.0;BJORN3TRI3_SCALE;2023-06-21;17;21
0;ADN254;BJORN3TRI3_SCALE_2023-06-22_11_38;9.0;BJORN3TRI3_SCALE;2023-06-22;11;38
0;ADN254;BJORN3TRI3_SCALE_2023-06-22_4_27;11.0;BJORN3TRI3_SCALE;2023-06-22;4;27
0;ADN254;BJORN3TRI3_SCALE_2023-06-22_9_34;12.0;BJORN3TRI3_SCALE;2023-06-22;9;34
0;ADN254;BJORN3TRI3_SCALE_2023-06-22_9_35;7.0;BJORN3TRI3_SCALE;2023-06-22;9;35
0;ADN181;BJORN3TRI3_SCALE_2023-06-22_7_31;154.0;BJORN3TRI3_SCALE;2023-06-22;7;31
0;ADN254;BJORN3TRI3_SCALE_2023-06-22_9_33;14.0;BJORN3TRI3_SCALE;2023-06-22;9;33
0;ADN254;BJORN3TRI3_SCALE_2023-06-22_9_36;3.0;BJORN3TRI3_SCALE;2023-06-22;9;36
0;ADN787;BJORN3TRI3_SCALE_2023-06-23_3_21;1.0;BJORN3TRI3_SCALE;2023-06-23;3;21
0;ADN181;BJORN3TRI3_SCALE_2023-06-23_9_23;9.0;BJORN3TRI3_SCALE;2023-06-23;9;23
0;ADN765;BJORN3TRI3_SCALE_2023-06-23_5_22;4.0;BJORN3TRI3_SCALE;2023-06-23;5;22
0;ADN254;BJORN3TRI3_SCALE_2023-06-24_13_33;5.0;BJORN3TRI3_SCALE;2023-06-24;13;33
0;ADN181;BJORN3TRI3_SCALE_2023-06-24_10_19;11.0;BJORN3TRI3_SCALE;2023-06-24;10;19
0;ADN765;BJORN3TRI3_SCALE_2023-06-24_13_24;23.0;BJORN3TRI3_SCALE;2023-06-24;13;24
0;ADN765;BJORN3TRI3_SCALE_2023-06-24_13_29;5.0;BJORN3TRI3_SCALE;2023-06-24;13;29
0;ADN765;BJORN3TRI3_SCALE_2023-06-24_9_17;65.0;BJORN3TRI3_SCALE;2023-06-24;9;17
0;ADN765;BJORN3TRI3_SCALE_2023-06-24_5_15;31.0;BJORN3TRI3_SCALE;2023-06-24;5;15
0;ADN765;BJORN3TRI3_SCALE_2023-06-24_8_16;45.0;BJORN3TRI3_SCALE;2023-06-24;8;16
0;ADN765;BJORN3TRI3_SCALE_2023-06-24_10_20;10.0;BJORN3TRI3_SCALE;2023-06-24;10;20
0;ADN765;BJORN3TRI3_SCALE_2023-06-24_13_26;3.0;BJORN3TRI3_SCALE;2023-06-24;13;26
0;ADN254;BJORN3TRI3_SCALE_2023-06-24_12_22;16.0;BJORN3TRI3_SCALE;2023-06-24;12;22
0;ADN765;BJORN3TRI3_SCALE_2023-06-24_13_27;4.0;BJORN3TRI3_SCALE;2023-06-24;13;27
0;ADN765;BJORN3TRI3_SCALE_2023-06-24_9_18;3.0;BJORN3TRI3_SCALE;2023-06-24;9;18
0;ADN765;BJORN3TRI3_SCALE_2023-06-24_13_32;53.0;BJORN3TRI3_SCALE;2023-06-24;13;32
0;ADN765;BJORN3TRI3_SCALE_2023-06-24_12_23;5.0;BJORN3TRI3_SCALE;2023-06-24;12;23
0;ADN254;BJORN3TRI3_SCALE_2023-06-25_13_17;60.0;BJORN3TRI3_SCALE;2023-06-25;13;17
0;ADE600;BJORN3TRI3_SCALE_2023-06-25_21_18;28.0;BJORN3TRI3_SCALE;2023-06-25;21;18
0;ADN765;BJORN3TRI3_SCALE_2023-06-26_6_35;32.0;BJORN3TRI3_SCALE;2023-06-26;6;35
0;ADN765;BJORN3TRI3_SCALE_2023-06-26_11_44;7.0;BJORN3TRI3_SCALE;2023-06-26;11;44
0;ADN765;BJORN3TRI3_SCALE_2023-06-26_11_39;10.0;BJORN3TRI3_SCALE;2023-06-26;11;39
0;ADN765;BJORN3TRI3_SCALE_2023-06-26_11_46;8.0;BJORN3TRI3_SCALE;2023-06-26;11;46
0;ADN765;BJORN3TRI3_SCALE_2023-06-26_6_36;14.0;BJORN3TRI3_SCALE;2023-06-26;6;36
0;ADN765;BJORN3TRI3_SCALE_2023-06-26_11_38;24.0;BJORN3TRI3_SCALE;2023-06-26;11;38
0;ADN765;BJORN3TRI3_SCALE_2023-06-26_11_40;3.0;BJORN3TRI3_SCALE;2023-06-26;11;40
0;ADN765;BJORN3TRI3_SCALE_2023-06-26_11_49;20.0;BJORN3TRI3_SCALE;2023-06-26;11;49
0;ADN254;BJORN3TRI3_SCALE_2023-06-26_10_37;16.0;BJORN3TRI3_SCALE;2023-06-26;10;37
0;ADN765;BJORN3TRI3_SCALE_2023-06-26_11_42;3.0;BJORN3TRI3_SCALE;2023-06-26;11;42
0;ADN765;BJORN3TRI3_SCALE_2023-06-27_19_49;11.0;BJORN3TRI3_SCALE;2023-06-27;19;49
0;ADN765;BJORN3TRI3_SCALE_2023-06-27_10_37;20.0;BJORN3TRI3_SCALE;2023-06-27;10;37
0;ADN765;BJORN3TRI3_SCALE_2023-06-27_19_50;21.0;BJORN3TRI3_SCALE;2023-06-27;19;50
0;ADN765;BJORN3TRI3_SCALE_2023-06-27_8_32;15.0;BJORN3TRI3_SCALE;2023-06-27;8;32
0;ADN765;BJORN3TRI3_SCALE_2023-06-27_20_54;18.0;BJORN3TRI3_SCALE;2023-06-27;20;54
0;ADN765;BJORN3TRI3_SCALE_2023-06-27_22_60;42.0;BJORN3TRI3_SCALE;2023-06-27;22;60
0;ADN765;BJORN3TRI3_SCALE_2023-06-27_21_59;8.0;BJORN3TRI3_SCALE;2023-06-27;21;59
0;ADN765;BJORN3TRI3_SCALE_2023-06-27_11_42;19.0;BJORN3TRI3_SCALE;2023-06-27;11;42
0;ADE018;BJORN3TRI3_SCALE_2023-06-27_20_56;1.0;BJORN3TRI3_SCALE;2023-06-27;20;56
0;ADN765;BJORN3TRI3_SCALE_2023-06-27_9_34;5.0;BJORN3TRI3_SCALE;2023-06-27;9;34
0;ADN765;BJORN3TRI3_SCALE_2023-06-27_12_45;44.0;BJORN3TRI3_SCALE;2023-06-27;12;45
0;ABV643;BJORN3TRI3_SCALE_2023-06-27_20_53;3.0;BJORN3TRI3_SCALE;2023-06-27;20;53
0;ADE600;BJORN3TRI3_SCALE_2023-06-27_6_30;9.0;BJORN3TRI3_SCALE;2023-06-27;6;30
0;ADN765;BJORN3TRI3_SCALE_2023-06-27_15_48;22.0;BJORN3TRI3_SCALE;2023-06-27;15;48
0;ADN765;BJORN3TRI3_SCALE_2023-06-27_13_46;107.0;BJORN3TRI3_SCALE;2023-06-27;13;46
0;ADN765;BJORN3TRI3_SCALE_2023-06-27_9_33;13.0;BJORN3TRI3_SCALE;2023-06-27;9;33
0;ADN765;BJORN3TRI3_SCALE_2023-06-27_9_35;13.0;BJORN3TRI3_SCALE;2023-06-27;9;35
0;ADN765;BJORN3TRI3_SCALE_2023-06-27_13_47;33.0;BJORN3TRI3_SCALE;2023-06-27;13;47
0;ADE018;BJORN3TRI3_SCALE_2023-06-27_11_40;22.0;BJORN3TRI3_SCALE;2023-06-27;11;40
0;ADN765;BJORN3TRI3_SCALE_2023-06-27_9_36;29.0;BJORN3TRI3_SCALE;2023-06-27;9;36
0;ADN765;BJORN3TRI3_SCALE_2023-06-27_19_52;49.0;BJORN3TRI3_SCALE;2023-06-27;19;52
0;ADN765;BJORN3TRI3_SCALE_2023-06-27_10_38;29.0;BJORN3TRI3_SCALE;2023-06-27;10;38
0;ADN765;BJORN3TRI3_SCALE_2023-06-27_11_39;44.0;BJORN3TRI3_SCALE;2023-06-27;11;39
0;ADN765;BJORN3TRI3_SCALE_2023-06-27_19_51;16.0;BJORN3TRI3_SCALE;2023-06-27;19;51
0;ADN765;BJORN3TRI3_SCALE_2023-06-27_20_57;16.0;BJORN3TRI3_SCALE;2023-06-27;20;57
0;ADN765;BJORN3TRI3_SCALE_2023-06-28_4_42;17.0;BJORN3TRI3_SCALE;2023-06-28;4;42
0;ADE018;BJORN3TRI3_SCALE_2023-06-28_5_45;6.0;BJORN3TRI3_SCALE;2023-06-28;5;45
0;ADE014;BJORN3TRI3_SCALE_2023-06-28_11_53;30.0;BJORN3TRI3_SCALE;2023-06-28;11;53
0;ADE018;BJORN3TRI3_SCALE_2023-06-28_5_43;2.0;BJORN3TRI3_SCALE;2023-06-28;5;43
0;ADE018;BJORN3TRI3_SCALE_2023-06-28_7_50;4.0;BJORN3TRI3_SCALE;2023-06-28;7;50
0;ADN765;BJORN3TRI3_SCALE_2023-06-28_3_41;11.0;BJORN3TRI3_SCALE;2023-06-28;3;41
0;ADN962;BJORN3TRI3_SCALE_2023-06-28_13_56;50.0;BJORN3TRI3_SCALE;2023-06-28;13;56
0;ADN765;BJORN3TRI3_SCALE_2023-06-28_5_44;3.0;BJORN3TRI3_SCALE;2023-06-28;5;44
0;ADN765;BJORN3TRI3_SCALE_2023-06-28_5_46;40.0;BJORN3TRI3_SCALE;2023-06-28;5;46
0;ADN765;BJORN3TRI3_SCALE_2023-06-28_6_47;28.0;BJORN3TRI3_SCALE;2023-06-28;6;47
0;ADE018;BJORN3TRI3_SCALE_2023-06-28_12_54;57.0;BJORN3TRI3_SCALE;2023-06-28;12;54
0;ADN765;BJORN3TRI3_SCALE_2023-06-29_15_28;8.0;BJORN3TRI3_SCALE;2023-06-29;15;28
0;ADN765;BJORN3TRI3_SCALE_2023-06-29_11_24;94.0;BJORN3TRI3_SCALE;2023-06-29;11;24
0;ADN765;BJORN3TRI3_SCALE_2023-06-29_10_20;8.0;BJORN3TRI3_SCALE;2023-06-29;10;20
0;ADN765;BJORN3TRI3_SCALE_2023-06-29_11_23;59.0;BJORN3TRI3_SCALE;2023-06-29;11;23
0;ADN765;BJORN3TRI3_SCALE_2023-06-29_12_26;35.0;BJORN3TRI3_SCALE;2023-06-29;12;26
0;ADE028;BJORN3TRI3_SCALE_2023-06-29_13_27;9.0;BJORN3TRI3_SCALE;2023-06-29;13;27
0;ADP795;BJORN3TRI3_SCALE_2023-06-30_17_49;7.0;BJORN3TRI3_SCALE;2023-06-30;17;49
0;ADS155;BJORN3TRI3_SCALE_2023-06-30_17_48;26.0;BJORN3TRI3_SCALE;2023-06-30;17;48
0;ADN765;BJORN3TRI3_SCALE_2023-06-30_4_42;12.0;BJORN3TRI3_SCALE;2023-06-30;4;42
0;ADN181;BJORN3TRI3_SCALE_2023-06-30_16_47;14.0;BJORN3TRI3_SCALE;2023-06-30;16;47
0;ADN765;BJORN3TRI3_SCALE_2023-06-30_4_41;32.0;BJORN3TRI3_SCALE;2023-06-30;4;41
0;ADN765;BJORN3TRI3_SCALE_2023-06-30_4_39;4.0;BJORN3TRI3_SCALE;2023-06-30;4;39
0;ADN765;BJORN3TRI3_SCALE_2023-06-30_12_46;20.0;BJORN3TRI3_SCALE;2023-06-30;12;46
0;ADE064;BJORN3TRI3_SCALE_2023-07-01_13_47;42.0;BJORN3TRI3_SCALE;2023-07-01;13;47
0;ADN765;BJORN3TRI3_SCALE_2023-07-01_8_38;2.0;BJORN3TRI3_SCALE;2023-07-01;8;38
0;ADN765;BJORN3TRI3_SCALE_2023-07-01_8_35;18.0;BJORN3TRI3_SCALE;2023-07-01;8;35
0;ADP352;BJORN3TRI3_SCALE_2023-07-01_3_27;14.0;BJORN3TRI3_SCALE;2023-07-01;3;27
0;ADE064;BJORN3TRI3_SCALE_2023-07-01_4_28;53.0;BJORN3TRI3_SCALE;2023-07-01;4;28
0;ADN765;BJORN3TRI3_SCALE_2023-07-01_8_36;7.0;BJORN3TRI3_SCALE;2023-07-01;8;36
0;ADN765;BJORN3TRI3_SCALE_2023-07-01_8_39;12.0;BJORN3TRI3_SCALE;2023-07-01;8;39
0;ADN765;BJORN3TRI3_SCALE_2023-07-01_8_34;10.0;BJORN3TRI3_SCALE;2023-07-01;8;34
0;ADN765;BJORN3TRI3_SCALE_2023-07-02_12_15;1.0;BJORN3TRI3_SCALE;2023-07-02;12;15
0;ADN765;BJORN3TRI3_SCALE_2023-07-02_13_17;12.0;BJORN3TRI3_SCALE;2023-07-02;13;17
0;ADN765;BJORN3TRI3_SCALE_2023-07-02_13_20;21.0;BJORN3TRI3_SCALE;2023-07-02;13;20
0;ADE064;BJORN3TRI3_SCALE_2023-07-02_14_22;2.0;BJORN3TRI3_SCALE;2023-07-02;14;22
0;ADN765;BJORN3TRI3_SCALE_2023-07-02_13_19;44.0;BJORN3TRI3_SCALE;2023-07-02;13;19
0;ADN765;BJORN3TRI3_SCALE_2023-07-02_16_24;16.0;BJORN3TRI3_SCALE;2023-07-02;16;24
0;ADN765;BJORN3TRI3_SCALE_2023-07-02_13_21;27.0;BJORN3TRI3_SCALE;2023-07-02;13;21
0;ADP930;BJORN3TRI3_SCALE_2023-07-02_5_14;14.0;BJORN3TRI3_SCALE;2023-07-02;5;14
0;ADN765;BJORN3TRI3_SCALE_2023-07-03_21_10;5.0;BJORN3TRI3_SCALE;2023-07-03;21;10
0;ADN765;BJORN3TRI3_SCALE_2023-07-04_6_22;16.0;BJORN3TRI3_SCALE;2023-07-04;6;22
0;ADN765;BJORN3TRI3_SCALE_2023-07-04_20_28;4.0;BJORN3TRI3_SCALE;2023-07-04;20;28
0;ADP790;BJORN3TRI3_SCALE_2023-07-04_5_20;68.0;BJORN3TRI3_SCALE;2023-07-04;5;20
0;ADP790;BJORN3TRI3_SCALE_2023-07-04_5_17;98.0;BJORN3TRI3_SCALE;2023-07-04;5;17
0;ADN765;BJORN3TRI3_SCALE_2023-07-04_9_24;70.0;BJORN3TRI3_SCALE;2023-07-04;9;24
0;ADS248;BJORN3TRI3_SCALE_2023-07-04_5_19;8.0;BJORN3TRI3_SCALE;2023-07-04;5;19
0;ADP790;BJORN3TRI3_SCALE_2023-07-04_5_18;6.0;BJORN3TRI3_SCALE;2023-07-04;5;18
0;ADL483;BJORN3TRI3_SCALE_2023-07-05_17_33;44.0;BJORN3TRI3_SCALE;2023-07-05;17;33
0;ADN794;BJORN3TRI3_SCALE_2023-07-05_13_32;13.0;BJORN3TRI3_SCALE;2023-07-05;13;32
0;ADL483;BJORN3TRI3_SCALE_2023-07-05_18_34;20.0;BJORN3TRI3_SCALE;2023-07-05;18;34
0;ADK434;BJORN3TRI3_SCALE_2023-07-06_18_22;9.0;BJORN3TRI3_SCALE;2023-07-06;18;22
0;ADN931;BJORN3TRI3_SCALE_2023-07-06_7_19;24.0;BJORN3TRI3_SCALE;2023-07-06;7;19
0;ADK434;BJORN3TRI3_SCALE_2023-07-06_18_21;28.0;BJORN3TRI3_SCALE;2023-07-06;18;21
0;ADN765;BJORN3TRI3_SCALE_2023-07-06_6_18;5.0;BJORN3TRI3_SCALE;2023-07-06;6;18
0;ADP783;BJORN3TRI3_SCALE_2023-07-06_12_20;8.0;BJORN3TRI3_SCALE;2023-07-06;12;20
0;ADK434;BJORN3TRI3_SCALE_2023-07-06_22_36;15.0;BJORN3TRI3_SCALE;2023-07-06;22;36
0;ADN765;BJORN3TRI3_SCALE_2023-07-06_3_15;35.0;BJORN3TRI3_SCALE;2023-07-06;3;15
0;ADR940;BJORN3TRI3_SCALE_2023-07-06_21_26;2.0;BJORN3TRI3_SCALE;2023-07-06;21;26
0;ADN765;BJORN3TRI3_SCALE_2023-07-06_20_23;50.0;BJORN3TRI3_SCALE;2023-07-06;20;23
0;ADK434;BJORN3TRI3_SCALE_2023-07-06_21_31;25.0;BJORN3TRI3_SCALE;2023-07-06;21;31
0;ADN765;BJORN3TRI3_SCALE_2023-07-06_6_17;24.0;BJORN3TRI3_SCALE;2023-07-06;6;17
0;ADE290;BJORN3TRI3_SCALE_2023-07-07_18_24;4.0;BJORN3TRI3_SCALE;2023-07-07;18;24
0;ADN765;BJORN3TRI3_SCALE_2023-07-08_11_20;18.0;BJORN3TRI3_SCALE;2023-07-08;11;20
0;ADN765;BJORN3TRI3_SCALE_2023-07-08_7_18;10.0;BJORN3TRI3_SCALE;2023-07-08;7;18
0;ADN765;BJORN3TRI3_SCALE_2023-07-08_20_22;23.0;BJORN3TRI3_SCALE;2023-07-08;20;22
0;ADN765;BJORN3TRI3_SCALE_2023-07-08_5_17;56.0;BJORN3TRI3_SCALE;2023-07-08;5;17
0;ADN765;BJORN3TRI3_SCALE_2023-07-09_6_20;10.0;BJORN3TRI3_SCALE;2023-07-09;6;20
0;ADN765;BJORN3TRI3_SCALE_2023-07-09_4_19;33.0;BJORN3TRI3_SCALE;2023-07-09;4;19
0;ADN181;BJORN3TRI3_SCALE_2023-07-10_6_07;25.0;BJORN3TRI3_SCALE;2023-07-10;6;7
0;ADN765;BJORN3TRI3_SCALE_2023-07-10_9_10;18.0;BJORN3TRI3_SCALE;2023-07-10;9;10
0;ADN765;BJORN3TRI3_SCALE_2023-07-11_5_09;13.0;BJORN3TRI3_SCALE;2023-07-11;5;9
0;ABV643;BJORN3TRI3_SCALE_2023-07-12_17_08;3.0;BJORN3TRI3_SCALE;2023-07-12;17;8
0;ABV643;BJORN3TRI3_SCALE_2023-07-12_15_07;15.0;BJORN3TRI3_SCALE;2023-07-12;15;7
0;ADG599;BJORN3TRI3_SCALE_2023-07-12_19_09;12.0;BJORN3TRI3_SCALE;2023-07-12;19;9
0;ADP790;BJORN3TRI3_SCALE_2023-07-13_6_11;37.0;BJORN3TRI3_SCALE;2023-07-13;6;11
0;ADP799;BJORN3TRI3_SCALE_2023-07-14_9_23;12.0;BJORN3TRI3_SCALE;2023-07-14;9;23
0;ADP799;BJORN3TRI3_SCALE_2023-07-14_10_24;31.0;BJORN3TRI3_SCALE;2023-07-14;10;24
0;ADP799;BJORN3TRI3_SCALE_2023-07-14_21_28;19.0;BJORN3TRI3_SCALE;2023-07-14;21;28
0;ABV643;BJORN3TRI3_SCALE_2023-07-15_4_02;7.0;BJORN3TRI3_SCALE;2023-07-15;4;2
0;ADE056;BJORN3TRI3_SCALE_2023-07-15_9_03;29.0;BJORN3TRI3_SCALE;2023-07-15;9;3
0;ADE056;BJORN3TRI3_SCALE_2023-07-15_12_05;13.0;BJORN3TRI3_SCALE;2023-07-15;12;5
0;ADP790;BJORN3TRI3_SCALE_2023-07-15_9_04;34.0;BJORN3TRI3_SCALE;2023-07-15;9;4
0;ADN765;BJORN3TRI3_SCALE_2023-07-16_20_17;25.0;BJORN3TRI3_SCALE;2023-07-16;20;17
0;ADN765;BJORN3TRI3_SCALE_2023-07-16_20_15;2.0;BJORN3TRI3_SCALE;2023-07-16;20;15
0;ADN765;BJORN3TRI3_SCALE_2023-07-16_11_13;15.0;BJORN3TRI3_SCALE;2023-07-16;11;13
0;ADE018;BJORN3TRI3_SCALE_2023-07-16_8_12;3.0;BJORN3TRI3_SCALE;2023-07-16;8;12
0;ADP799;BJORN3TRI3_SCALE_2023-07-17_11_13;3.0;BJORN3TRI3_SCALE;2023-07-17;11;13
0;ADJ905;BJORN3TRI3_SCALE_2023-07-18_6_19;1.0;BJORN3TRI3_SCALE;2023-07-18;6;19
0;ADJ905;BJORN3TRI3_SCALE_2023-07-18_6_21;13.0;BJORN3TRI3_SCALE;2023-07-18;6;21
0;ADJ905;BJORN3TRI3_SCALE_2023-07-18_6_20;19.0;BJORN3TRI3_SCALE;2023-07-18;6;20
0;ADJ905;BJORN3TRI3_SCALE_2023-07-18_6_18;1.0;BJORN3TRI3_SCALE;2023-07-18;6;18
0;ADJ905;BJORN3TRI3_SCALE_2023-07-18_7_23;56.0;BJORN3TRI3_SCALE;2023-07-18;7;23
0;ADJ905;BJORN3TRI3_SCALE_2023-07-18_7_22;2.0;BJORN3TRI3_SCALE;2023-07-18;7;22
0;ADP272;BJORN3TRI3_SCALE_2023-07-19_14_29;13.0;BJORN3TRI3_SCALE;2023-07-19;14;29
0;ADP272;BJORN3TRI3_SCALE_2023-07-19_12_27;18.0;BJORN3TRI3_SCALE;2023-07-19;12;27
0;ABV360;BJORN3TRI3_SCALE_2023-07-19_6_24;5.0;BJORN3TRI3_SCALE;2023-07-19;6;24
0;ADR790;BJORN3TRI3_SCALE_2023-07-20_6_16;26.0;BJORN3TRI3_SCALE;2023-07-20;6;16
0;ADN997;BJORN3TRI3_SCALE_2023-07-20_8_17;6.0;BJORN3TRI3_SCALE;2023-07-20;8;17
0;ADN765;BJORN3TRI3_SCALE_2024-05-11_16_18;49.0;BJORN3TRI3_SCALE;2024-05-11;16;18
0;ADN995;BJORN3TRI3_SCALE_2024-05-11_19_20;1.0;BJORN3TRI3_SCALE;2024-05-11;19;20
0;ADN765;BJORN3TRI3_SCALE_2024-05-12_7_05;3.0;BJORN3TRI3_SCALE;2024-05-12;7;5
0;ADN765;BJORN3TRI3_SCALE_2024-05-12_6_03;1.0;BJORN3TRI3_SCALE;2024-05-12;6;3
0;ADN765;BJORN3TRI3_SCALE_2024-05-12_6_02;1.0;BJORN3TRI3_SCALE;2024-05-12;6;2
0;ADN765;BJORN3TRI3_SCALE_2024-05-12_8_06;17.0;BJORN3TRI3_SCALE;2024-05-12;8;6
0;ADN765;BJORN3TRI3_SCALE_2024-05-12_9_08;4.0;BJORN3TRI3_SCALE;2024-05-12;9;8
0;ADN765;BJORN3TRI3_SCALE_2024-05-12_9_07;48.0;BJORN3TRI3_SCALE;2024-05-12;9;7
0;ADN765;BJORN3TRI3_SCALE_2024-05-13_10_02;14.0;BJORN3TRI3_SCALE;2024-05-13;10;2
0;ADN765;BJORN3TRI3_SCALE_2024-05-13_12_03;15.0;BJORN3TRI3_SCALE;2024-05-13;12;3
0;ADN765;BJORN3TRI3_SCALE_2024-05-13_12_04;42.0;BJORN3TRI3_SCALE;2024-05-13;12;4
0;ADN765;BJORN3TRI3_SCALE_2024-05-13_6_01;39.0;BJORN3TRI3_SCALE;2024-05-13;6;1
0;ADN765;BJORN3TRI3_SCALE_2024-05-15_14_03;22.0;BJORN3TRI3_SCALE;2024-05-15;14;3
0;ADN765;BJORN3TRI3_SCALE_2024-05-15_12_02;1.0;BJORN3TRI3_SCALE;2024-05-15;12;2
0;ADN765;BJORN3TRI3_SCALE_2024-05-17_6_03;49.0;BJORN3TRI3_SCALE;2024-05-17;6;3
0;ADE600;BJORN3TRI3_SCALE_2024-05-18_18_03;6.0;BJORN3TRI3_SCALE;2024-05-18;18;3
0;ADE009;BJORN3TRI3_SCALE_2024-05-18_20_04;10.0;BJORN3TRI3_SCALE;2024-05-18;20;4
0;ADN765;BJORN3TRI3_SCALE_2024-05-19_8_03;20.0;BJORN3TRI3_SCALE;2024-05-19;8;3
0;ADP787;BJORN3TRI3_SCALE_2024-05-19_19_04;31.0;BJORN3TRI3_SCALE;2024-05-19;19;4
0;ADN765;BJORN3TRI3_SCALE_2024-05-20_16_08;13.0;BJORN3TRI3_SCALE;2024-05-20;16;8
0;ADE600;BJORN3TRI3_SCALE_2024-05-20_4_04;15.0;BJORN3TRI3_SCALE;2024-05-20;4;4
0;ADN765;BJORN3TRI3_SCALE_2024-05-20_7_05;23.0;BJORN3TRI3_SCALE;2024-05-20;7;5
0;ADE009;BJORN3TRI3_SCALE_2024-05-20_3_03;7.0;BJORN3TRI3_SCALE;2024-05-20;3;3
0;ADE012;BJORN3TRI3_SCALE_2024-05-21_20_05;21.0;BJORN3TRI3_SCALE;2024-05-21;20;5
0;ADN765;BJORN3TRI3_SCALE_2024-05-21_8_02;12.0;BJORN3TRI3_SCALE;2024-05-21;8;2
0;ADN765;BJORN3TRI3_SCALE_2024-05-22_6_02;5.0;BJORN3TRI3_SCALE;2024-05-22;6;2
0;ADN765;BJORN3TRI3_SCALE_2024-05-23_17_07;85.0;BJORN3TRI3_SCALE;2024-05-23;17;7
0;ADN765;BJORN3TRI3_SCALE_2024-05-23_17_05;34.0;BJORN3TRI3_SCALE;2024-05-23;17;5
0;ADN765;BJORN3TRI3_SCALE_2024-05-23_18_09;12.0;BJORN3TRI3_SCALE;2024-05-23;18;9
0;ADN765;BJORN3TRI3_SCALE_2024-05-24_18_10;4.0;BJORN3TRI3_SCALE;2024-05-24;18;10
0;ADN765;BJORN3TRI3_SCALE_2024-05-24_19_11;22.0;BJORN3TRI3_SCALE;2024-05-24;19;11
0;ADN765;BJORN3TRI3_SCALE_2024-05-25_6_07;11.0;BJORN3TRI3_SCALE;2024-05-25;6;7
0;ADN765;BJORN3TRI3_SCALE_2024-05-25_4_05;12.0;BJORN3TRI3_SCALE;2024-05-25;4;5
0;ADN765;BJORN3TRI3_SCALE_2024-05-25_3_01;4.0;BJORN3TRI3_SCALE;2024-05-25;3;1
0;ADN765;BJORN3TRI3_SCALE_2024-05-25_9_08;9.0;BJORN3TRI3_SCALE;2024-05-25;9;8
0;ADP272;BJORN3TRI3_SCALE_2024-05-26_16_13;14.0;BJORN3TRI3_SCALE;2024-05-26;16;13
0;ADE009;BJORN3TRI3_SCALE_2024-05-26_19_15;12.0;BJORN3TRI3_SCALE;2024-05-26;19;15
0;ADN765;BJORN3TRI3_SCALE_2024-05-26_5_05;12.0;BJORN3TRI3_SCALE;2024-05-26;5;5
0;ADN765;BJORN3TRI3_SCALE_2024-05-26_10_11;16.0;BJORN3TRI3_SCALE;2024-05-26;10;11
0;ADE009;BJORN3TRI3_SCALE_2024-05-26_17_14;6.0;BJORN3TRI3_SCALE;2024-05-26;17;14
0;ADN765;BJORN3TRI3_SCALE_2024-05-27_10_06;11.0;BJORN3TRI3_SCALE;2024-05-27;10;6
0;ADN765;BJORN3TRI3_SCALE_2024-05-27_14_08;45.0;BJORN3TRI3_SCALE;2024-05-27;14;8
0;ADN765;BJORN3TRI3_SCALE_2024-05-28_6_14;24.0;BJORN3TRI3_SCALE;2024-05-28;6;14
0;ADN765;BJORN3TRI3_SCALE_2024-05-28_4_05;23.0;BJORN3TRI3_SCALE;2024-05-28;4;5
0;ADN765;BJORN3TRI3_SCALE_2024-05-28_8_20;9.0;BJORN3TRI3_SCALE;2024-05-28;8;20
0;ADN765;BJORN3TRI3_SCALE_2024-05-28_4_04;11.0;BJORN3TRI3_SCALE;2024-05-28;4;4
0;ADN765;BJORN3TRI3_SCALE_2024-05-28_6_13;11.0;BJORN3TRI3_SCALE;2024-05-28;6;13
0;ADN765;BJORN3TRI3_SCALE_2024-05-28_9_21;2.0;BJORN3TRI3_SCALE;2024-05-28;9;21
0;ADN765;BJORN3TRI3_SCALE_2024-05-28_9_23;13.0;BJORN3TRI3_SCALE;2024-05-28;9;23
0;ADN765;BJORN3TRI3_SCALE_2024-05-28_6_12;16.0;BJORN3TRI3_SCALE;2024-05-28;6;12
0;ADN765;BJORN3TRI3_SCALE_2024-05-28_4_06;7.0;BJORN3TRI3_SCALE;2024-05-28;4;6
0;ADN765;BJORN3TRI3_SCALE_2024-05-28_4_07;59.0;BJORN3TRI3_SCALE;2024-05-28;4;7
0;ADN765;BJORN3TRI3_SCALE_2024-05-28_12_26;10.0;BJORN3TRI3_SCALE;2024-05-28;12;26
0;ADN765;BJORN3TRI3_SCALE_2024-05-28_5_11;16.0;BJORN3TRI3_SCALE;2024-05-28;5;11
0;ADN765;BJORN3TRI3_SCALE_2024-05-28_5_10;4.0;BJORN3TRI3_SCALE;2024-05-28;5;10
0;ADN765;BJORN3TRI3_SCALE_2024-05-28_10_24;3.0;BJORN3TRI3_SCALE;2024-05-28;10;24
0;ADN765;BJORN3TRI3_SCALE_2024-05-28_8_18;4.0;BJORN3TRI3_SCALE;2024-05-28;8;18
0;ADN765;BJORN3TRI3_SCALE_2024-05-28_4_08;39.0;BJORN3TRI3_SCALE;2024-05-28;4;8
0;ADN765;BJORN3TRI3_SCALE_2024-05-28_7_15;6.0;BJORN3TRI3_SCALE;2024-05-28;7;15
0;ADN765;BJORN3TRI3_SCALE_2024-05-28_9_22;5.0;BJORN3TRI3_SCALE;2024-05-28;9;22
0;ADN765;BJORN3TRI3_SCALE_2024-05-28_4_09;6.0;BJORN3TRI3_SCALE;2024-05-28;4;9
0;ADN765;BJORN3TRI3_SCALE_2024-05-28_8_17;11.0;BJORN3TRI3_SCALE;2024-05-28;8;17
0;ADN765;BJORN3TRI3_SCALE_2024-05-29_12_10;28.0;BJORN3TRI3_SCALE;2024-05-29;12;10
0;ADN765;BJORN3TRI3_SCALE_2024-05-29_13_11;12.0;BJORN3TRI3_SCALE;2024-05-29;13;11
0;ADN765;BJORN3TRI3_SCALE_2024-05-29_10_09;9.0;BJORN3TRI3_SCALE;2024-05-29;10;9
0;ADN765;BJORN3TRI3_SCALE_2024-05-29_3_04;9.0;BJORN3TRI3_SCALE;2024-05-29;3;4
0;ADN765;BJORN3TRI3_SCALE_2024-05-29_10_08;9.0;BJORN3TRI3_SCALE;2024-05-29;10;8
0;ADN765;BJORN3TRI3_SCALE_2024-05-29_4_06;22.0;BJORN3TRI3_SCALE;2024-05-29;4;6
0;ADN765;BJORN3TRI3_SCALE_2024-05-29_6_07;12.0;BJORN3TRI3_SCALE;2024-05-29;6;7
0;ADN765;BJORN3TRI3_SCALE_2024-05-29_4_05;20.0;BJORN3TRI3_SCALE;2024-05-29;4;5
0;ADP793;BJORN3TRI3_SCALE_2024-05-30_20_08;55.0;BJORN3TRI3_SCALE;2024-05-30;20;8
0;ADP793;BJORN3TRI3_SCALE_2024-05-30_20_09;11.0;BJORN3TRI3_SCALE;2024-05-30;20;9
0;ADN765;BJORN3TRI3_SCALE_2024-05-30_3_02;9.0;BJORN3TRI3_SCALE;2024-05-30;3;2
0;ADN765;BJORN3TRI3_SCALE_2024-05-30_5_03;6.0;BJORN3TRI3_SCALE;2024-05-30;5;3
0;ADN763;BJORN3TRI3_SCALE_2024-05-30_20_10;20.0;BJORN3TRI3_SCALE;2024-05-30;20;10
0;ADN765;BJORN3TRI3_SCALE_2024-05-30_6_04;13.0;BJORN3TRI3_SCALE;2024-05-30;6;4
0;ADN765;BJORN3TRI3_SCALE_2024-05-31_4_04;22.0;BJORN3TRI3_SCALE;2024-05-31;4;4
0;ADN765;BJORN3TRI3_SCALE_2024-05-31_4_03;7.0;BJORN3TRI3_SCALE;2024-05-31;4;3
0;ADN765;BJORN3TRI3_SCALE_2024-05-31_4_02;5.0;BJORN3TRI3_SCALE;2024-05-31;4;2
0;ADP799;BJORN3TRI3_SCALE_2024-06-01_19_12;18.0;BJORN3TRI3_SCALE;2024-06-01;19;12
0;ADP787;BJORN3TRI3_SCALE_2024-06-01_22_16;8.0;BJORN3TRI3_SCALE;2024-06-01;22;16
0;ADP799;BJORN3TRI3_SCALE_2024-06-01_19_11;2.0;BJORN3TRI3_SCALE;2024-06-01;19;11
0;ADP799;BJORN3TRI3_SCALE_2024-06-01_15_09;50.0;BJORN3TRI3_SCALE;2024-06-01;15;9
0;ADN765;BJORN3TRI3_SCALE_2024-06-01_5_05;21.0;BJORN3TRI3_SCALE;2024-06-01;5;5
0;ADP799;BJORN3TRI3_SCALE_2024-06-01_19_10;18.0;BJORN3TRI3_SCALE;2024-06-01;19;10
0;ADN765;BJORN3TRI3_SCALE_2024-06-01_4_03;9.0;BJORN3TRI3_SCALE;2024-06-01;4;3
0;ADP799;BJORN3TRI3_SCALE_2024-06-01_20_13;170.0;BJORN3TRI3_SCALE;2024-06-01;20;13
0;ADP799;BJORN3TRI3_SCALE_2024-06-02_11_10;1.0;BJORN3TRI3_SCALE;2024-06-02;11;10
0;ADN765;BJORN3TRI3_SCALE_2024-06-02_14_13;18.0;BJORN3TRI3_SCALE;2024-06-02;14;13
0;ADP793;BJORN3TRI3_SCALE_2024-06-02_20_15;21.0;BJORN3TRI3_SCALE;2024-06-02;20;15
0;ADP793;BJORN3TRI3_SCALE_2024-06-02_20_16;32.0;BJORN3TRI3_SCALE;2024-06-02;20;16
0;ADP793;BJORN3TRI3_SCALE_2024-06-02_20_17;5.0;BJORN3TRI3_SCALE;2024-06-02;20;17
0;ADN763;BJORN3TRI3_SCALE_2024-06-03_19_22;33.0;BJORN3TRI3_SCALE;2024-06-03;19;22
0;ADN765;BJORN3TRI3_SCALE_2024-06-03_17_16;10.0;BJORN3TRI3_SCALE;2024-06-03;17;16
0;ADN763;BJORN3TRI3_SCALE_2024-06-03_18_20;33.0;BJORN3TRI3_SCALE;2024-06-03;18;20
0;ADN763;BJORN3TRI3_SCALE_2024-06-03_15_12;15.0;BJORN3TRI3_SCALE;2024-06-03;15;12
0;ADN763;BJORN3TRI3_SCALE_2024-06-03_15_14;9.0;BJORN3TRI3_SCALE;2024-06-03;15;14
0;ADN763;BJORN3TRI3_SCALE_2024-06-03_19_21;25.0;BJORN3TRI3_SCALE;2024-06-03;19;21
0;ADN765;BJORN3TRI3_SCALE_2024-06-03_14_11;8.0;BJORN3TRI3_SCALE;2024-06-03;14;11
0;ADN765;BJORN3TRI3_SCALE_2024-06-03_15_13;18.0;BJORN3TRI3_SCALE;2024-06-03;15;13
0;ADN765;BJORN3TRI3_SCALE_2024-06-03_16_15;16.0;BJORN3TRI3_SCALE;2024-06-03;16;15
0;ADP597;BJORN3TRI3_SCALE_2024-06-03_8_04;36.0;BJORN3TRI3_SCALE;2024-06-03;8;4
0;ADN765;BJORN3TRI3_SCALE_2024-06-05_20_36;29.0;BJORN3TRI3_SCALE;2024-06-05;20;36
0;ADN763;BJORN3TRI3_SCALE_2024-06-05_8_05;8.0;BJORN3TRI3_SCALE;2024-06-05;8;5
0;ADP867;BJORN3TRI3_SCALE_2024-06-05_3_03;13.0;BJORN3TRI3_SCALE;2024-06-05;3;3
0;ADN765;BJORN3TRI3_SCALE_2024-06-05_20_35;26.0;BJORN3TRI3_SCALE;2024-06-05;20;35
0;ADP708;BJORN3TRI3_SCALE_2024-06-05_20_37;31.0;BJORN3TRI3_SCALE;2024-06-05;20;37
0;ADP867;BJORN3TRI3_SCALE_2024-06-05_14_18;21.0;BJORN3TRI3_SCALE;2024-06-05;14;18
0;ADN765;BJORN3TRI3_SCALE_2024-06-05_20_33;18.0;BJORN3TRI3_SCALE;2024-06-05;20;33
0;ADP793;BJORN3TRI3_SCALE_2024-06-05_12_11;7.0;BJORN3TRI3_SCALE;2024-06-05;12;11
0;ADN765;BJORN3TRI3_SCALE_2024-06-05_16_23;6.0;BJORN3TRI3_SCALE;2024-06-05;16;23
0;ADN765;BJORN3TRI3_SCALE_2024-06-05_16_25;4.0;BJORN3TRI3_SCALE;2024-06-05;16;25
0;ADN765;BJORN3TRI3_SCALE_2024-06-05_13_12;10.0;BJORN3TRI3_SCALE;2024-06-05;13;12
0;ADN765;BJORN3TRI3_SCALE_2024-06-05_13_16;9.0;BJORN3TRI3_SCALE;2024-06-05;13;16
0;ADN765;BJORN3TRI3_SCALE_2024-06-05_13_15;14.0;BJORN3TRI3_SCALE;2024-06-05;13;15
0;ADP708;BJORN3TRI3_SCALE_2024-06-05_20_38;20.0;BJORN3TRI3_SCALE;2024-06-05;20;38
0;ADP302;BJORN3TRI3_SCALE_2024-06-05_9_08;1.0;BJORN3TRI3_SCALE;2024-06-05;9;8
0;ADN765;BJORN3TRI3_SCALE_2024-06-05_17_27;16.0;BJORN3TRI3_SCALE;2024-06-05;17;27
0;ADE010;BJORN3TRI3_SCALE_2024-06-05_16_21;7.0;BJORN3TRI3_SCALE;2024-06-05;16;21
0;ADE019;BJORN3TRI3_SCALE_2024-06-05_20_32;1.0;BJORN3TRI3_SCALE;2024-06-05;20;32
0;ADE019;BJORN3TRI3_SCALE_2024-06-05_19_28;13.0;BJORN3TRI3_SCALE;2024-06-05;19;28
0;ADN765;BJORN3TRI3_SCALE_2024-06-05_20_34;13.0;BJORN3TRI3_SCALE;2024-06-05;20;34
0;ADL483;BJORN3TRI3_SCALE_2024-06-05_8_06;51.0;BJORN3TRI3_SCALE;2024-06-05;8;6
0;ADE019;BJORN3TRI3_SCALE_2024-06-05_20_31;1.0;BJORN3TRI3_SCALE;2024-06-05;20;31
0;ADR098;BJORN3TRI3_SCALE_2024-06-05_15_19;3.0;BJORN3TRI3_SCALE;2024-06-05;15;19
0;ADN765;BJORN3TRI3_SCALE_2024-06-06_9_15;5.0;BJORN3TRI3_SCALE;2024-06-06;9;15
0;ABE019;BJORN3TRI3_SCALE_2024-06-06_7_11;1.0;BJORN3TRI3_SCALE;2024-06-06;7;11
0;ADN765;BJORN3TRI3_SCALE_2024-06-06_3_09;11.0;BJORN3TRI3_SCALE;2024-06-06;3;9
0;ADN765;BJORN3TRI3_SCALE_2024-06-06_12_21;13.0;BJORN3TRI3_SCALE;2024-06-06;12;21
0;ADL483;BJORN3TRI3_SCALE_2024-06-06_3_10;25.0;BJORN3TRI3_SCALE;2024-06-06;3;10
0;ADX406;BJORN3TRI3_SCALE_2024-06-06_8_14;6.0;BJORN3TRI3_SCALE;2024-06-06;8;14
0;ADP272;BJORN3TRI3_SCALE_2024-06-06_10_16;30.0;BJORN3TRI3_SCALE;2024-06-06;10;16
0;ADR973;BJORN3TRI3_SCALE_2024-06-06_7_12;52.0;BJORN3TRI3_SCALE;2024-06-06;7;12
0;ADS315;BJORN3TRI3_SCALE_2024-06-07_21_27;23.0;BJORN3TRI3_SCALE;2024-06-07;21;27
0;ADE019;BJORN3TRI3_SCALE_2024-06-07_14_12;8.0;BJORN3TRI3_SCALE;2024-06-07;14;12
0;ADN765;BJORN3TRI3_SCALE_2024-06-07_17_16;9.0;BJORN3TRI3_SCALE;2024-06-07;17;16
0;ADN765;BJORN3TRI3_SCALE_2024-06-07_11_11;10.0;BJORN3TRI3_SCALE;2024-06-07;11;11
0;ADN765;BJORN3TRI3_SCALE_2024-06-07_17_17;8.0;BJORN3TRI3_SCALE;2024-06-07;17;17
0;ADN765;BJORN3TRI3_SCALE_2024-06-07_16_13;6.0;BJORN3TRI3_SCALE;2024-06-07;16;13
0;ADP787;BJORN3TRI3_SCALE_2024-06-07_21_26;2.0;BJORN3TRI3_SCALE;2024-06-07;21;26
0;ADR098;BJORN3TRI3_SCALE_2024-06-07_6_04;25.0;BJORN3TRI3_SCALE;2024-06-07;6;4
0;ADN765;BJORN3TRI3_SCALE_2024-06-07_18_19;20.0;BJORN3TRI3_SCALE;2024-06-07;18;19
0;ADN765;BJORN3TRI3_SCALE_2024-06-07_21_25;5.0;BJORN3TRI3_SCALE;2024-06-07;21;25
0;ADX341;BJORN3TRI3_SCALE_2024-06-07_3_03;23.0;BJORN3TRI3_SCALE;2024-06-07;3;3
0;ADN765;BJORN3TRI3_SCALE_2024-06-07_17_14;6.0;BJORN3TRI3_SCALE;2024-06-07;17;14
0;ADN765;BJORN3TRI3_SCALE_2024-06-08_9_23;3.0;BJORN3TRI3_SCALE;2024-06-08;9;23
0;ADE019;BJORN3TRI3_SCALE_2024-06-08_9_22;2.0;BJORN3TRI3_SCALE;2024-06-08;9;22
0;ADN765;BJORN3TRI3_SCALE_2024-06-08_3_09;16.0;BJORN3TRI3_SCALE;2024-06-08;3;9
0;ADK780;BJORN3TRI3_SCALE_2024-06-08_19_28;7.0;BJORN3TRI3_SCALE;2024-06-08;19;28
0;ADJ922;BJORN3TRI3_SCALE_2024-06-08_10_25;4.0;BJORN3TRI3_SCALE;2024-06-08;10;25
0;ADN765;BJORN3TRI3_SCALE_2024-06-08_4_13;1.0;BJORN3TRI3_SCALE;2024-06-08;4;13
0;ADP782;BJORN3TRI3_SCALE_2024-06-08_12_26;15.0;BJORN3TRI3_SCALE;2024-06-08;12;26
0;ADN765;BJORN3TRI3_SCALE_2024-06-08_5_17;2.0;BJORN3TRI3_SCALE;2024-06-08;5;17
0;ADX833;BJORN3TRI3_SCALE_2024-06-08_3_08;19.0;BJORN3TRI3_SCALE;2024-06-08;3;8
0;ADP867;BJORN3TRI3_SCALE_2024-06-08_7_20;43.0;BJORN3TRI3_SCALE;2024-06-08;7;20
0;ADN765;BJORN3TRI3_SCALE_2024-06-08_20_29;4.0;BJORN3TRI3_SCALE;2024-06-08;20;29
0;ADJ922;BJORN3TRI3_SCALE_2024-06-08_18_27;3.0;BJORN3TRI3_SCALE;2024-06-08;18;27
0;ADN823;BJORN3TRI3_SCALE_2024-06-09_20_58;22.0;BJORN3TRI3_SCALE;2024-06-09;20;58
0;ADE076;BJORN3TRI3_SCALE_2024-06-09_6_34;34.0;BJORN3TRI3_SCALE;2024-06-09;6;34
0;ADP782;BJORN3TRI3_SCALE_2024-06-09_7_37;35.0;BJORN3TRI3_SCALE;2024-06-09;7;37
0;ADN765;BJORN3TRI3_SCALE_2024-06-09_3_29;5.0;BJORN3TRI3_SCALE;2024-06-09;3;29
0;ADN765;BJORN3TRI3_SCALE_2024-06-09_3_30;9.0;BJORN3TRI3_SCALE;2024-06-09;3;30
0;ADX341;BJORN3TRI3_SCALE_2024-06-09_5_33;35.0;BJORN3TRI3_SCALE;2024-06-09;5;33
0;ABE012;BJORN3TRI3_SCALE_2024-06-09_18_56;1.0;BJORN3TRI3_SCALE;2024-06-09;18;56
0;ADS214;BJORN3TRI3_SCALE_2024-06-09_18_55;20.0;BJORN3TRI3_SCALE;2024-06-09;18;55
0;ADP652;BJORN3TRI3_SCALE_2024-06-09_9_43;13.0;BJORN3TRI3_SCALE;2024-06-09;9;43
0;ADX341;BJORN3TRI3_SCALE_2024-06-09_6_36;1.0;BJORN3TRI3_SCALE;2024-06-09;6;36
0;ADR234;BJORN3TRI3_SCALE_2024-06-09_9_45;9.0;BJORN3TRI3_SCALE;2024-06-09;9;45
0;ADR477;BJORN3TRI3_SCALE_2024-06-10_16_20;73.0;BJORN3TRI3_SCALE;2024-06-10;16;20
0;ADR477;BJORN3TRI3_SCALE_2024-06-10_17_21;28.0;BJORN3TRI3_SCALE;2024-06-10;17;21
0;ADN765;BJORN3TRI3_SCALE_2024-06-10_19_29;14.0;BJORN3TRI3_SCALE;2024-06-10;19;29
0;ADN765;BJORN3TRI3_SCALE_2024-06-10_20_30;15.0;BJORN3TRI3_SCALE;2024-06-10;20;30
0;ADP799;BJORN3TRI3_SCALE_2024-06-10_18_25;1.0;BJORN3TRI3_SCALE;2024-06-10;18;25
0;ADL483;BJORN3TRI3_SCALE_2024-06-10_5_12;10.0;BJORN3TRI3_SCALE;2024-06-10;5;12
0;ADN765;BJORN3TRI3_SCALE_2024-06-10_4_10;19.0;BJORN3TRI3_SCALE;2024-06-10;4;10
0;ADR477;BJORN3TRI3_SCALE_2024-06-10_13_19;34.0;BJORN3TRI3_SCALE;2024-06-10;13;19
0;ADN765;BJORN3TRI3_SCALE_2024-06-10_18_28;21.0;BJORN3TRI3_SCALE;2024-06-10;18;28
0;ADN765;BJORN3TRI3_SCALE_2024-06-11_4_13;12.0;BJORN3TRI3_SCALE;2024-06-11;4;13
0;ADN765;BJORN3TRI3_SCALE_2024-06-11_4_14;1.0;BJORN3TRI3_SCALE;2024-06-11;4;14
0;ADP799;BJORN3TRI3_SCALE_2024-06-11_11_26;101.0;BJORN3TRI3_SCALE;2024-06-11;11;26
0;ADP799;BJORN3TRI3_SCALE_2024-06-11_9_25;43.0;BJORN3TRI3_SCALE;2024-06-11;9;25
0;ADN765;BJORN3TRI3_SCALE_2024-06-12_12_29;14.0;BJORN3TRI3_SCALE;2024-06-12;12;29
0;ADE076;BJORN3TRI3_SCALE_2024-06-12_16_31;6.0;BJORN3TRI3_SCALE;2024-06-12;16;31
0;ADP875;BJORN3TRI3_SCALE_2024-06-13_10_18;21.0;BJORN3TRI3_SCALE;2024-06-13;10;18
0;ADN765;BJORN3TRI3_SCALE_2024-06-13_3_08;22.0;BJORN3TRI3_SCALE;2024-06-13;3;8
0;ADE250;BJORN3TRI3_SCALE_2024-06-13_5_13;3.0;BJORN3TRI3_SCALE;2024-06-13;5;13
0;ADN765;BJORN3TRI3_SCALE_2024-06-13_4_11;24.0;BJORN3TRI3_SCALE;2024-06-13;4;11
0;ADE059;BJORN3TRI3_SCALE_2024-06-13_7_16;32.0;BJORN3TRI3_SCALE;2024-06-13;7;16
0;ADS036;BJORN3TRI3_SCALE_2024-06-13_16_21;1.0;BJORN3TRI3_SCALE;2024-06-13;16;21
0;ADN765;BJORN3TRI3_SCALE_2024-06-13_4_10;21.0;BJORN3TRI3_SCALE;2024-06-13;4;10
0;ADE056;BJORN3TRI3_SCALE_2024-06-13_20_25;6.0;BJORN3TRI3_SCALE;2024-06-13;20;25
0;ADR807;BJORN3TRI3_SCALE_2024-06-14_4_15;1.0;BJORN3TRI3_SCALE;2024-06-14;4;15
0;ADP787;BJORN3TRI3_SCALE_2024-06-14_11_28;2.0;BJORN3TRI3_SCALE;2024-06-14;11;28
0;ADP799;BJORN3TRI3_SCALE_2024-06-14_11_27;40.0;BJORN3TRI3_SCALE;2024-06-14;11;27
0;ADN765;BJORN3TRI3_SCALE_2024-06-15_9_17;30.0;BJORN3TRI3_SCALE;2024-06-15;9;17
0;ADN765;BJORN3TRI3_SCALE_2024-06-15_8_15;40.0;BJORN3TRI3_SCALE;2024-06-15;8;15
0;ADP708;BJORN3TRI3_SCALE_2024-06-15_6_14;65.0;BJORN3TRI3_SCALE;2024-06-15;6;14
0;ADP708;BJORN3TRI3_SCALE_2024-06-15_3_10;69.0;BJORN3TRI3_SCALE;2024-06-15;3;10
0;ADE010;BJORN3TRI3_SCALE_2024-06-15_12_22;5.0;BJORN3TRI3_SCALE;2024-06-15;12;22
0;ADN765;BJORN3TRI3_SCALE_2024-06-15_10_21;18.0;BJORN3TRI3_SCALE;2024-06-15;10;21
0;ADN765;BJORN3TRI3_SCALE_2024-06-15_10_20;43.0;BJORN3TRI3_SCALE;2024-06-15;10;20
0;ADN765;BJORN3TRI3_SCALE_2024-06-15_16_23;31.0;BJORN3TRI3_SCALE;2024-06-15;16;23
0;ADN765;BJORN3TRI3_SCALE_2024-06-15_18_25;16.0;BJORN3TRI3_SCALE;2024-06-15;18;25
0;ADE120;BJORN3TRI3_SCALE_2024-06-15_3_09;3.0;BJORN3TRI3_SCALE;2024-06-15;3;9
0;ADN765;BJORN3TRI3_SCALE_2024-06-15_18_26;21.0;BJORN3TRI3_SCALE;2024-06-15;18;26
0;ADN765;BJORN3TRI3_SCALE_2024-06-15_9_18;80.0;BJORN3TRI3_SCALE;2024-06-15;9;18
0;ADN765;BJORN3TRI3_SCALE_2024-06-15_9_16;69.0;BJORN3TRI3_SCALE;2024-06-15;9;16
0;ADP875;BJORN3TRI3_SCALE_2024-06-16_5_09;3.0;BJORN3TRI3_SCALE;2024-06-16;5;9
0;ADP787;BJORN3TRI3_SCALE_2024-06-16_21_12;13.0;BJORN3TRI3_SCALE;2024-06-16;21;12
0;ADJ905;BJORN3TRI3_SCALE_2024-06-16_3_06;31.0;BJORN3TRI3_SCALE;2024-06-16;3;6
0;ADN765;BJORN3TRI3_SCALE_2024-06-17_21_36;5.0;BJORN3TRI3_SCALE;2024-06-17;21;36
0;ADN765;BJORN3TRI3_SCALE_2024-06-17_11_16;14.0;BJORN3TRI3_SCALE;2024-06-17;11;16
0;ADP272;BJORN3TRI3_SCALE_2024-06-17_11_18;12.0;BJORN3TRI3_SCALE;2024-06-17;11;18
0;ADN765;BJORN3TRI3_SCALE_2024-06-17_20_33;27.0;BJORN3TRI3_SCALE;2024-06-17;20;33
0;ADE014;BJORN3TRI3_SCALE_2024-06-17_11_17;29.0;BJORN3TRI3_SCALE;2024-06-17;11;17
0;ADN765;BJORN3TRI3_SCALE_2024-06-17_11_21;42.0;BJORN3TRI3_SCALE;2024-06-17;11;21
0;ADN765;BJORN3TRI3_SCALE_2024-06-17_19_31;10.0;BJORN3TRI3_SCALE;2024-06-17;19;31
0;ADN765;BJORN3TRI3_SCALE_2024-06-17_11_20;9.0;BJORN3TRI3_SCALE;2024-06-17;11;20
0;ADN765;BJORN3TRI3_SCALE_2024-06-17_20_34;4.0;BJORN3TRI3_SCALE;2024-06-17;20;34
0;ADN265;BJORN3TRI3_SCALE_2024-06-17_22_38;1.0;BJORN3TRI3_SCALE;2024-06-17;22;38
0;ADN765;BJORN3TRI3_SCALE_2024-06-17_18_30;19.0;BJORN3TRI3_SCALE;2024-06-17;18;30
0;ADN765;BJORN3TRI3_SCALE_2024-06-17_11_22;9.0;BJORN3TRI3_SCALE;2024-06-17;11;22
0;ADN765;BJORN3TRI3_SCALE_2024-06-17_11_23;19.0;BJORN3TRI3_SCALE;2024-06-17;11;23
0;ADP272;BJORN3TRI3_SCALE_2024-06-17_11_19;8.0;BJORN3TRI3_SCALE;2024-06-17;11;19
0;ADN765;BJORN3TRI3_SCALE_2024-06-17_22_37;5.0;BJORN3TRI3_SCALE;2024-06-17;22;37
0;ADN765;BJORN3TRI3_SCALE_2024-06-17_18_27;45.0;BJORN3TRI3_SCALE;2024-06-17;18;27
0;ADN765;BJORN3TRI3_SCALE_2024-06-17_18_28;15.0;BJORN3TRI3_SCALE;2024-06-17;18;28
0;ADN765;BJORN3TRI3_SCALE_2024-06-17_19_32;7.0;BJORN3TRI3_SCALE;2024-06-17;19;32
0;ADS402;BJORN3TRI3_SCALE_2024-06-18_20_32;12.0;BJORN3TRI3_SCALE;2024-06-18;20;32
0;ADP793;BJORN3TRI3_SCALE_2024-06-18_10_18;40.0;BJORN3TRI3_SCALE;2024-06-18;10;18
0;ADP787;BJORN3TRI3_SCALE_2024-06-18_19_28;1.0;BJORN3TRI3_SCALE;2024-06-18;19;28
0;ADP787;BJORN3TRI3_SCALE_2024-06-18_16_24;12.0;BJORN3TRI3_SCALE;2024-06-18;16;24
0;ADN765;BJORN3TRI3_SCALE_2024-06-18_5_09;6.0;BJORN3TRI3_SCALE;2024-06-18;5;9
0;ADL483;BJORN3TRI3_SCALE_2024-06-18_20_35;10.0;BJORN3TRI3_SCALE;2024-06-18;20;35
0;ADP708;BJORN3TRI3_SCALE_2024-06-18_11_19;107.0;BJORN3TRI3_SCALE;2024-06-18;11;19
0;ADN765;BJORN3TRI3_SCALE_2024-06-18_7_13;10.0;BJORN3TRI3_SCALE;2024-06-18;7;13
0;ADN765;BJORN3TRI3_SCALE_2024-06-18_10_16;11.0;BJORN3TRI3_SCALE;2024-06-18;10;16
0;ADN765;BJORN3TRI3_SCALE_2024-06-18_20_36;16.0;BJORN3TRI3_SCALE;2024-06-18;20;36
0;ADN765;BJORN3TRI3_SCALE_2024-06-18_10_15;1.0;BJORN3TRI3_SCALE;2024-06-18;10;15
0;ADP793;BJORN3TRI3_SCALE_2024-06-18_10_17;56.0;BJORN3TRI3_SCALE;2024-06-18;10;17
0;ADP708;BJORN3TRI3_SCALE_2024-06-18_7_12;8.0;BJORN3TRI3_SCALE;2024-06-18;7;12
0;ADP793;BJORN3TRI3_SCALE_2024-06-18_5_10;9.0;BJORN3TRI3_SCALE;2024-06-18;5;10
0;ADN765;BJORN3TRI3_SCALE_2024-06-19_19_24;7.0;BJORN3TRI3_SCALE;2024-06-19;19;24
0;ADX500;BJORN3TRI3_SCALE_2024-06-19_22_28;23.0;BJORN3TRI3_SCALE;2024-06-19;22;28
0;ADN765;BJORN3TRI3_SCALE_2024-06-19_7_10;22.0;BJORN3TRI3_SCALE;2024-06-19;7;10
0;ADN765;BJORN3TRI3_SCALE_2024-06-19_18_23;21.0;BJORN3TRI3_SCALE;2024-06-19;18;23
0;ADP782;BJORN3TRI3_SCALE_2024-06-19_5_08;16.0;BJORN3TRI3_SCALE;2024-06-19;5;8
0;ADN765;BJORN3TRI3_SCALE_2024-06-19_11_14;10.0;BJORN3TRI3_SCALE;2024-06-19;11;14
0;ADN765;BJORN3TRI3_SCALE_2024-06-19_11_15;5.0;BJORN3TRI3_SCALE;2024-06-19;11;15
0;ADE019;BJORN3TRI3_SCALE_2024-06-19_13_16;18.0;BJORN3TRI3_SCALE;2024-06-19;13;16
0;ADN765;BJORN3TRI3_SCALE_2024-06-19_18_22;11.0;BJORN3TRI3_SCALE;2024-06-19;18;22
0;ADL767;BJORN3TRI3_SCALE_2024-06-20_18_38;2.0;BJORN3TRI3_SCALE;2024-06-20;18;38
0;ADE071;BJORN3TRI3_SCALE_2024-06-20_3_15;1.0;BJORN3TRI3_SCALE;2024-06-20;3;15
0;ADP652;BJORN3TRI3_SCALE_2024-06-21_14_28;38.0;BJORN3TRI3_SCALE;2024-06-21;14;28
0;ADN765;BJORN3TRI3_SCALE_2024-06-21_11_23;12.0;BJORN3TRI3_SCALE;2024-06-21;11;23
0;ADP793;BJORN3TRI3_SCALE_2024-06-21_20_33;72.0;BJORN3TRI3_SCALE;2024-06-21;20;33
0;ADP652;BJORN3TRI3_SCALE_2024-06-21_14_26;2.0;BJORN3TRI3_SCALE;2024-06-21;14;26
0;ADN765;BJORN3TRI3_SCALE_2024-06-21_5_20;9.0;BJORN3TRI3_SCALE;2024-06-21;5;20
0;ADP793;BJORN3TRI3_SCALE_2024-06-21_21_34;17.0;BJORN3TRI3_SCALE;2024-06-21;21;34
0;ADP775;BJORN3TRI3_SCALE_2024-06-21_3_16;21.0;BJORN3TRI3_SCALE;2024-06-21;3;16
0;ADP793;BJORN3TRI3_SCALE_2024-06-21_11_24;49.0;BJORN3TRI3_SCALE;2024-06-21;11;24
0;ADP793;BJORN3TRI3_SCALE_2024-06-21_14_29;4.0;BJORN3TRI3_SCALE;2024-06-21;14;29
0;ADP793;BJORN3TRI3_SCALE_2024-06-21_21_35;3.0;BJORN3TRI3_SCALE;2024-06-21;21;35
0;ADE600;BJORN3TRI3_SCALE_2024-06-21_10_22;46.0;BJORN3TRI3_SCALE;2024-06-21;10;22
0;ADP793;BJORN3TRI3_SCALE_2024-06-21_13_25;73.0;BJORN3TRI3_SCALE;2024-06-21;13;25
0;ADP652;BJORN3TRI3_SCALE_2024-06-21_14_27;36.0;BJORN3TRI3_SCALE;2024-06-21;14;27
0;ADN765;BJORN3TRI3_SCALE_2024-06-22_4_21;6.0;BJORN3TRI3_SCALE;2024-06-22;4;21
0;ADN765;BJORN3TRI3_SCALE_2024-06-22_7_26;29.0;BJORN3TRI3_SCALE;2024-06-22;7;26
0;ADN765;BJORN3TRI3_SCALE_2024-06-22_10_29;28.0;BJORN3TRI3_SCALE;2024-06-22;10;29
0;ADN765;BJORN3TRI3_SCALE_2024-06-22_20_38;6.0;BJORN3TRI3_SCALE;2024-06-22;20;38
0;ADP793;BJORN3TRI3_SCALE_2024-06-22_4_22;23.0;BJORN3TRI3_SCALE;2024-06-22;4;22
0;ADN765;BJORN3TRI3_SCALE_2024-06-22_20_37;80.0;BJORN3TRI3_SCALE;2024-06-22;20;37
0;ADN765;BJORN3TRI3_SCALE_2024-06-22_9_27;36.0;BJORN3TRI3_SCALE;2024-06-22;9;27
0;ADP793;BJORN3TRI3_SCALE_2024-06-22_13_32;38.0;BJORN3TRI3_SCALE;2024-06-22;13;32
0;ADN765;BJORN3TRI3_SCALE_2024-06-22_3_19;2.0;BJORN3TRI3_SCALE;2024-06-22;3;19
0;ADE010;BJORN3TRI3_SCALE_2024-06-22_13_33;2.0;BJORN3TRI3_SCALE;2024-06-22;13;33
0;ADP793;BJORN3TRI3_SCALE_2024-06-24_21_39;15.0;BJORN3TRI3_SCALE;2024-06-24;21;39
0;ADA770;BJORN3TRI3_SCALE_2024-06-24_7_19;6.0;BJORN3TRI3_SCALE;2024-06-24;7;19
0;ADP652;BJORN3TRI3_SCALE_2024-06-24_14_32;20.0;BJORN3TRI3_SCALE;2024-06-24;14;32
0;ADN868;BJORN3TRI3_SCALE_2024-06-24_12_31;25.0;BJORN3TRI3_SCALE;2024-06-24;12;31
0;ADP793;BJORN3TRI3_SCALE_2024-06-24_21_37;44.0;BJORN3TRI3_SCALE;2024-06-24;21;37
0;ADP793;BJORN3TRI3_SCALE_2024-06-24_21_36;126.0;BJORN3TRI3_SCALE;2024-06-24;21;36
0;ADN868;BJORN3TRI3_SCALE_2024-06-24_17_33;20.0;BJORN3TRI3_SCALE;2024-06-24;17;33
0;ADN765;BJORN3TRI3_SCALE_2024-06-24_6_18;3.0;BJORN3TRI3_SCALE;2024-06-24;6;18
0;ADP793;BJORN3TRI3_SCALE_2024-06-24_21_38;17.0;BJORN3TRI3_SCALE;2024-06-24;21;38
0;ADP793;BJORN3TRI3_SCALE_2024-06-24_5_17;138.0;BJORN3TRI3_SCALE;2024-06-24;5;17
0;ADN868;BJORN3TRI3_SCALE_2024-06-24_12_30;73.0;BJORN3TRI3_SCALE;2024-06-24;12;30
0;ADP797;BJORN3TRI3_SCALE_2024-06-25_9_18;3.0;BJORN3TRI3_SCALE;2024-06-25;9;18
0;ADP793;BJORN3TRI3_SCALE_2024-06-25_3_10;4.0;BJORN3TRI3_SCALE;2024-06-25;3;10
0;ADP793;BJORN3TRI3_SCALE_2024-06-25_21_27;13.0;BJORN3TRI3_SCALE;2024-06-25;21;27
0;ADP799;BJORN3TRI3_SCALE_2024-06-25_5_16;37.0;BJORN3TRI3_SCALE;2024-06-25;5;16
0;ADB799;BJORN3TRI3_SCALE_2024-06-25_23_32;1.0;BJORN3TRI3_SCALE;2024-06-25;23;32
0;ADP793;BJORN3TRI3_SCALE_2024-06-25_21_26;47.0;BJORN3TRI3_SCALE;2024-06-25;21;26
0;ADP771;BJORN3TRI3_SCALE_2024-06-25_12_23;28.0;BJORN3TRI3_SCALE;2024-06-25;12;23
0;ADP793;BJORN3TRI3_SCALE_2024-06-25_20_25;1.0;BJORN3TRI3_SCALE;2024-06-25;20;25
0;ADP793;BJORN3TRI3_SCALE_2024-06-25_22_31;7.0;BJORN3TRI3_SCALE;2024-06-25;22;31
0;ADP793;BJORN3TRI3_SCALE_2024-06-25_3_11;48.0;BJORN3TRI3_SCALE;2024-06-25;3;11
0;ADN765;BJORN3TRI3_SCALE_2024-06-25_4_13;20.0;BJORN3TRI3_SCALE;2024-06-25;4;13
0;ADN765;BJORN3TRI3_SCALE_2024-06-25_4_14;16.0;BJORN3TRI3_SCALE;2024-06-25;4;14
0;ADP793;BJORN3TRI3_SCALE_2024-06-25_21_28;7.0;BJORN3TRI3_SCALE;2024-06-25;21;28
0;ADE020;BJORN3TRI3_SCALE_2024-06-25_10_20;6.0;BJORN3TRI3_SCALE;2024-06-25;10;20
0;ADP771;BJORN3TRI3_SCALE_2024-06-25_12_24;8.0;BJORN3TRI3_SCALE;2024-06-25;12;24
0;ADP793;BJORN3TRI3_SCALE_2024-06-25_22_30;24.0;BJORN3TRI3_SCALE;2024-06-25;22;30
0;ADN765;BJORN3TRI3_SCALE_2024-06-25_12_22;6.0;BJORN3TRI3_SCALE;2024-06-25;12;22
0;ADN765;BJORN3TRI3_SCALE_2024-06-26_22_33;8.0;BJORN3TRI3_SCALE;2024-06-26;22;33
0;ADN765;BJORN3TRI3_SCALE_2024-06-26_22_30;17.0;BJORN3TRI3_SCALE;2024-06-26;22;30
0;ADP799;BJORN3TRI3_SCALE_2024-06-26_7_18;21.0;BJORN3TRI3_SCALE;2024-06-26;7;18
0;ADP793;BJORN3TRI3_SCALE_2024-06-26_21_29;65.0;BJORN3TRI3_SCALE;2024-06-26;21;29
0;ADN765;BJORN3TRI3_SCALE_2024-06-26_5_16;32.0;BJORN3TRI3_SCALE;2024-06-26;5;16
0;ADN765;BJORN3TRI3_SCALE_2024-06-26_4_15;16.0;BJORN3TRI3_SCALE;2024-06-26;4;15
0;ADN765;BJORN3TRI3_SCALE_2024-06-26_4_14;10.0;BJORN3TRI3_SCALE;2024-06-26;4;14
0;ADP793;BJORN3TRI3_SCALE_2024-06-26_11_23;45.0;BJORN3TRI3_SCALE;2024-06-26;11;23
0;ADP793;BJORN3TRI3_SCALE_2024-06-26_3_13;36.0;BJORN3TRI3_SCALE;2024-06-26;3;13
0;ADN765;BJORN3TRI3_SCALE_2024-06-26_14_26;1.0;BJORN3TRI3_SCALE;2024-06-26;14;26
0;ADP793;BJORN3TRI3_SCALE_2024-06-26_12_24;19.0;BJORN3TRI3_SCALE;2024-06-26;12;24
0;ADN765;BJORN3TRI3_SCALE_2024-06-26_10_21;12.0;BJORN3TRI3_SCALE;2024-06-26;10;21
0;ADN765;BJORN3TRI3_SCALE_2024-06-27_4_11;36.0;BJORN3TRI3_SCALE;2024-06-27;4;11
0;ADE028;BJORN3TRI3_SCALE_2024-06-27_17_14;44.0;BJORN3TRI3_SCALE;2024-06-27;17;14
0;ADN765;BJORN3TRI3_SCALE_2024-06-27_5_12;9.0;BJORN3TRI3_SCALE;2024-06-27;5;12
0;ADP793;BJORN3TRI3_SCALE_2024-06-28_6_20;13.0;BJORN3TRI3_SCALE;2024-06-28;6;20
0;ADN765;BJORN3TRI3_SCALE_2024-06-28_13_25;32.0;BJORN3TRI3_SCALE;2024-06-28;13;25
0;ADP795;BJORN3TRI3_SCALE_2024-06-28_8_22;11.0;BJORN3TRI3_SCALE;2024-06-28;8;22
0;ADE071;BJORN3TRI3_SCALE_2024-06-28_6_21;1.0;BJORN3TRI3_SCALE;2024-06-28;6;21
0;ADN765;BJORN3TRI3_SCALE_2024-06-29_13_30;15.0;BJORN3TRI3_SCALE;2024-06-29;13;30
0;ADN792;BJORN3TRI3_SCALE_2024-06-29_21_33;22.0;BJORN3TRI3_SCALE;2024-06-29;21;33
0;ADP652;BJORN3TRI3_SCALE_2024-06-29_7_22;6.0;BJORN3TRI3_SCALE;2024-06-29;7;22
0;ADN765;BJORN3TRI3_SCALE_2024-06-29_11_29;15.0;BJORN3TRI3_SCALE;2024-06-29;11;29
0;ADN765;BJORN3TRI3_SCALE_2024-06-29_10_27;2.0;BJORN3TRI3_SCALE;2024-06-29;10;27
0;ADP652;BJORN3TRI3_SCALE_2024-06-29_7_23;1.0;BJORN3TRI3_SCALE;2024-06-29;7;23
0;ADX483;BJORN3TRI3_SCALE_2024-06-29_11_28;3.0;BJORN3TRI3_SCALE;2024-06-29;11;28
0;ADR421;BJORN3TRI3_SCALE_2024-06-29_6_21;6.0;BJORN3TRI3_SCALE;2024-06-29;6;21
0;ADP793;BJORN3TRI3_SCALE_2024-06-30_4_20;12.0;BJORN3TRI3_SCALE;2024-06-30;4;20
0;ADP793;BJORN3TRI3_SCALE_2024-06-30_3_17;17.0;BJORN3TRI3_SCALE;2024-06-30;3;17
0;ADP793;BJORN3TRI3_SCALE_2024-06-30_3_18;18.0;BJORN3TRI3_SCALE;2024-06-30;3;18
0;ADP793;BJORN3TRI3_SCALE_2024-06-30_4_21;20.0;BJORN3TRI3_SCALE;2024-06-30;4;21
0;ADP793;BJORN3TRI3_SCALE_2024-06-30_3_16;47.0;BJORN3TRI3_SCALE;2024-06-30;3;16
0;ADP793;BJORN3TRI3_SCALE_2024-06-30_3_19;21.0;BJORN3TRI3_SCALE;2024-06-30;3;19
0;ADP797;BJORN3TRI3_SCALE_2024-06-30_7_24;33.0;BJORN3TRI3_SCALE;2024-06-30;7;24
0;ADR240;BJORN3TRI3_SCALE_2024-07-01_5_20;7.0;BJORN3TRI3_SCALE;2024-07-01;5;20
0;ADN765;BJORN3TRI3_SCALE_2024-07-01_15_29;68.0;BJORN3TRI3_SCALE;2024-07-01;15;29
0;ADP793;BJORN3TRI3_SCALE_2024-07-01_13_24;5.0;BJORN3TRI3_SCALE;2024-07-01;13;24
0;ADE039;BJORN3TRI3_SCALE_2024-07-01_7_23;2.0;BJORN3TRI3_SCALE;2024-07-01;7;23
0;ADE028;BJORN3TRI3_SCALE_2024-07-01_7_21;11.0;BJORN3TRI3_SCALE;2024-07-01;7;21
0;ADB793;BJORN3TRI3_SCALE_2024-07-01_13_26;5.0;BJORN3TRI3_SCALE;2024-07-01;13;26
0;ADE028;BJORN3TRI3_SCALE_2024-07-01_7_22;34.0;BJORN3TRI3_SCALE;2024-07-01;7;22
0;ADP793;BJORN3TRI3_SCALE_2024-07-01_13_25;4.0;BJORN3TRI3_SCALE;2024-07-01;13;25
0;ADP793;BJORN3TRI3_SCALE_2024-07-01_13_27;7.0;BJORN3TRI3_SCALE;2024-07-01;13;27
0;ADP799;BJORN3TRI3_SCALE_2024-07-01_22_40;6.0;BJORN3TRI3_SCALE;2024-07-01;22;40
0;ADP989;BJORN3TRI3_SCALE_2024-07-02_11_34;8.0;BJORN3TRI3_SCALE;2024-07-02;11;34
0;ADE019;BJORN3TRI3_SCALE_2024-07-02_13_36;2.0;BJORN3TRI3_SCALE;2024-07-02;13;36
0;ADP793;BJORN3TRI3_SCALE_2024-07-02_5_33;4.0;BJORN3TRI3_SCALE;2024-07-02;5;33
0;ADP793;BJORN3TRI3_SCALE_2024-07-02_5_32;23.0;BJORN3TRI3_SCALE;2024-07-02;5;32
0;ADR401;BJORN3TRI3_SCALE_2024-07-02_21_41;5.0;BJORN3TRI3_SCALE;2024-07-02;21;41
0;ADE053;BJORN3TRI3_SCALE_2024-07-02_21_39;11.0;BJORN3TRI3_SCALE;2024-07-02;21;39
0;ADP768;BJORN3TRI3_SCALE_2024-07-03_11_33;29.0;BJORN3TRI3_SCALE;2024-07-03;11;33
0;ADN765;BJORN3TRI3_SCALE_2024-07-03_10_30;31.0;BJORN3TRI3_SCALE;2024-07-03;10;30
0;ADN765;BJORN3TRI3_SCALE_2024-07-03_10_29;2.0;BJORN3TRI3_SCALE;2024-07-03;10;29
0;ADN765;BJORN3TRI3_SCALE_2024-07-03_4_27;8.0;BJORN3TRI3_SCALE;2024-07-03;4;27
0;ADP875;BJORN3TRI3_SCALE_2024-07-03_22_42;8.0;BJORN3TRI3_SCALE;2024-07-03;22;42
0;ADR420;BJORN3TRI3_SCALE_2024-07-03_22_41;5.0;BJORN3TRI3_SCALE;2024-07-03;22;41
0;ADN765;BJORN3TRI3_SCALE_2024-07-03_10_31;7.0;BJORN3TRI3_SCALE;2024-07-03;10;31
0;ADR067;BJORN3TRI3_SCALE_2024-07-03_19_38;3.0;BJORN3TRI3_SCALE;2024-07-03;19;38
0;ADP369;BJORN3TRI3_SCALE_2024-07-04_11_28;13.0;BJORN3TRI3_SCALE;2024-07-04;11;28
0;ADE028;BJORN3TRI3_SCALE_2024-07-04_18_40;17.0;BJORN3TRI3_SCALE;2024-07-04;18;40
0;ADN765;BJORN3TRI3_SCALE_2024-07-04_19_42;15.0;BJORN3TRI3_SCALE;2024-07-04;19;42
0;ADP708;BJORN3TRI3_SCALE_2024-07-04_19_46;1.0;BJORN3TRI3_SCALE;2024-07-04;19;46
0;ADN765;BJORN3TRI3_SCALE_2024-07-04_13_35;17.0;BJORN3TRI3_SCALE;2024-07-04;13;35
0;ADE028;BJORN3TRI3_SCALE_2024-07-04_18_41;16.0;BJORN3TRI3_SCALE;2024-07-04;18;41
0;ADE071;BJORN3TRI3_SCALE_2024-07-04_19_44;3.0;BJORN3TRI3_SCALE;2024-07-04;19;44
0;ADN765;BJORN3TRI3_SCALE_2024-07-04_14_36;5.0;BJORN3TRI3_SCALE;2024-07-04;14;36
0;ADP708;BJORN3TRI3_SCALE_2024-07-04_16_38;4.0;BJORN3TRI3_SCALE;2024-07-04;16;38
0;ADE067;BJORN3TRI3_SCALE_2024-07-04_19_43;9.0;BJORN3TRI3_SCALE;2024-07-04;19;43
0;ADP708;BJORN3TRI3_SCALE_2024-07-04_19_45;80.0;BJORN3TRI3_SCALE;2024-07-04;19;45
0;ADP369;BJORN3TRI3_SCALE_2024-07-05_13_57;23.0;BJORN3TRI3_SCALE;2024-07-05;13;57
0;ADN765;BJORN3TRI3_SCALE_2024-07-05_15_64;14.0;BJORN3TRI3_SCALE;2024-07-05;15;64
0;ADR420;BJORN3TRI3_SCALE_2024-07-05_21_72;3.0;BJORN3TRI3_SCALE;2024-07-05;21;72
0;ADR416;BJORN3TRI3_SCALE_2024-07-05_5_40;10.0;BJORN3TRI3_SCALE;2024-07-05;5;40
0;ADP797;BJORN3TRI3_SCALE_2024-07-05_11_56;2.0;BJORN3TRI3_SCALE;2024-07-05;11;56
0;ADN765;BJORN3TRI3_SCALE_2024-07-05_4_36;1.0;BJORN3TRI3_SCALE;2024-07-05;4;36
0;ADN765;BJORN3TRI3_SCALE_2024-07-05_15_63;25.0;BJORN3TRI3_SCALE;2024-07-05;15;63
0;ADP708;BJORN3TRI3_SCALE_2024-07-05_7_46;5.0;BJORN3TRI3_SCALE;2024-07-05;7;46
0;ADP222;BJORN3TRI3_SCALE_2024-07-05_20_70;14.0;BJORN3TRI3_SCALE;2024-07-05;20;70
0;ADN765;BJORN3TRI3_SCALE_2024-07-05_19_68;14.0;BJORN3TRI3_SCALE;2024-07-05;19;68
0;ADR263;BJORN3TRI3_SCALE_2024-07-05_9_50;2.0;BJORN3TRI3_SCALE;2024-07-05;9;50
0;ADE053;BJORN3TRI3_SCALE_2024-07-05_11_55;27.0;BJORN3TRI3_SCALE;2024-07-05;11;55
0;ADN792;BJORN3TRI3_SCALE_2024-07-05_8_47;2.0;BJORN3TRI3_SCALE;2024-07-05;8;47
0;ADS119;BJORN3TRI3_SCALE_2024-07-05_5_41;77.0;BJORN3TRI3_SCALE;2024-07-05;5;41
0;ADR415;BJORN3TRI3_SCALE_2024-07-05_6_44;16.0;BJORN3TRI3_SCALE;2024-07-05;6;44
0;ADX457;BJORN3TRI3_SCALE_2024-07-05_8_49;24.0;BJORN3TRI3_SCALE;2024-07-05;8;49
0;ADR416;BJORN3TRI3_SCALE_2024-07-05_4_37;1.0;BJORN3TRI3_SCALE;2024-07-05;4;37
0;ADX614;BJORN3TRI3_SCALE_2024-07-05_7_45;2.0;BJORN3TRI3_SCALE;2024-07-05;7;45
0;ADP797;BJORN3TRI3_SCALE_2024-07-05_19_66;5.0;BJORN3TRI3_SCALE;2024-07-05;19;66
0;ADX980;BJORN3TRI3_SCALE_2024-07-05_4_38;2.0;BJORN3TRI3_SCALE;2024-07-05;4;38
0;ADP799;BJORN3TRI3_SCALE_2024-07-06_15_32;21.0;BJORN3TRI3_SCALE;2024-07-06;15;32
0;ADN783;BJORN3TRI3_SCALE_2024-07-06_7_27;8.0;BJORN3TRI3_SCALE;2024-07-06;7;27
0;ADP771;BJORN3TRI3_SCALE_2024-07-06_8_29;9.0;BJORN3TRI3_SCALE;2024-07-06;8;29
0;ADP420;BJORN3TRI3_SCALE_2024-07-06_4_19;7.0;BJORN3TRI3_SCALE;2024-07-06;4;19
0;ADP799;BJORN3TRI3_SCALE_2024-07-06_21_39;2.0;BJORN3TRI3_SCALE;2024-07-06;21;39
0;ADS354;BJORN3TRI3_SCALE_2024-07-06_4_17;16.0;BJORN3TRI3_SCALE;2024-07-06;4;17
0;ADP989;BJORN3TRI3_SCALE_2024-07-06_5_21;10.0;BJORN3TRI3_SCALE;2024-07-06;5;21
0;ADP771;BJORN3TRI3_SCALE_2024-07-06_4_18;7.0;BJORN3TRI3_SCALE;2024-07-06;4;18
0;ADP799;BJORN3TRI3_SCALE_2024-07-06_15_34;13.0;BJORN3TRI3_SCALE;2024-07-06;15;34
0;ADE019;BJORN3TRI3_SCALE_2024-07-06_11_30;16.0;BJORN3TRI3_SCALE;2024-07-06;11;30
0;ADP799;BJORN3TRI3_SCALE_2024-07-06_16_35;289.0;BJORN3TRI3_SCALE;2024-07-06;16;35
0;ADP633;BJORN3TRI3_SCALE_2024-07-07_8_59;16.0;BJORN3TRI3_SCALE;2024-07-07;8;59
0;ADN783;BJORN3TRI3_SCALE_2024-07-07_21_89;26.0;BJORN3TRI3_SCALE;2024-07-07;21;89
0;ADE053;BJORN3TRI3_SCALE_2024-07-07_18_76;4.0;BJORN3TRI3_SCALE;2024-07-07;18;76
0;ADR315;BJORN3TRI3_SCALE_2024-07-07_21_88;38.0;BJORN3TRI3_SCALE;2024-07-07;21;88
0;ADP771;BJORN3TRI3_SCALE_2024-07-07_20_85;4.0;BJORN3TRI3_SCALE;2024-07-07;20;85
0;ADR476;BJORN3TRI3_SCALE_2024-07-07_7_56;7.0;BJORN3TRI3_SCALE;2024-07-07;7;56
0;ADP797;BJORN3TRI3_SCALE_2024-07-07_7_55;2.0;BJORN3TRI3_SCALE;2024-07-07;7;55
0;ADE053;BJORN3TRI3_SCALE_2024-07-07_18_74;8.0;BJORN3TRI3_SCALE;2024-07-07;18;74
0;ADP797;BJORN3TRI3_SCALE_2024-07-07_6_50;2.0;BJORN3TRI3_SCALE;2024-07-07;6;50
0;ADP989;BJORN3TRI3_SCALE_2024-07-07_18_77;10.0;BJORN3TRI3_SCALE;2024-07-07;18;77
0;ADE053;BJORN3TRI3_SCALE_2024-07-07_18_75;9.0;BJORN3TRI3_SCALE;2024-07-07;18;75
0;ADN763;BJORN3TRI3_SCALE_2024-07-08_17_30;1.0;BJORN3TRI3_SCALE;2024-07-08;17;30
0;ADR416;BJORN3TRI3_SCALE_2024-07-08_5_19;12.0;BJORN3TRI3_SCALE;2024-07-08;5;19
0;ADP989;BJORN3TRI3_SCALE_2024-07-08_7_22;35.0;BJORN3TRI3_SCALE;2024-07-08;7;22
0;ADR271;BJORN3TRI3_SCALE_2024-07-08_7_21;228.0;BJORN3TRI3_SCALE;2024-07-08;7;21
0;ADP652;BJORN3TRI3_SCALE_2024-07-08_4_18;11.0;BJORN3TRI3_SCALE;2024-07-08;4;18
0;ADS119;BJORN3TRI3_SCALE_2024-07-08_3_17;15.0;BJORN3TRI3_SCALE;2024-07-08;3;17
0;ADE797;BJORN3TRI3_SCALE_2024-07-08_18_32;2.0;BJORN3TRI3_SCALE;2024-07-08;18;32
0;ADS119;BJORN3TRI3_SCALE_2024-07-08_8_23;8.0;BJORN3TRI3_SCALE;2024-07-08;8;23
0;ADN765;BJORN3TRI3_SCALE_2024-07-08_8_24;30.0;BJORN3TRI3_SCALE;2024-07-08;8;24
0;ADN765;BJORN3TRI3_SCALE_2024-07-08_14_26;7.0;BJORN3TRI3_SCALE;2024-07-08;14;26
0;ADR416;BJORN3TRI3_SCALE_2024-07-08_5_20;5.0;BJORN3TRI3_SCALE;2024-07-08;5;20
0;ADN765;BJORN3TRI3_SCALE_2024-07-09_20_27;7.0;BJORN3TRI3_SCALE;2024-07-09;20;27
0;ADE028;BJORN3TRI3_SCALE_2024-07-09_11_22;7.0;BJORN3TRI3_SCALE;2024-07-09;11;22
0;ADN765;BJORN3TRI3_SCALE_2024-07-09_20_26;15.0;BJORN3TRI3_SCALE;2024-07-09;20;26
0;ADN765;BJORN3TRI3_SCALE_2024-07-09_20_25;11.0;BJORN3TRI3_SCALE;2024-07-09;20;25
0;ADR416;BJORN3TRI3_SCALE_2024-07-10_11_18;12.0;BJORN3TRI3_SCALE;2024-07-10;11;18
0;ADE019;BJORN3TRI3_SCALE_2024-07-10_10_16;12.0;BJORN3TRI3_SCALE;2024-07-10;10;16
0;ADP799;BJORN3TRI3_SCALE_2024-07-10_18_21;72.0;BJORN3TRI3_SCALE;2024-07-10;18;21
0;ADN765;BJORN3TRI3_SCALE_2024-07-10_9_14;16.0;BJORN3TRI3_SCALE;2024-07-10;9;14
0;ADN765;BJORN3TRI3_SCALE_2024-07-10_9_15;1.0;BJORN3TRI3_SCALE;2024-07-10;9;15
0;ADP793;BJORN3TRI3_SCALE_2024-07-10_20_23;18.0;BJORN3TRI3_SCALE;2024-07-10;20;23
0;ADP799;BJORN3TRI3_SCALE_2024-07-10_18_22;78.0;BJORN3TRI3_SCALE;2024-07-10;18;22
0;ADP793;BJORN3TRI3_SCALE_2024-07-10_20_24;8.0;BJORN3TRI3_SCALE;2024-07-10;20;24
0;ADP793;BJORN3TRI3_SCALE_2024-07-11_6_24;11.0;BJORN3TRI3_SCALE;2024-07-11;6;24
0;ADP793;BJORN3TRI3_SCALE_2024-07-11_5_23;5.0;BJORN3TRI3_SCALE;2024-07-11;5;23
0;ADR313;BJORN3TRI3_SCALE_2024-07-11_6_26;5.0;BJORN3TRI3_SCALE;2024-07-11;6;26
0;ADP791;BJORN3TRI3_SCALE_2024-07-11_6_25;10.0;BJORN3TRI3_SCALE;2024-07-11;6;25
0;ADP791;BJORN3TRI3_SCALE_2024-07-11_7_27;29.0;BJORN3TRI3_SCALE;2024-07-11;7;27
0;ADP797;BJORN3TRI3_SCALE_2024-07-11_20_32;6.0;BJORN3TRI3_SCALE;2024-07-11;20;32
0;ADN792;BJORN3TRI3_SCALE_2024-07-11_4_21;9.0;BJORN3TRI3_SCALE;2024-07-11;4;21
0;ADN792;BJORN3TRI3_SCALE_2024-07-12_4_15;5.0;BJORN3TRI3_SCALE;2024-07-12;4;15
0;ADN765;BJORN3TRI3_SCALE_2024-07-12_3_14;8.0;BJORN3TRI3_SCALE;2024-07-12;3;14
0;ADE028;BJORN3TRI3_SCALE_2024-07-12_12_20;3.0;BJORN3TRI3_SCALE;2024-07-12;12;20
0;ADN765;BJORN3TRI3_SCALE_2024-07-12_4_16;2.0;BJORN3TRI3_SCALE;2024-07-12;4;16
0;ADP799;BJORN3TRI3_SCALE_2024-07-12_17_27;31.0;BJORN3TRI3_SCALE;2024-07-12;17;27
0;ADP799;BJORN3TRI3_SCALE_2024-07-12_14_22;13.0;BJORN3TRI3_SCALE;2024-07-12;14;22
0;ADP799;BJORN3TRI3_SCALE_2024-07-12_17_25;16.0;BJORN3TRI3_SCALE;2024-07-12;17;25
0;ADP799;BJORN3TRI3_SCALE_2024-07-13_11_16;16.0;BJORN3TRI3_SCALE;2024-07-13;11;16
0;ADN792;BJORN3TRI3_SCALE_2024-07-13_16_17;10.0;BJORN3TRI3_SCALE;2024-07-13;16;17
0;ADN792;BJORN3TRI3_SCALE_2024-07-13_5_08;4.0;BJORN3TRI3_SCALE;2024-07-13;5;8
0;ADP799;BJORN3TRI3_SCALE_2024-07-13_6_11;6.0;BJORN3TRI3_SCALE;2024-07-13;6;11
0;ADN765;BJORN3TRI3_SCALE_2024-07-13_10_15;4.0;BJORN3TRI3_SCALE;2024-07-13;10;15
0;ADS112;BJORN3TRI3_SCALE_2024-07-13_20_18;1.0;BJORN3TRI3_SCALE;2024-07-13;20;18
0;ACE966;BJORN3TRI3_SCALE_2024-07-14_10_33;3.0;BJORN3TRI3_SCALE;2024-07-14;10;33
0;ADP797;BJORN3TRI3_SCALE_2024-07-14_11_34;1.0;BJORN3TRI3_SCALE;2024-07-14;11;34
0;ADX527;BJORN3TRI3_SCALE_2024-07-14_7_29;6.0;BJORN3TRI3_SCALE;2024-07-14;7;29
0;ADN765;BJORN3TRI3_SCALE_2024-07-14_14_36;6.0;BJORN3TRI3_SCALE;2024-07-14;14;36
0;ADN792;BJORN3TRI3_SCALE_2024-07-14_5_24;3.0;BJORN3TRI3_SCALE;2024-07-14;5;24
0;ADP799;BJORN3TRI3_SCALE_2024-07-14_16_40;13.0;BJORN3TRI3_SCALE;2024-07-14;16;40
0;ADN765;BJORN3TRI3_SCALE_2024-07-14_8_31;7.0;BJORN3TRI3_SCALE;2024-07-14;8;31
0;ADP921;BJORN3TRI3_SCALE_2024-07-14_6_26;6.0;BJORN3TRI3_SCALE;2024-07-14;6;26
0;ADN765;BJORN3TRI3_SCALE_2024-07-14_14_38;3.0;BJORN3TRI3_SCALE;2024-07-14;14;38
0;ADP799;BJORN3TRI3_SCALE_2024-07-14_18_42;44.0;BJORN3TRI3_SCALE;2024-07-14;18;42
0;ABV360;BJORN3TRI3_SCALE_2024-07-14_14_37;4.0;BJORN3TRI3_SCALE;2024-07-14;14;37
0;ADR812;BJORN3TRI3_SCALE_2024-07-15_12_21;2.0;BJORN3TRI3_SCALE;2024-07-15;12;21
0;ADN765;BJORN3TRI3_SCALE_2024-07-15_9_18;16.0;BJORN3TRI3_SCALE;2024-07-15;9;18
0;ADS110;BJORN3TRI3_SCALE_2024-07-15_18_24;3.0;BJORN3TRI3_SCALE;2024-07-15;18;24
0;ADP708;BJORN3TRI3_SCALE_2024-07-15_6_16;11.0;BJORN3TRI3_SCALE;2024-07-15;6;16
0;ADP652;BJORN3TRI3_SCALE_2024-07-16_17_20;9.0;BJORN3TRI3_SCALE;2024-07-16;17;20
0;ADR416;BJORN3TRI3_SCALE_2024-07-16_8_16;6.0;BJORN3TRI3_SCALE;2024-07-16;8;16
0;ADP791;BJORN3TRI3_SCALE_2024-07-17_11_22;6.0;BJORN3TRI3_SCALE;2024-07-17;11;22
0;ADR421;BJORN3TRI3_SCALE_2024-07-17_15_23;25.0;BJORN3TRI3_SCALE;2024-07-17;15;23
0;ADS119;BJORN3TRI3_SCALE_2024-07-17_21_28;34.0;BJORN3TRI3_SCALE;2024-07-17;21;28
0;ADS119;BJORN3TRI3_SCALE_2024-07-17_20_26;6.0;BJORN3TRI3_SCALE;2024-07-17;20;26
0;ADR401;BJORN3TRI3_SCALE_2024-07-17_21_27;5.0;BJORN3TRI3_SCALE;2024-07-17;21;27
0;ADE059;BJORN3TRI3_SCALE_2024-07-17_9_19;1.0;BJORN3TRI3_SCALE;2024-07-17;9;19
0;ADX614;BJORN3TRI3_SCALE_2024-07-17_9_20;24.0;BJORN3TRI3_SCALE;2024-07-17;9;20
0;ABV643;BJORN3TRI3_SCALE_2024-07-18_12_31;5.0;BJORN3TRI3_SCALE;2024-07-18;12;31
0;ADP793;BJORN3TRI3_SCALE_2024-07-18_12_33;12.0;BJORN3TRI3_SCALE;2024-07-18;12;33
0;ADP793;BJORN3TRI3_SCALE_2024-07-18_12_34;1.0;BJORN3TRI3_SCALE;2024-07-18;12;34
0;ADP793;BJORN3TRI3_SCALE_2024-07-18_13_35;9.0;BJORN3TRI3_SCALE;2024-07-18;13;35
0;ADR274;BJORN3TRI3_SCALE_2024-07-18_11_29;25.0;BJORN3TRI3_SCALE;2024-07-18;11;29
0;ADN765;BJORN3TRI3_SCALE_2024-07-19_4_13;6.0;BJORN3TRI3_SCALE;2024-07-19;4;13
0;ADP799;BJORN3TRI3_SCALE_2024-07-19_9_14;13.0;BJORN3TRI3_SCALE;2024-07-19;9;14
0;ADR479;BJORN3TRI3_SCALE_2024-07-20_12_08;7.0;BJORN3TRI3_SCALE;2024-07-20;12;8
0;ADP369;BJORN3TRI3_SCALE_2024-07-20_10_06;51.0;BJORN3TRI3_SCALE;2024-07-20;10;6
0;ADP791;BJORN3TRI3_SCALE_2024-07-20_10_07;10.0;BJORN3TRI3_SCALE;2024-07-20;10;7
0;ADP793;BJORN3TRI3_SCALE_2024-07-22_4_07;9.0;BJORN3TRI3_SCALE;2024-07-22;4;7
0;ADN765;BJORN3TRI3_SCALE_2024-07-23_13_09;14.0;BJORN3TRI3_SCALE;2024-07-23;13;9
0;ADS410;BJORN3TRI3_SCALE_2024-07-23_8_02;9.0;BJORN3TRI3_SCALE;2024-07-23;8;2
0;ADE620;BJORN3TRI3_SCALE_2024-07-23_12_06;1.0;BJORN3TRI3_SCALE;2024-07-23;12;6
0;ADP369;BJORN3TRI3_SCALE_2024-07-23_11_05;7.0;BJORN3TRI3_SCALE;2024-07-23;11;5
0;ADP791;BJORN3TRI3_SCALE_2024-07-24_7_08;4.0;BJORN3TRI3_SCALE;2024-07-24;7;8
0;ADP791;BJORN3TRI3_SCALE_2024-07-24_7_09;24.0;BJORN3TRI3_SCALE;2024-07-24;7;9
0;ADP799;BJORN3TRI3_SCALE_2024-07-24_7_07;74.0;BJORN3TRI3_SCALE;2024-07-24;7;7
0;ADP793;BJORN3TRI3_SCALE_2024-07-25_9_08;14.0;BJORN3TRI3_SCALE;2024-07-25;9;8
0;ADP793;BJORN3TRI3_SCALE_2024-07-25_9_07;3.0;BJORN3TRI3_SCALE;2024-07-25;9;7
0;ADP793;BJORN3TRI3_SCALE_2024-07-27_6_06;3.0;BJORN3TRI3_SCALE;2024-07-27;6;6
0;ADP708;BJORN3TRI3_SCALE_2024-07-28_14_06;6.0;BJORN3TRI3_SCALE;2024-07-28;14;6
0;ADP793;BJORN3TRI3_SCALE_2024-07-30_7_03;14.0;BJORN3TRI3_SCALE;2024-07-30;7;3
0;ADN765;BJORN3TRI3_SCALE_2024-07-30_8_04;16.0;BJORN3TRI3_SCALE;2024-07-30;8;4
0;ADP793;BJORN3TRI3_SCALE_2024-07-30_8_05;5.0;BJORN3TRI3_SCALE;2024-07-30;8;5
0;ADK382;FAR3_SCALE_2023-05-09_13_42;16.0;FAR3_SCALE;2023-05-09;13;42
0;ADK382;FAR3_SCALE_2023-05-23_10_18;19.0;FAR3_SCALE;2023-05-23;10;18
0;ADE000;FAR3_SCALE_2023-05-24_5_36;27.0;FAR3_SCALE;2023-05-24;5;36
0;ADE000;FAR3_SCALE_2023-05-24_6_38;8.0;FAR3_SCALE;2023-05-24;6;38
0;ADK382;FAR3_SCALE_2023-05-25_6_27;10.0;FAR3_SCALE;2023-05-25;6;27
0;ADP724;FAR3_SCALE_2023-05-25_5_23;5.0;FAR3_SCALE;2023-05-25;5;23
0;ADK382;FAR3_SCALE_2023-05-25_6_26;3.0;FAR3_SCALE;2023-05-25;6;26
0;ADN763;FAR3_SCALE_2023-05-28_5_48;1.0;FAR3_SCALE;2023-05-28;5;48
0;ADP593;FAR3_SCALE_2023-05-28_6_49;19.0;FAR3_SCALE;2023-05-28;6;49
0;ADE005;FAR3_SCALE_2023-05-31_5_45;8.0;FAR3_SCALE;2023-05-31;5;45
0;ADE005;FAR3_SCALE_2023-06-02_5_97;80.0;FAR3_SCALE;2023-06-02;5;97
0;ADE005;FAR3_SCALE_2023-06-02_17_98;8.0;FAR3_SCALE;2023-06-02;17;98
0;ADE005;FAR3_SCALE_2023-06-03_20_82;13.0;FAR3_SCALE;2023-06-03;20;82
0;ADE005;FAR3_SCALE_2023-06-03_4_75;34.0;FAR3_SCALE;2023-06-03;4;75
0;ADN763;FAR3_SCALE_2023-06-03_17_79;3.0;FAR3_SCALE;2023-06-03;17;79
0;ADE005;FAR3_SCALE_2023-06-03_4_74;9.0;FAR3_SCALE;2023-06-03;4;74
0;ADN765;FAR3_SCALE_2023-06-03_17_80;7.0;FAR3_SCALE;2023-06-03;17;80
0;ADE005;FAR3_SCALE_2023-06-04_12_63;17.0;FAR3_SCALE;2023-06-04;12;63
0;ADE005;FAR3_SCALE_2023-06-04_18_71;4.0;FAR3_SCALE;2023-06-04;18;71
0;ADE005;FAR3_SCALE_2023-06-04_16_68;7.0;FAR3_SCALE;2023-06-04;16;68
0;ADE005;FAR3_SCALE_2023-06-04_15_67;9.0;FAR3_SCALE;2023-06-04;15;67
0;ADN765;FAR3_SCALE_2023-06-04_19_72;7.0;FAR3_SCALE;2023-06-04;19;72
0;ADE005;FAR3_SCALE_2023-06-04_20_74;1.0;FAR3_SCALE;2023-06-04;20;74
0;ADE005;FAR3_SCALE_2023-06-04_10_59;1.0;FAR3_SCALE;2023-06-04;10;59
0;ADE005;FAR3_SCALE_2023-06-04_19_73;32.0;FAR3_SCALE;2023-06-04;19;73
0;ADE005;FAR3_SCALE_2023-06-04_5_50;6.0;FAR3_SCALE;2023-06-04;5;50
0;ADE005;FAR3_SCALE_2023-06-04_11_61;6.0;FAR3_SCALE;2023-06-04;11;61
0;ADE005;FAR3_SCALE_2023-06-04_16_69;3.0;FAR3_SCALE;2023-06-04;16;69
0;ADE005;FAR3_SCALE_2023-06-04_10_58;1.0;FAR3_SCALE;2023-06-04;10;58
0;ADN668;FAR3_SCALE_2023-06-05_11_80;5.0;FAR3_SCALE;2023-06-05;11;80
0;ADN770;FAR3_SCALE_2023-06-05_6_77;9.0;FAR3_SCALE;2023-06-05;6;77
0;ADE005;FAR3_SCALE_2023-06-06_12_41;67.0;FAR3_SCALE;2023-06-06;12;41
0;ADE500;FAR3_SCALE_2023-06-06_17_43;8.0;FAR3_SCALE;2023-06-06;17;43
0;ADN763;FAR3_SCALE_2023-06-06_10_38;16.0;FAR3_SCALE;2023-06-06;10;38
0;ADE005;FAR3_SCALE_2023-06-06_11_40;32.0;FAR3_SCALE;2023-06-06;11;40
0;ADE005;FAR3_SCALE_2023-06-06_14_42;8.0;FAR3_SCALE;2023-06-06;14;42
0;ADA513;FAR3_SCALE_2023-06-07_18_142;12.0;FAR3_SCALE;2023-06-07;18;142
0;ADE005;FAR3_SCALE_2023-06-08_11_86;14.0;FAR3_SCALE;2023-06-08;11;86
0;ADE005;FAR3_SCALE_2023-06-08_11_87;4.0;FAR3_SCALE;2023-06-08;11;87
0;ADE500;FAR3_SCALE_2023-06-08_15_88;44.0;FAR3_SCALE;2023-06-08;15;88
0;ADE005;FAR3_SCALE_2023-06-09_11_61;3.0;FAR3_SCALE;2023-06-09;11;61
0;ADE005;FAR3_SCALE_2023-06-10_8_69;31.0;FAR3_SCALE;2023-06-10;8;69
0;ADE000;FAR3_SCALE_2023-06-10_12_71;1.0;FAR3_SCALE;2023-06-10;12;71
0;ADE005;FAR3_SCALE_2023-06-10_6_66;11.0;FAR3_SCALE;2023-06-10;6;66
0;ADE005;FAR3_SCALE_2023-06-10_8_67;15.0;FAR3_SCALE;2023-06-10;8;67
0;ADE005;FAR3_SCALE_2023-06-10_5_63;67.0;FAR3_SCALE;2023-06-10;5;63
0;ADE005;FAR3_SCALE_2023-06-10_5_62;20.0;FAR3_SCALE;2023-06-10;5;62
0;ADN668;FAR3_SCALE_2023-06-10_11_70;3.0;FAR3_SCALE;2023-06-10;11;70
0;ADE005;FAR3_SCALE_2023-06-10_15_73;12.0;FAR3_SCALE;2023-06-10;15;73
0;ADE005;FAR3_SCALE_2023-06-10_5_64;24.0;FAR3_SCALE;2023-06-10;5;64
0;ACT779;FAR3_SCALE_2023-06-11_14_60;3.0;FAR3_SCALE;2023-06-11;14;60
0;ADG599;FAR3_SCALE_2023-06-11_9_56;18.0;FAR3_SCALE;2023-06-11;9;56
0;ACT779;FAR3_SCALE_2023-06-12_15_104;6.0;FAR3_SCALE;2023-06-12;15;104
0;ADE018;FAR3_SCALE_2023-06-12_8_91;3.0;FAR3_SCALE;2023-06-12;8;91
0;ACT779;FAR3_SCALE_2023-06-12_22_106;2.0;FAR3_SCALE;2023-06-12;22;106
0;ACT779;FAR3_SCALE_2023-06-12_15_103;10.0;FAR3_SCALE;2023-06-12;15;103
0;ADE005;FAR3_SCALE_2023-06-13_3_48;1.0;FAR3_SCALE;2023-06-13;3;48
0;ACT779;FAR3_SCALE_2023-06-13_9_56;5.0;FAR3_SCALE;2023-06-13;9;56
0;ADE005;FAR3_SCALE_2023-06-14_20_60;6.0;FAR3_SCALE;2023-06-14;20;60
0;ADN763;FAR3_SCALE_2023-06-14_3_45;6.0;FAR3_SCALE;2023-06-14;3;45
0;ADE005;FAR3_SCALE_2023-06-14_18_59;2.0;FAR3_SCALE;2023-06-14;18;59
0;ADE718;FAR3_SCALE_2023-06-14_10_53;1.0;FAR3_SCALE;2023-06-14;10;53
0;ADK382;FAR3_SCALE_2023-06-14_7_50;1.0;FAR3_SCALE;2023-06-14;7;50
0;ADE005;FAR3_SCALE_2023-06-14_14_58;16.0;FAR3_SCALE;2023-06-14;14;58
0;ADP126;FAR3_SCALE_2023-06-15_22_54;21.0;FAR3_SCALE;2023-06-15;22;54
0;ADA513;FAR3_SCALE_2023-06-15_22_53;6.0;FAR3_SCALE;2023-06-15;22;53
0;ADE018;FAR3_SCALE_2023-06-16_3_58;5.0;FAR3_SCALE;2023-06-16;3;58
0;ACT779;FAR3_SCALE_2023-06-16_22_74;3.0;FAR3_SCALE;2023-06-16;22;74
0;ACT779;FAR3_SCALE_2023-06-16_20_72;11.0;FAR3_SCALE;2023-06-16;20;72
0;ADE005;FAR3_SCALE_2023-06-17_17_49;4.0;FAR3_SCALE;2023-06-17;17;49
0;ADE014;FAR3_SCALE_2023-06-17_20_53;4.0;FAR3_SCALE;2023-06-17;20;53
0;ADE500;FAR3_SCALE_2023-06-17_12_40;2.0;FAR3_SCALE;2023-06-17;12;40
0;ADE005;FAR3_SCALE_2023-06-17_11_39;6.0;FAR3_SCALE;2023-06-17;11;39
0;ADN764;FAR3_SCALE_2023-06-17_19_50;13.0;FAR3_SCALE;2023-06-17;19;50
0;ADE018;FAR3_SCALE_2023-06-17_20_51;2.0;FAR3_SCALE;2023-06-17;20;51
0;ADE018;FAR3_SCALE_2023-06-17_15_43;2.0;FAR3_SCALE;2023-06-17;15;43
0;ADE005;FAR3_SCALE_2023-06-18_10_52;7.0;FAR3_SCALE;2023-06-18;10;52
0;ACT779;FAR3_SCALE_2023-06-18_21_61;7.0;FAR3_SCALE;2023-06-18;21;61
0;ADE011;FAR3_SCALE_2023-06-18_18_58;8.0;FAR3_SCALE;2023-06-18;18;58
0;ADE005;FAR3_SCALE_2023-06-18_10_51;9.0;FAR3_SCALE;2023-06-18;10;51
0;ADE005;FAR3_SCALE_2023-06-18_10_48;32.0;FAR3_SCALE;2023-06-18;10;48
0;ADN764;FAR3_SCALE_2023-06-18_20_59;6.0;FAR3_SCALE;2023-06-18;20;59
0;ADE018;FAR3_SCALE_2023-06-19_14_68;3.0;FAR3_SCALE;2023-06-19;14;68
0;ADE005;FAR3_SCALE_2023-06-19_10_61;8.0;FAR3_SCALE;2023-06-19;10;61
0;ADN764;FAR3_SCALE_2023-06-19_9_60;43.0;FAR3_SCALE;2023-06-19;9;60
0;ADE005;FAR3_SCALE_2023-06-19_10_62;8.0;FAR3_SCALE;2023-06-19;10;62
0;ADN764;FAR3_SCALE_2023-06-19_12_66;3.0;FAR3_SCALE;2023-06-19;12;66
0;ADE018;FAR3_SCALE_2023-06-20_6_60;9.0;FAR3_SCALE;2023-06-20;6;60
0;ADE005;FAR3_SCALE_2023-06-20_4_58;2.0;FAR3_SCALE;2023-06-20;4;58
0;ADE018;FAR3_SCALE_2023-06-20_7_66;1.0;FAR3_SCALE;2023-06-20;7;66
0;ADN765;FAR3_SCALE_2023-06-20_19_71;7.0;FAR3_SCALE;2023-06-20;19;71
0;ADE018;FAR3_SCALE_2023-06-20_6_61;5.0;FAR3_SCALE;2023-06-20;6;61
0;ADE018;FAR3_SCALE_2023-06-20_7_63;7.0;FAR3_SCALE;2023-06-20;7;63
0;ADE018;FAR3_SCALE_2023-06-20_6_62;8.0;FAR3_SCALE;2023-06-20;6;62
0;ADE005;FAR3_SCALE_2023-06-20_5_59;6.0;FAR3_SCALE;2023-06-20;5;59
0;ADN765;FAR3_SCALE_2023-06-20_14_69;5.0;FAR3_SCALE;2023-06-20;14;69
0;ADE018;FAR3_SCALE_2023-06-21_19_105;13.0;FAR3_SCALE;2023-06-21;19;105
0;ADE018;FAR3_SCALE_2023-06-21_16_99;5.0;FAR3_SCALE;2023-06-21;16;99
0;ADE005;FAR3_SCALE_2023-06-21_18_103;22.0;FAR3_SCALE;2023-06-21;18;103
0;ADE018;FAR3_SCALE_2023-06-21_19_106;5.0;FAR3_SCALE;2023-06-21;19;106
0;ADE018;FAR3_SCALE_2023-06-21_16_100;14.0;FAR3_SCALE;2023-06-21;16;100
0;ADE018;FAR3_SCALE_2023-06-21_20_108;8.0;FAR3_SCALE;2023-06-21;20;108
0;ADN764;FAR3_SCALE_2023-06-21_15_98;17.0;FAR3_SCALE;2023-06-21;15;98
0;ADE005;FAR3_SCALE_2023-06-21_17_101;1.0;FAR3_SCALE;2023-06-21;17;101
0;ADE000;FAR3_SCALE_2023-06-21_7_92;11.0;FAR3_SCALE;2023-06-21;7;92
0;ADE018;FAR3_SCALE_2023-06-21_21_110;3.0;FAR3_SCALE;2023-06-21;21;110
0;ADL011;FAR3_SCALE_2023-06-21_21_111;5.0;FAR3_SCALE;2023-06-21;21;111
0;ADE018;FAR3_SCALE_2023-06-21_18_102;8.0;FAR3_SCALE;2023-06-21;18;102
0;ADE011;FAR3_SCALE_2023-06-22_7_81;21.0;FAR3_SCALE;2023-06-22;7;81
0;ADE000;FAR3_SCALE_2023-06-22_21_91;11.0;FAR3_SCALE;2023-06-22;21;91
0;ADN764;FAR3_SCALE_2023-06-22_4_71;9.0;FAR3_SCALE;2023-06-22;4;71
0;ADN765;FAR3_SCALE_2023-06-22_9_83;17.0;FAR3_SCALE;2023-06-22;9;83
0;ADA513;FAR3_SCALE_2023-06-22_22_93;3.0;FAR3_SCALE;2023-06-22;22;93
0;ADE000;FAR3_SCALE_2023-06-22_21_92;17.0;FAR3_SCALE;2023-06-22;21;92
0;ADE005;FAR3_SCALE_2023-06-23_21_88;14.0;FAR3_SCALE;2023-06-23;21;88
0;ADE018;FAR3_SCALE_2023-06-23_13_80;12.0;FAR3_SCALE;2023-06-23;13;80
0;ADE011;FAR3_SCALE_2023-06-23_21_87;4.0;FAR3_SCALE;2023-06-23;21;87
0;ADN254;FAR3_SCALE_2023-06-23_12_79;4.0;FAR3_SCALE;2023-06-23;12;79
0;ADP354;FAR3_SCALE_2023-06-23_19_85;1.0;FAR3_SCALE;2023-06-23;19;85
0;ADE018;FAR3_SCALE_2023-06-23_9_77;8.0;FAR3_SCALE;2023-06-23;9;77
0;ADN765;FAR3_SCALE_2023-06-23_14_81;3.0;FAR3_SCALE;2023-06-23;14;81
0;ADN765;FAR3_SCALE_2023-06-23_7_73;8.0;FAR3_SCALE;2023-06-23;7;73
0;ADN764;FAR3_SCALE_2023-06-23_18_84;4.0;FAR3_SCALE;2023-06-23;18;84
0;ADE018;FAR3_SCALE_2023-06-24_3_100;17.0;FAR3_SCALE;2023-06-24;3;100
0;ADE005;FAR3_SCALE_2023-06-24_8_110;6.0;FAR3_SCALE;2023-06-24;8;110
0;ADE005;FAR3_SCALE_2023-06-24_9_112;13.0;FAR3_SCALE;2023-06-24;9;112
0;ADE005;FAR3_SCALE_2023-06-24_5_106;24.0;FAR3_SCALE;2023-06-24;5;106
0;ADN764;FAR3_SCALE_2023-06-24_11_117;1.0;FAR3_SCALE;2023-06-24;11;117
0;ADE018;FAR3_SCALE_2023-06-24_5_105;6.0;FAR3_SCALE;2023-06-24;5;105
0;ADN763;FAR3_SCALE_2023-06-24_22_136;19.0;FAR3_SCALE;2023-06-24;22;136
0;ADN764;FAR3_SCALE_2023-06-24_10_114;7.0;FAR3_SCALE;2023-06-24;10;114
0;ADN899;FAR3_SCALE_2023-06-24_11_120;1.0;FAR3_SCALE;2023-06-24;11;120
0;ADE018;FAR3_SCALE_2023-06-24_4_103;2.0;FAR3_SCALE;2023-06-24;4;103
0;ADE033;FAR3_SCALE_2023-06-24_9_113;2.0;FAR3_SCALE;2023-06-24;9;113
0;ADE018;FAR3_SCALE_2023-06-24_4_102;33.0;FAR3_SCALE;2023-06-24;4;102
0;ADE018;FAR3_SCALE_2023-06-24_3_101;8.0;FAR3_SCALE;2023-06-24;3;101
0;ADN765;FAR3_SCALE_2023-06-25_14_94;12.0;FAR3_SCALE;2023-06-25;14;94
0;ADE005;FAR3_SCALE_2023-06-25_7_77;24.0;FAR3_SCALE;2023-06-25;7;77
0;ADE018;FAR3_SCALE_2023-06-25_8_80;2.0;FAR3_SCALE;2023-06-25;8;80
0;ADE018;FAR3_SCALE_2023-06-25_22_123;1.0;FAR3_SCALE;2023-06-25;22;123
0;ADE011;FAR3_SCALE_2023-06-25_21_118;6.0;FAR3_SCALE;2023-06-25;21;118
0;ADE018;FAR3_SCALE_2023-06-25_8_79;3.0;FAR3_SCALE;2023-06-25;8;79
0;ADE005;FAR3_SCALE_2023-06-25_19_106;6.0;FAR3_SCALE;2023-06-25;19;106
0;ADE018;FAR3_SCALE_2023-06-25_9_83;5.0;FAR3_SCALE;2023-06-25;9;83
0;ADE018;FAR3_SCALE_2023-06-25_13_90;13.0;FAR3_SCALE;2023-06-25;13;90
0;ADE018;FAR3_SCALE_2023-06-25_22_120;3.0;FAR3_SCALE;2023-06-25;22;120
0;ADE018;FAR3_SCALE_2023-06-25_6_76;3.0;FAR3_SCALE;2023-06-25;6;76
0;ADE005;FAR3_SCALE_2023-06-25_21_119;3.0;FAR3_SCALE;2023-06-25;21;119
0;ADE018;FAR3_SCALE_2023-06-25_22_122;3.0;FAR3_SCALE;2023-06-25;22;122
0;ADE018;FAR3_SCALE_2023-06-25_6_75;5.0;FAR3_SCALE;2023-06-25;6;75
0;ADE018;FAR3_SCALE_2023-06-25_22_124;9.0;FAR3_SCALE;2023-06-25;22;124
0;ADE011;FAR3_SCALE_2023-06-25_19_107;34.0;FAR3_SCALE;2023-06-25;19;107
0;ADE000;FAR3_SCALE_2023-06-26_20_119;20.0;FAR3_SCALE;2023-06-26;20;119
0;ADN765;FAR3_SCALE_2023-06-26_11_102;5.0;FAR3_SCALE;2023-06-26;11;102
0;ADE018;FAR3_SCALE_2023-06-26_3_70;1.0;FAR3_SCALE;2023-06-26;3;70
0;ADN899;FAR3_SCALE_2023-06-26_6_83;4.0;FAR3_SCALE;2023-06-26;6;83
0;ADE018;FAR3_SCALE_2023-06-26_8_92;1.0;FAR3_SCALE;2023-06-26;8;92
0;ADE018;FAR3_SCALE_2023-06-26_8_93;5.0;FAR3_SCALE;2023-06-26;8;93
0;ADE018;FAR3_SCALE_2023-06-26_4_76;4.0;FAR3_SCALE;2023-06-26;4;76
0;ADE018;FAR3_SCALE_2023-06-26_3_71;4.0;FAR3_SCALE;2023-06-26;3;71
0;ADN899;FAR3_SCALE_2023-06-26_5_80;7.0;FAR3_SCALE;2023-06-26;5;80
0;ADE018;FAR3_SCALE_2023-06-26_5_78;12.0;FAR3_SCALE;2023-06-26;5;78
0;ADE018;FAR3_SCALE_2023-06-26_3_73;6.0;FAR3_SCALE;2023-06-26;3;73
0;ADE005;FAR3_SCALE_2023-06-26_5_77;2.0;FAR3_SCALE;2023-06-26;5;77
0;ADN899;FAR3_SCALE_2023-06-26_5_79;7.0;FAR3_SCALE;2023-06-26;5;79
0;ADE018;FAR3_SCALE_2023-06-26_3_72;5.0;FAR3_SCALE;2023-06-26;3;72
0;ADE018;FAR3_SCALE_2023-06-26_10_98;2.0;FAR3_SCALE;2023-06-26;10;98
0;ADE005;FAR3_SCALE_2023-06-26_6_85;5.0;FAR3_SCALE;2023-06-26;6;85
0;ADN899;FAR3_SCALE_2023-06-27_8_50;7.0;FAR3_SCALE;2023-06-27;8;50
0;ADE018;FAR3_SCALE_2023-06-27_15_64;3.0;FAR3_SCALE;2023-06-27;15;64
0;ADE000;FAR3_SCALE_2023-06-27_4_44;2.0;FAR3_SCALE;2023-06-27;4;44
0;ADN765;FAR3_SCALE_2023-06-27_21_85;9.0;FAR3_SCALE;2023-06-27;21;85
0;ADE018;FAR3_SCALE_2023-06-27_11_55;6.0;FAR3_SCALE;2023-06-27;11;55
0;ADN999;FAR3_SCALE_2023-06-27_7_48;1.0;FAR3_SCALE;2023-06-27;7;48
0;ADN776;FAR3_SCALE_2023-06-27_14_59;3.0;FAR3_SCALE;2023-06-27;14;59
0;ADE018;FAR3_SCALE_2023-06-27_21_84;1.0;FAR3_SCALE;2023-06-27;21;84
0;ADN899;FAR3_SCALE_2023-06-27_9_53;20.0;FAR3_SCALE;2023-06-27;9;53
0;ADE018;FAR3_SCALE_2023-06-27_11_56;5.0;FAR3_SCALE;2023-06-27;11;56
0;ADE018;FAR3_SCALE_2023-06-27_13_58;9.0;FAR3_SCALE;2023-06-27;13;58
0;ADE005;FAR3_SCALE_2023-06-27_22_88;12.0;FAR3_SCALE;2023-06-27;22;88
0;ADE018;FAR3_SCALE_2023-06-27_19_74;2.0;FAR3_SCALE;2023-06-27;19;74
0;ADE018;FAR3_SCALE_2023-06-27_15_63;9.0;FAR3_SCALE;2023-06-27;15;63
0;ADE018;FAR3_SCALE_2023-06-27_17_70;2.0;FAR3_SCALE;2023-06-27;17;70
0;ADE005;FAR3_SCALE_2023-06-27_3_42;3.0;FAR3_SCALE;2023-06-27;3;42
0;ADN765;FAR3_SCALE_2023-06-27_15_61;6.0;FAR3_SCALE;2023-06-27;15;61
0;ADN899;FAR3_SCALE_2023-06-27_7_47;7.0;FAR3_SCALE;2023-06-27;7;47
0;ADE018;FAR3_SCALE_2023-06-27_20_75;2.0;FAR3_SCALE;2023-06-27;20;75
0;ADE018;FAR3_SCALE_2023-06-27_15_62;4.0;FAR3_SCALE;2023-06-27;15;62
0;ADG599;FAR3_SCALE_2023-06-28_12_99;5.0;FAR3_SCALE;2023-06-28;12;99
0;ADG599;FAR3_SCALE_2023-06-28_14_105;2.0;FAR3_SCALE;2023-06-28;14;105
0;ADG599;FAR3_SCALE_2023-06-28_12_98;12.0;FAR3_SCALE;2023-06-28;12;98
0;ADB966;FAR3_SCALE_2023-06-28_5_84;2.0;FAR3_SCALE;2023-06-28;5;84
0;ADE018;FAR3_SCALE_2023-06-28_7_88;2.0;FAR3_SCALE;2023-06-28;7;88
0;ADG599;FAR3_SCALE_2023-06-28_10_92;6.0;FAR3_SCALE;2023-06-28;10;92
0;ADE018;FAR3_SCALE_2023-06-28_9_90;1.0;FAR3_SCALE;2023-06-28;9;90
0;ADG599;FAR3_SCALE_2023-06-28_12_103;3.0;FAR3_SCALE;2023-06-28;12;103
0;ADG599;FAR3_SCALE_2023-06-28_12_102;1.0;FAR3_SCALE;2023-06-28;12;102
0;ADG599;FAR3_SCALE_2023-06-28_13_104;7.0;FAR3_SCALE;2023-06-28;13;104
0;ADE011;FAR3_SCALE_2023-06-28_20_111;1.0;FAR3_SCALE;2023-06-28;20;111
0;ADG599;FAR3_SCALE_2023-06-29_13_111;7.0;FAR3_SCALE;2023-06-29;13;111
0;ACT779;FAR3_SCALE_2023-06-29_18_119;9.0;FAR3_SCALE;2023-06-29;18;119
0;ADN254;FAR3_SCALE_2023-06-29_17_115;19.0;FAR3_SCALE;2023-06-29;17;115
0;ADE011;FAR3_SCALE_2023-06-29_10_99;6.0;FAR3_SCALE;2023-06-29;10;99
0;ADG599;FAR3_SCALE_2023-06-29_9_98;5.0;FAR3_SCALE;2023-06-29;9;98
0;ADG599;FAR3_SCALE_2023-06-29_12_109;6.0;FAR3_SCALE;2023-06-29;12;109
0;ADN668;FAR3_SCALE_2023-06-29_10_101;1.0;FAR3_SCALE;2023-06-29;10;101
0;ACT779;FAR3_SCALE_2023-06-29_17_117;1.0;FAR3_SCALE;2023-06-29;17;117
0;ADG199;FAR3_SCALE_2023-06-29_12_106;1.0;FAR3_SCALE;2023-06-29;12;106
0;ADG599;FAR3_SCALE_2023-06-29_14_113;2.0;FAR3_SCALE;2023-06-29;14;113
0;ADE005;FAR3_SCALE_2023-06-29_20_123;2.0;FAR3_SCALE;2023-06-29;20;123
0;ADE011;FAR3_SCALE_2023-06-29_4_94;4.0;FAR3_SCALE;2023-06-29;4;94
0;ADG599;FAR3_SCALE_2023-06-29_9_97;10.0;FAR3_SCALE;2023-06-29;9;97
0;ADG599;FAR3_SCALE_2023-06-29_12_104;8.0;FAR3_SCALE;2023-06-29;12;104
0;ADE005;FAR3_SCALE_2023-06-29_22_129;1.0;FAR3_SCALE;2023-06-29;22;129
0;ADG599;FAR3_SCALE_2023-06-29_13_110;5.0;FAR3_SCALE;2023-06-29;13;110
0;ADE005;FAR3_SCALE_2023-06-29_19_120;12.0;FAR3_SCALE;2023-06-29;19;120
0;ADG599;FAR3_SCALE_2023-06-29_12_103;2.0;FAR3_SCALE;2023-06-29;12;103
0;ADG599;FAR3_SCALE_2023-06-29_14_112;1.0;FAR3_SCALE;2023-06-29;14;112
0;ADN254;FAR3_SCALE_2023-06-29_17_116;2.0;FAR3_SCALE;2023-06-29;17;116
0;ADN765;FAR3_SCALE_2023-06-29_12_108;6.0;FAR3_SCALE;2023-06-29;12;108
0;ACT622;FAR3_SCALE_2023-06-29_22_126;2.0;FAR3_SCALE;2023-06-29;22;126
0;ADN765;FAR3_SCALE_2023-06-29_22_131;1.0;FAR3_SCALE;2023-06-29;22;131
0;ADE005;FAR3_SCALE_2023-06-29_22_130;5.0;FAR3_SCALE;2023-06-29;22;130
0;ADE018;FAR3_SCALE_2023-06-29_21_124;1.0;FAR3_SCALE;2023-06-29;21;124
0;ADG599;FAR3_SCALE_2023-06-29_12_105;7.0;FAR3_SCALE;2023-06-29;12;105
0;ADG599;FAR3_SCALE_2023-06-30_9_90;4.0;FAR3_SCALE;2023-06-30;9;90
0;ADE500;FAR3_SCALE_2023-06-30_20_160;1.0;FAR3_SCALE;2023-06-30;20;160
0;ADN668;FAR3_SCALE_2023-06-30_10_105;1.0;FAR3_SCALE;2023-06-30;10;105
0;ADE011;FAR3_SCALE_2023-06-30_6_80;1.0;FAR3_SCALE;2023-06-30;6;80
0;ADN899;FAR3_SCALE_2023-06-30_16_138;6.0;FAR3_SCALE;2023-06-30;16;138
0;ADG599;FAR3_SCALE_2023-06-30_12_119;10.0;FAR3_SCALE;2023-06-30;12;119
0;ADE018;FAR3_SCALE_2023-06-30_9_97;3.0;FAR3_SCALE;2023-06-30;9;97
0;ADG522;FAR3_SCALE_2023-06-30_10_107;2.0;FAR3_SCALE;2023-06-30;10;107
0;ADE018;FAR3_SCALE_2023-06-30_5_75;1.0;FAR3_SCALE;2023-06-30;5;75
0;ADE018;FAR3_SCALE_2023-06-30_4_69;4.0;FAR3_SCALE;2023-06-30;4;69
0;ADN668;FAR3_SCALE_2023-06-30_19_159;1.0;FAR3_SCALE;2023-06-30;19;159
0;ADG599;FAR3_SCALE_2023-06-30_8_85;12.0;FAR3_SCALE;2023-06-30;8;85
0;ADE018;FAR3_SCALE_2023-06-30_5_78;4.0;FAR3_SCALE;2023-06-30;5;78
0;ADE018;FAR3_SCALE_2023-06-30_5_73;3.0;FAR3_SCALE;2023-06-30;5;73
0;ADE018;FAR3_SCALE_2023-06-30_5_76;5.0;FAR3_SCALE;2023-06-30;5;76
0;ADG665;FAR3_SCALE_2023-06-30_17_146;2.0;FAR3_SCALE;2023-06-30;17;146
0;ADN899;FAR3_SCALE_2023-06-30_17_147;4.0;FAR3_SCALE;2023-06-30;17;147
0;ADE018;FAR3_SCALE_2023-06-30_16_135;1.0;FAR3_SCALE;2023-06-30;16;135
0;ADE018;FAR3_SCALE_2023-06-30_9_96;2.0;FAR3_SCALE;2023-06-30;9;96
0;ADE018;FAR3_SCALE_2023-06-30_18_152;2.0;FAR3_SCALE;2023-06-30;18;152
0;ADG599;FAR3_SCALE_2023-06-30_21_162;1.0;FAR3_SCALE;2023-06-30;21;162
0;ADN899;FAR3_SCALE_2023-06-30_19_158;3.0;FAR3_SCALE;2023-06-30;19;158
0;ADG599;FAR3_SCALE_2023-06-30_9_98;3.0;FAR3_SCALE;2023-06-30;9;98
0;ADG599;FAR3_SCALE_2023-06-30_11_111;3.0;FAR3_SCALE;2023-06-30;11;111
0;ADE018;FAR3_SCALE_2023-06-30_16_137;1.0;FAR3_SCALE;2023-06-30;16;137
0;ADG599;FAR3_SCALE_2023-06-30_15_127;10.0;FAR3_SCALE;2023-06-30;15;127
0;ADG599;FAR3_SCALE_2023-06-30_9_91;2.0;FAR3_SCALE;2023-06-30;9;91
0;ADG599;FAR3_SCALE_2023-06-30_17_145;1.0;FAR3_SCALE;2023-06-30;17;145
0;ADG599;FAR3_SCALE_2023-06-30_8_88;6.0;FAR3_SCALE;2023-06-30;8;88
0;ADE018;FAR3_SCALE_2023-06-30_5_72;2.0;FAR3_SCALE;2023-06-30;5;72
0;ADG599;FAR3_SCALE_2023-06-30_8_86;2.0;FAR3_SCALE;2023-06-30;8;86
0;ADN668;FAR3_SCALE_2023-06-30_18_148;1.0;FAR3_SCALE;2023-06-30;18;148
0;ADE005;FAR3_SCALE_2023-06-30_8_84;1.0;FAR3_SCALE;2023-06-30;8;84
0;ADE018;FAR3_SCALE_2023-06-30_4_68;2.0;FAR3_SCALE;2023-06-30;4;68
0;ADG599;FAR3_SCALE_2023-06-30_13_121;9.0;FAR3_SCALE;2023-06-30;13;121
0;ADN899;FAR3_SCALE_2023-06-30_10_102;5.0;FAR3_SCALE;2023-06-30;10;102
0;ADE018;FAR3_SCALE_2023-06-30_4_70;3.0;FAR3_SCALE;2023-06-30;4;70
0;ADG599;FAR3_SCALE_2023-06-30_12_117;4.0;FAR3_SCALE;2023-06-30;12;117
0;ADG599;FAR3_SCALE_2023-06-30_8_87;5.0;FAR3_SCALE;2023-06-30;8;87
0;ADG599;FAR3_SCALE_2023-06-30_11_115;20.0;FAR3_SCALE;2023-06-30;11;115
0;ADG599;FAR3_SCALE_2023-06-30_9_101;2.0;FAR3_SCALE;2023-06-30;9;101
0;ADE018;FAR3_SCALE_2023-06-30_5_74;1.0;FAR3_SCALE;2023-06-30;5;74
0;ADE010;FAR3_SCALE_2023-07-01_13_60;3.0;FAR3_SCALE;2023-07-01;13;60
0;ADN668;FAR3_SCALE_2023-07-01_17_72;1.0;FAR3_SCALE;2023-07-01;17;72
0;ADN765;FAR3_SCALE_2023-07-01_9_33;2.0;FAR3_SCALE;2023-07-01;9;33
0;ADN899;FAR3_SCALE_2023-07-01_12_57;7.0;FAR3_SCALE;2023-07-01;12;57
0;ADE010;FAR3_SCALE_2023-07-01_11_51;8.0;FAR3_SCALE;2023-07-01;11;51
0;ADE110;FAR3_SCALE_2023-07-01_14_62;2.0;FAR3_SCALE;2023-07-01;14;62
0;ADE005;FAR3_SCALE_2023-07-01_21_77;1.0;FAR3_SCALE;2023-07-01;21;77
0;ADN765;FAR3_SCALE_2023-07-01_8_30;16.0;FAR3_SCALE;2023-07-01;8;30
0;ADN899;FAR3_SCALE_2023-07-01_10_41;5.0;FAR3_SCALE;2023-07-01;10;41
0;ADN765;FAR3_SCALE_2023-07-01_10_47;5.0;FAR3_SCALE;2023-07-01;10;47
0;ADN668;FAR3_SCALE_2023-07-01_10_42;2.0;FAR3_SCALE;2023-07-01;10;42
0;ADN899;FAR3_SCALE_2023-07-01_12_58;5.0;FAR3_SCALE;2023-07-01;12;58
0;ADN899;FAR3_SCALE_2023-07-01_17_73;2.0;FAR3_SCALE;2023-07-01;17;73
0;ADE014;FAR3_SCALE_2023-07-01_8_29;1.0;FAR3_SCALE;2023-07-01;8;29
0;ADN899;FAR3_SCALE_2023-07-02_15_46;2.0;FAR3_SCALE;2023-07-02;15;46
0;ADE005;FAR3_SCALE_2023-07-02_5_33;2.0;FAR3_SCALE;2023-07-02;5;33
0;ADN765;FAR3_SCALE_2023-07-02_21_91;15.0;FAR3_SCALE;2023-07-02;21;91
0;ADG522;FAR3_SCALE_2023-07-02_15_47;1.0;FAR3_SCALE;2023-07-02;15;47
0;ADG599;FAR3_SCALE_2023-07-02_18_82;9.0;FAR3_SCALE;2023-07-02;18;82
0;ADE005;FAR3_SCALE_2023-07-02_4_32;3.0;FAR3_SCALE;2023-07-02;4;32
0;ADE005;FAR3_SCALE_2023-07-02_19_87;9.0;FAR3_SCALE;2023-07-02;19;87
0;ADG522;FAR3_SCALE_2023-07-02_16_56;1.0;FAR3_SCALE;2023-07-02;16;56
0;ADE018;FAR3_SCALE_2023-07-03_19_68;1.0;FAR3_SCALE;2023-07-03;19;68
0;ADE500;FAR3_SCALE_2023-07-03_4_34;1.0;FAR3_SCALE;2023-07-03;4;34
0;ADN899;FAR3_SCALE_2023-07-03_20_74;4.0;FAR3_SCALE;2023-07-03;20;74
0;ADG599;FAR3_SCALE_2023-07-03_19_64;3.0;FAR3_SCALE;2023-07-03;19;64
0;ADE005;FAR3_SCALE_2023-07-03_21_78;4.0;FAR3_SCALE;2023-07-03;21;78
0;ADN794;FAR3_SCALE_2023-07-03_19_70;5.0;FAR3_SCALE;2023-07-03;19;70
0;ADE011;FAR3_SCALE_2023-07-03_8_38;7.0;FAR3_SCALE;2023-07-03;8;38
0;ADN899;FAR3_SCALE_2023-07-03_18_60;3.0;FAR3_SCALE;2023-07-03;18;60
0;ADN668;FAR3_SCALE_2023-07-03_10_42;4.0;FAR3_SCALE;2023-07-03;10;42
0;ADG599;FAR3_SCALE_2023-07-03_14_54;1.0;FAR3_SCALE;2023-07-03;14;54
0;ADP724;FAR3_SCALE_2023-07-03_12_47;7.0;FAR3_SCALE;2023-07-03;12;47
0;ADN899;FAR3_SCALE_2023-07-03_14_53;8.0;FAR3_SCALE;2023-07-03;14;53
0;ADN899;FAR3_SCALE_2023-07-03_11_46;7.0;FAR3_SCALE;2023-07-03;11;46
0;ADE005;FAR3_SCALE_2023-07-03_3_30;1.0;FAR3_SCALE;2023-07-03;3;30
0;ADG599;FAR3_SCALE_2023-07-04_10_103;2.0;FAR3_SCALE;2023-07-04;10;103
0;ADG599;FAR3_SCALE_2023-07-04_6_84;2.0;FAR3_SCALE;2023-07-04;6;84
0;ADG599;FAR3_SCALE_2023-07-04_6_81;2.0;FAR3_SCALE;2023-07-04;6;81
0;ADE500;FAR3_SCALE_2023-07-04_4_67;3.0;FAR3_SCALE;2023-07-04;4;67
0;ADG599;FAR3_SCALE_2023-07-04_15_116;5.0;FAR3_SCALE;2023-07-04;15;116
0;ADG599;FAR3_SCALE_2023-07-04_10_101;3.0;FAR3_SCALE;2023-07-04;10;101
0;ADE018;FAR3_SCALE_2023-07-04_20_132;1.0;FAR3_SCALE;2023-07-04;20;132
0;ADG599;FAR3_SCALE_2023-07-04_10_102;6.0;FAR3_SCALE;2023-07-04;10;102
0;ADG599;FAR3_SCALE_2023-07-04_10_100;3.0;FAR3_SCALE;2023-07-04;10;100
0;ADE018;FAR3_SCALE_2023-07-04_20_133;6.0;FAR3_SCALE;2023-07-04;20;133
0;ADG599;FAR3_SCALE_2023-07-04_6_83;3.0;FAR3_SCALE;2023-07-04;6;83
0;ADE012;FAR3_SCALE_2023-07-04_20_134;1.0;FAR3_SCALE;2023-07-04;20;134
0;ADG599;FAR3_SCALE_2023-07-04_5_71;1.0;FAR3_SCALE;2023-07-04;5;71
0;ADG599;FAR3_SCALE_2023-07-04_11_104;7.0;FAR3_SCALE;2023-07-04;11;104
0;ADN794;FAR3_SCALE_2023-07-05_14_90;2.0;FAR3_SCALE;2023-07-05;14;90
0;ADN899;FAR3_SCALE_2023-07-05_14_92;4.0;FAR3_SCALE;2023-07-05;14;92
0;ACT779;FAR3_SCALE_2023-07-05_16_95;4.0;FAR3_SCALE;2023-07-05;16;95
0;ADN899;FAR3_SCALE_2023-07-05_11_78;2.0;FAR3_SCALE;2023-07-05;11;78
0;ADG599;FAR3_SCALE_2023-07-05_6_68;2.0;FAR3_SCALE;2023-07-05;6;68
0;ADG599;FAR3_SCALE_2023-07-05_20_112;2.0;FAR3_SCALE;2023-07-05;20;112
0;ADE005;FAR3_SCALE_2023-07-05_20_110;9.0;FAR3_SCALE;2023-07-05;20;110
0;ADN899;FAR3_SCALE_2023-07-05_14_91;12.0;FAR3_SCALE;2023-07-05;14;91
0;ADG599;FAR3_SCALE_2023-07-05_5_62;3.0;FAR3_SCALE;2023-07-05;5;62
0;ACT779;FAR3_SCALE_2023-07-05_11_82;11.0;FAR3_SCALE;2023-07-05;11;82
0;ADR025;FAR3_SCALE_2023-07-05_5_64;1.0;FAR3_SCALE;2023-07-05;5;64
0;ADG599;FAR3_SCALE_2023-07-05_9_73;1.0;FAR3_SCALE;2023-07-05;9;73
0;ADE005;FAR3_SCALE_2023-07-06_4_88;5.0;FAR3_SCALE;2023-07-06;4;88
0;ADE018;FAR3_SCALE_2023-07-06_7_103;6.0;FAR3_SCALE;2023-07-06;7;103
0;ADE018;FAR3_SCALE_2023-07-06_22_149;1.0;FAR3_SCALE;2023-07-06;22;149
0;ADG599;FAR3_SCALE_2023-07-06_10_113;6.0;FAR3_SCALE;2023-07-06;10;113
0;ADG599;FAR3_SCALE_2023-07-06_6_97;2.0;FAR3_SCALE;2023-07-06;6;97
0;ADN765;FAR3_SCALE_2023-07-06_19_139;5.0;FAR3_SCALE;2023-07-06;19;139
0;ADG599;FAR3_SCALE_2023-07-06_11_118;3.0;FAR3_SCALE;2023-07-06;11;118
0;ADG599;FAR3_SCALE_2023-07-06_12_125;1.0;FAR3_SCALE;2023-07-06;12;125
0;ADE018;FAR3_SCALE_2023-07-06_12_123;3.0;FAR3_SCALE;2023-07-06;12;123
0;ADN765;FAR3_SCALE_2023-07-06_4_89;8.0;FAR3_SCALE;2023-07-06;4;89
0;ADG599;FAR3_SCALE_2023-07-06_10_112;16.0;FAR3_SCALE;2023-07-06;10;112
0;ADE011;FAR3_SCALE_2023-07-06_19_141;1.0;FAR3_SCALE;2023-07-06;19;141
0;ADN765;FAR3_SCALE_2023-07-06_19_140;8.0;FAR3_SCALE;2023-07-06;19;140
0;ADG599;FAR3_SCALE_2023-07-06_10_116;24.0;FAR3_SCALE;2023-07-06;10;116
0;ADG599;FAR3_SCALE_2023-07-06_11_122;13.0;FAR3_SCALE;2023-07-06;11;122
0;ADG599;FAR3_SCALE_2023-07-06_4_87;2.0;FAR3_SCALE;2023-07-06;4;87
0;ADE018;FAR3_SCALE_2023-07-06_20_144;9.0;FAR3_SCALE;2023-07-06;20;144
0;ADG599;FAR3_SCALE_2023-07-06_9_107;4.0;FAR3_SCALE;2023-07-06;9;107
0;ADG599;FAR3_SCALE_2023-07-06_11_119;14.0;FAR3_SCALE;2023-07-06;11;119
0;ADG599;FAR3_SCALE_2023-07-06_11_121;10.0;FAR3_SCALE;2023-07-06;11;121
0;ADG599;FAR3_SCALE_2023-07-06_12_127;12.0;FAR3_SCALE;2023-07-06;12;127
0;ADG599;FAR3_SCALE_2023-07-06_12_124;1.0;FAR3_SCALE;2023-07-06;12;124
0;ADG599;FAR3_SCALE_2023-07-07_12_128;7.0;FAR3_SCALE;2023-07-07;12;128
0;ADG599;FAR3_SCALE_2023-07-07_14_132;3.0;FAR3_SCALE;2023-07-07;14;132
0;ADG599;FAR3_SCALE_2023-07-07_19_148;2.0;FAR3_SCALE;2023-07-07;19;148
0;ADG599;FAR3_SCALE_2023-07-07_6_100;2.0;FAR3_SCALE;2023-07-07;6;100
0;ADG599;FAR3_SCALE_2023-07-07_16_138;1.0;FAR3_SCALE;2023-07-07;16;138
0;ADG599;FAR3_SCALE_2023-07-07_18_143;3.0;FAR3_SCALE;2023-07-07;18;143
0;ADG599;FAR3_SCALE_2023-07-07_19_149;11.0;FAR3_SCALE;2023-07-07;19;149
0;ADG599;FAR3_SCALE_2023-07-07_20_153;3.0;FAR3_SCALE;2023-07-07;20;153
0;ADG599;FAR3_SCALE_2023-07-07_11_122;1.0;FAR3_SCALE;2023-07-07;11;122
0;ADG599;FAR3_SCALE_2023-07-07_10_120;4.0;FAR3_SCALE;2023-07-07;10;120
0;ADE018;FAR3_SCALE_2023-07-07_21_157;2.0;FAR3_SCALE;2023-07-07;21;157
0;ADG500;FAR3_SCALE_2023-07-07_10_119;2.0;FAR3_SCALE;2023-07-07;10;119
0;ADG599;FAR3_SCALE_2023-07-07_10_121;5.0;FAR3_SCALE;2023-07-07;10;121
0;ADG599;FAR3_SCALE_2023-07-07_8_112;6.0;FAR3_SCALE;2023-07-07;8;112
0;ADE018;FAR3_SCALE_2023-07-07_10_118;6.0;FAR3_SCALE;2023-07-07;10;118
0;ADE018;FAR3_SCALE_2023-07-07_20_150;6.0;FAR3_SCALE;2023-07-07;20;150
0;ADG599;FAR3_SCALE_2023-07-07_11_123;2.0;FAR3_SCALE;2023-07-07;11;123
0;ADG665;FAR3_SCALE_2023-07-07_18_146;5.0;FAR3_SCALE;2023-07-07;18;146
0;ADG599;FAR3_SCALE_2023-07-07_11_124;3.0;FAR3_SCALE;2023-07-07;11;124
0;ADE018;FAR3_SCALE_2023-07-07_20_152;2.0;FAR3_SCALE;2023-07-07;20;152
0;ADP724;FAR3_SCALE_2023-07-07_7_107;7.0;FAR3_SCALE;2023-07-07;7;107
0;ADG599;FAR3_SCALE_2023-07-07_15_137;5.0;FAR3_SCALE;2023-07-07;15;137
0;ADE018;FAR3_SCALE_2023-07-07_20_151;5.0;FAR3_SCALE;2023-07-07;20;151
0;ADG599;FAR3_SCALE_2023-07-07_10_116;4.0;FAR3_SCALE;2023-07-07;10;116
0;ADG599;FAR3_SCALE_2023-07-07_6_105;2.0;FAR3_SCALE;2023-07-07;6;105
0;ADG599;FAR3_SCALE_2023-07-07_4_89;3.0;FAR3_SCALE;2023-07-07;4;89
0;ADG599;FAR3_SCALE_2023-07-07_6_102;1.0;FAR3_SCALE;2023-07-07;6;102
0;ADG599;FAR3_SCALE_2023-07-07_20_155;2.0;FAR3_SCALE;2023-07-07;20;155
0;ADG599;FAR3_SCALE_2023-07-07_19_147;12.0;FAR3_SCALE;2023-07-07;19;147
0;ADG599;FAR3_SCALE_2023-07-07_17_140;5.0;FAR3_SCALE;2023-07-07;17;140
0;ADG599;FAR3_SCALE_2023-07-07_20_156;4.0;FAR3_SCALE;2023-07-07;20;156
0;ADG599;FAR3_SCALE_2023-07-07_4_84;5.0;FAR3_SCALE;2023-07-07;4;84
0;ADG599;FAR3_SCALE_2023-07-07_6_101;3.0;FAR3_SCALE;2023-07-07;6;101
0;ADN765;FAR3_SCALE_2023-07-08_7_106;4.0;FAR3_SCALE;2023-07-08;7;106
0;AAB288;FAR3_SCALE_2023-07-08_13_139;8.0;FAR3_SCALE;2023-07-08;13;139
0;ADG599;FAR3_SCALE_2023-07-08_13_135;1.0;FAR3_SCALE;2023-07-08;13;135
0;AAB288;FAR3_SCALE_2023-07-08_13_137;1.0;FAR3_SCALE;2023-07-08;13;137
0;ADN899;FAR3_SCALE_2023-07-08_9_117;6.0;FAR3_SCALE;2023-07-08;9;117
0;AAB288;FAR3_SCALE_2023-07-08_4_86;4.0;FAR3_SCALE;2023-07-08;4;86
0;ADN765;FAR3_SCALE_2023-07-08_17_142;11.0;FAR3_SCALE;2023-07-08;17;142
0;ADE011;FAR3_SCALE_2023-07-08_19_145;15.0;FAR3_SCALE;2023-07-08;19;145
0;ADG599;FAR3_SCALE_2023-07-08_8_112;2.0;FAR3_SCALE;2023-07-08;8;112
0;ADN765;FAR3_SCALE_2023-07-08_19_149;1.0;FAR3_SCALE;2023-07-08;19;149
0;AAB288;FAR3_SCALE_2023-07-08_3_77;5.0;FAR3_SCALE;2023-07-08;3;77
0;ABH028;FAR3_SCALE_2023-07-08_19_146;1.0;FAR3_SCALE;2023-07-08;19;146
0;ADG599;FAR3_SCALE_2023-07-08_7_102;28.0;FAR3_SCALE;2023-07-08;7;102
0;AAB288;FAR3_SCALE_2023-07-08_5_93;4.0;FAR3_SCALE;2023-07-08;5;93
0;ADE011;FAR3_SCALE_2023-07-08_4_87;8.0;FAR3_SCALE;2023-07-08;4;87
0;ADE011;FAR3_SCALE_2023-07-08_20_150;2.0;FAR3_SCALE;2023-07-08;20;150
0;ADG599;FAR3_SCALE_2023-07-08_12_132;5.0;FAR3_SCALE;2023-07-08;12;132
0;ADG599;FAR3_SCALE_2023-07-08_8_111;6.0;FAR3_SCALE;2023-07-08;8;111
0;ADN765;FAR3_SCALE_2023-07-08_18_144;19.0;FAR3_SCALE;2023-07-08;18;144
0;ADG599;FAR3_SCALE_2023-07-08_7_107;9.0;FAR3_SCALE;2023-07-08;7;107
0;ADG599;FAR3_SCALE_2023-07-08_11_124;2.0;FAR3_SCALE;2023-07-08;11;124
0;ADE018;FAR3_SCALE_2023-07-08_7_103;3.0;FAR3_SCALE;2023-07-08;7;103
0;ADE011;FAR3_SCALE_2023-07-08_21_152;44.0;FAR3_SCALE;2023-07-08;21;152
0;ADG599;FAR3_SCALE_2023-07-08_13_136;1.0;FAR3_SCALE;2023-07-08;13;136
0;ADN899;FAR3_SCALE_2023-07-08_10_122;9.0;FAR3_SCALE;2023-07-08;10;122
0;ADN755;FAR3_SCALE_2023-07-08_6_101;1.0;FAR3_SCALE;2023-07-08;6;101
0;ABH830;FAR3_SCALE_2023-07-08_19_147;1.0;FAR3_SCALE;2023-07-08;19;147
0;ADG599;FAR3_SCALE_2023-07-08_12_127;2.0;FAR3_SCALE;2023-07-08;12;127
0;ADE018;FAR3_SCALE_2023-07-08_7_104;3.0;FAR3_SCALE;2023-07-08;7;104
0;ADG599;FAR3_SCALE_2023-07-08_11_126;2.0;FAR3_SCALE;2023-07-08;11;126
0;ADG599;FAR3_SCALE_2023-07-08_12_128;8.0;FAR3_SCALE;2023-07-08;12;128
0;AAB288;FAR3_SCALE_2023-07-08_12_131;8.0;FAR3_SCALE;2023-07-08;12;131
0;ADG599;FAR3_SCALE_2023-07-08_6_95;1.0;FAR3_SCALE;2023-07-08;6;95
0;AAB288;FAR3_SCALE_2023-07-08_12_129;1.0;FAR3_SCALE;2023-07-08;12;129
0;ADE018;FAR3_SCALE_2023-07-08_4_85;1.0;FAR3_SCALE;2023-07-08;4;85
0;ADG599;FAR3_SCALE_2023-07-08_9_119;15.0;FAR3_SCALE;2023-07-08;9;119
0;ADN899;FAR3_SCALE_2023-07-08_11_125;11.0;FAR3_SCALE;2023-07-08;11;125
0;ADE011;FAR3_SCALE_2023-07-08_20_151;1.0;FAR3_SCALE;2023-07-08;20;151
0;ADG599;FAR3_SCALE_2023-07-08_10_123;4.0;FAR3_SCALE;2023-07-08;10;123
0;ADG599;FAR3_SCALE_2023-07-08_8_110;9.0;FAR3_SCALE;2023-07-08;8;110
0;ADG599;FAR3_SCALE_2023-07-08_6_100;10.0;FAR3_SCALE;2023-07-08;6;100
0;ADN668;FAR3_SCALE_2023-07-08_5_92;3.0;FAR3_SCALE;2023-07-08;5;92
0;ADE018;FAR3_SCALE_2023-07-08_4_84;10.0;FAR3_SCALE;2023-07-08;4;84
0;ADN765;FAR3_SCALE_2023-07-08_21_153;45.0;FAR3_SCALE;2023-07-08;21;153
0;ADG599;FAR3_SCALE_2023-07-08_9_121;8.0;FAR3_SCALE;2023-07-08;9;121
0;ADE018;FAR3_SCALE_2023-07-08_8_108;1.0;FAR3_SCALE;2023-07-08;8;108
0;ADG599;FAR3_SCALE_2023-07-08_12_133;1.0;FAR3_SCALE;2023-07-08;12;133
0;ADG599;FAR3_SCALE_2023-07-08_14_140;10.0;FAR3_SCALE;2023-07-08;14;140
0;ADG599;FAR3_SCALE_2023-07-08_5_94;6.0;FAR3_SCALE;2023-07-08;5;94
0;AAB288;FAR3_SCALE_2023-07-08_4_81;6.0;FAR3_SCALE;2023-07-08;4;81
0;ADG599;FAR3_SCALE_2023-07-08_7_105;8.0;FAR3_SCALE;2023-07-08;7;105
0;ADG599;FAR3_SCALE_2023-07-08_12_130;4.0;FAR3_SCALE;2023-07-08;12;130
0;ADE018;FAR3_SCALE_2023-07-08_14_141;10.0;FAR3_SCALE;2023-07-08;14;141
0;ADN899;FAR3_SCALE_2023-07-08_8_115;11.0;FAR3_SCALE;2023-07-08;8;115
0;ADN899;FAR3_SCALE_2023-07-08_8_114;8.0;FAR3_SCALE;2023-07-08;8;114
0;ADG599;FAR3_SCALE_2023-07-09_6_95;8.0;FAR3_SCALE;2023-07-09;6;95
0;ADG599;FAR3_SCALE_2023-07-09_10_105;2.0;FAR3_SCALE;2023-07-09;10;105
0;ADG599;FAR3_SCALE_2023-07-09_4_86;8.0;FAR3_SCALE;2023-07-09;4;86
0;ADG599;FAR3_SCALE_2023-07-09_9_103;1.0;FAR3_SCALE;2023-07-09;9;103
0;ADG599;FAR3_SCALE_2023-07-09_4_87;23.0;FAR3_SCALE;2023-07-09;4;87
0;ADG599;FAR3_SCALE_2023-07-09_6_92;24.0;FAR3_SCALE;2023-07-09;6;92
0;ADE018;FAR3_SCALE_2023-07-09_19_119;6.0;FAR3_SCALE;2023-07-09;19;119
0;ADG599;FAR3_SCALE_2023-07-09_10_106;7.0;FAR3_SCALE;2023-07-09;10;106
0;ADG599;FAR3_SCALE_2023-07-09_4_88;9.0;FAR3_SCALE;2023-07-09;4;88
0;ADG599;FAR3_SCALE_2023-07-09_6_94;9.0;FAR3_SCALE;2023-07-09;6;94
0;ADG599;FAR3_SCALE_2023-07-09_5_90;6.0;FAR3_SCALE;2023-07-09;5;90
0;ADG599;FAR3_SCALE_2023-07-09_14_110;12.0;FAR3_SCALE;2023-07-09;14;110
0;ADG599;FAR3_SCALE_2023-07-09_6_91;7.0;FAR3_SCALE;2023-07-09;6;91
0;ADE018;FAR3_SCALE_2023-07-09_19_117;3.0;FAR3_SCALE;2023-07-09;19;117
0;ADG599;FAR3_SCALE_2023-07-09_20_121;32.0;FAR3_SCALE;2023-07-09;20;121
0;ADE018;FAR3_SCALE_2023-07-09_19_120;3.0;FAR3_SCALE;2023-07-09;19;120
0;ADE005;FAR3_SCALE_2023-07-10_11_116;19.0;FAR3_SCALE;2023-07-10;11;116
0;AAB288;FAR3_SCALE_2023-07-10_12_120;76.0;FAR3_SCALE;2023-07-10;12;120
0;ADE018;FAR3_SCALE_2023-07-10_9_107;2.0;FAR3_SCALE;2023-07-10;9;107
0;ADE018;FAR3_SCALE_2023-07-10_16_140;2.0;FAR3_SCALE;2023-07-10;16;140
0;ADE018;FAR3_SCALE_2023-07-10_12_122;7.0;FAR3_SCALE;2023-07-10;12;122
0;ADE018;FAR3_SCALE_2023-07-10_13_128;9.0;FAR3_SCALE;2023-07-10;13;128
0;ADE018;FAR3_SCALE_2023-07-10_21_164;11.0;FAR3_SCALE;2023-07-10;21;164
0;AAB288;FAR3_SCALE_2023-07-10_19_153;5.0;FAR3_SCALE;2023-07-10;19;153
0;ADE018;FAR3_SCALE_2023-07-10_18_147;3.0;FAR3_SCALE;2023-07-10;18;147
0;ACX881;FAR3_SCALE_2023-07-10_9_108;14.0;FAR3_SCALE;2023-07-10;9;108
0;AAB288;FAR3_SCALE_2023-07-10_17_145;6.0;FAR3_SCALE;2023-07-10;17;145
0;ADE018;FAR3_SCALE_2023-07-10_18_152;2.0;FAR3_SCALE;2023-07-10;18;152
0;ADE018;FAR3_SCALE_2023-07-10_16_133;2.0;FAR3_SCALE;2023-07-10;16;133
0;ADE018;FAR3_SCALE_2023-07-10_19_154;2.0;FAR3_SCALE;2023-07-10;19;154
0;ADE018;FAR3_SCALE_2023-07-10_17_144;4.0;FAR3_SCALE;2023-07-10;17;144
0;ADE018;FAR3_SCALE_2023-07-10_6_102;11.0;FAR3_SCALE;2023-07-10;6;102
0;AAB288;FAR3_SCALE_2023-07-10_14_131;7.0;FAR3_SCALE;2023-07-10;14;131
0;ADE500;FAR3_SCALE_2023-07-10_21_165;6.0;FAR3_SCALE;2023-07-10;21;165
0;ADE018;FAR3_SCALE_2023-07-10_20_157;4.0;FAR3_SCALE;2023-07-10;20;157
0;ADE018;FAR3_SCALE_2023-07-10_10_109;3.0;FAR3_SCALE;2023-07-10;10;109
0;ADE018;FAR3_SCALE_2023-07-10_20_160;14.0;FAR3_SCALE;2023-07-10;20;160
0;ADE018;FAR3_SCALE_2023-07-10_16_135;39.0;FAR3_SCALE;2023-07-10;16;135
0;ADE018;FAR3_SCALE_2023-07-10_5_99;5.0;FAR3_SCALE;2023-07-10;5;99
0;ADE018;FAR3_SCALE_2023-07-10_7_103;8.0;FAR3_SCALE;2023-07-10;7;103
0;AAB288;FAR3_SCALE_2023-07-10_11_114;9.0;FAR3_SCALE;2023-07-10;11;114
0;ADE018;FAR3_SCALE_2023-07-10_5_100;2.0;FAR3_SCALE;2023-07-10;5;100
0;ABH830;FAR3_SCALE_2023-07-10_21_166;5.0;FAR3_SCALE;2023-07-10;21;166
0;ADE018;FAR3_SCALE_2023-07-10_14_129;4.0;FAR3_SCALE;2023-07-10;14;129
0;AAB288;FAR3_SCALE_2023-07-10_14_130;11.0;FAR3_SCALE;2023-07-10;14;130
0;ADE005;FAR3_SCALE_2023-07-10_15_132;34.0;FAR3_SCALE;2023-07-10;15;132
0;ADE018;FAR3_SCALE_2023-07-10_18_150;4.0;FAR3_SCALE;2023-07-10;18;150
0;ADE018;FAR3_SCALE_2023-07-10_6_101;1.0;FAR3_SCALE;2023-07-10;6;101
0;AAT181;FAR3_SCALE_2023-07-10_4_95;1.0;FAR3_SCALE;2023-07-10;4;95
0;AAS288;FAR3_SCALE_2023-07-10_16_138;6.0;FAR3_SCALE;2023-07-10;16;138
0;ADE018;FAR3_SCALE_2023-07-10_21_163;1.0;FAR3_SCALE;2023-07-10;21;163
0;ADE018;FAR3_SCALE_2023-07-10_4_96;10.0;FAR3_SCALE;2023-07-10;4;96
0;ADE018;FAR3_SCALE_2023-07-10_12_124;4.0;FAR3_SCALE;2023-07-10;12;124
0;ADE018;FAR3_SCALE_2023-07-10_18_151;32.0;FAR3_SCALE;2023-07-10;18;151
0;ADE018;FAR3_SCALE_2023-07-10_8_106;16.0;FAR3_SCALE;2023-07-10;8;106
0;ADE018;FAR3_SCALE_2023-07-10_19_155;28.0;FAR3_SCALE;2023-07-10;19;155
0;AAB288;FAR3_SCALE_2023-07-10_19_156;38.0;FAR3_SCALE;2023-07-10;19;156
0;AAR288;FAR3_SCALE_2023-07-10_18_148;2.0;FAR3_SCALE;2023-07-10;18;148
0;AAR288;FAR3_SCALE_2023-07-10_17_143;2.0;FAR3_SCALE;2023-07-10;17;143
0;AAB288;FAR3_SCALE_2023-07-10_20_158;40.0;FAR3_SCALE;2023-07-10;20;158
0;ADE005;FAR3_SCALE_2023-07-10_16_139;19.0;FAR3_SCALE;2023-07-10;16;139
0;ADE005;FAR3_SCALE_2023-07-10_11_118;13.0;FAR3_SCALE;2023-07-10;11;118
0;ADE018;FAR3_SCALE_2023-07-10_8_104;5.0;FAR3_SCALE;2023-07-10;8;104
0;ADE018;FAR3_SCALE_2023-07-10_12_123;5.0;FAR3_SCALE;2023-07-10;12;123
0;AAB288;FAR3_SCALE_2023-07-10_20_161;7.0;FAR3_SCALE;2023-07-10;20;161
0;ADE018;FAR3_SCALE_2023-07-10_16_136;9.0;FAR3_SCALE;2023-07-10;16;136
0;ADE018;FAR3_SCALE_2023-07-10_3_93;6.0;FAR3_SCALE;2023-07-10;3;93
0;ADE018;FAR3_SCALE_2023-07-10_11_112;5.0;FAR3_SCALE;2023-07-10;11;112
0;ADE018;FAR3_SCALE_2023-07-10_11_111;2.0;FAR3_SCALE;2023-07-10;11;111
0;AAB288;FAR3_SCALE_2023-07-10_16_137;25.0;FAR3_SCALE;2023-07-10;16;137
0;AAB288;FAR3_SCALE_2023-07-10_16_141;14.0;FAR3_SCALE;2023-07-10;16;141
0;AAB288;FAR3_SCALE_2023-07-10_20_162;7.0;FAR3_SCALE;2023-07-10;20;162
0;ADE005;FAR3_SCALE_2023-07-10_11_117;14.0;FAR3_SCALE;2023-07-10;11;117
0;AAB288;FAR3_SCALE_2023-07-10_17_142;52.0;FAR3_SCALE;2023-07-10;17;142
0;AAB288;FAR3_SCALE_2023-07-10_20_159;44.0;FAR3_SCALE;2023-07-10;20;159
0;AAR288;FAR3_SCALE_2023-07-10_18_149;1.0;FAR3_SCALE;2023-07-10;18;149
0;ADE018;FAR3_SCALE_2023-07-11_6_78;12.0;FAR3_SCALE;2023-07-11;6;78
0;ADG599;FAR3_SCALE_2023-07-11_15_126;18.0;FAR3_SCALE;2023-07-11;15;126
0;ADG599;FAR3_SCALE_2023-07-11_11_105;36.0;FAR3_SCALE;2023-07-11;11;105
0;ADN899;FAR3_SCALE_2023-07-11_16_135;2.0;FAR3_SCALE;2023-07-11;16;135
0;ADE018;FAR3_SCALE_2023-07-11_5_74;6.0;FAR3_SCALE;2023-07-11;5;74
0;ADE005;FAR3_SCALE_2023-07-11_17_139;5.0;FAR3_SCALE;2023-07-11;17;139
0;ADG599;FAR3_SCALE_2023-07-11_13_119;6.0;FAR3_SCALE;2023-07-11;13;119
0;AAB288;FAR3_SCALE_2023-07-11_15_131;4.0;FAR3_SCALE;2023-07-11;15;131
0;AAB288;FAR3_SCALE_2023-07-11_15_129;18.0;FAR3_SCALE;2023-07-11;15;129
0;ADG599;FAR3_SCALE_2023-07-11_12_112;2.0;FAR3_SCALE;2023-07-11;12;112
0;ADG599;FAR3_SCALE_2023-07-11_12_114;14.0;FAR3_SCALE;2023-07-11;12;114
0;ADG599;FAR3_SCALE_2023-07-11_7_89;17.0;FAR3_SCALE;2023-07-11;7;89
0;AAB288;FAR3_SCALE_2023-07-11_11_106;111.0;FAR3_SCALE;2023-07-11;11;106
0;ADG599;FAR3_SCALE_2023-07-11_7_88;7.0;FAR3_SCALE;2023-07-11;7;88
0;AAB288;FAR3_SCALE_2023-07-11_11_107;8.0;FAR3_SCALE;2023-07-11;11;107
0;ACT673;FAR3_SCALE_2023-07-11_21_151;8.0;FAR3_SCALE;2023-07-11;21;151
0;ADG599;FAR3_SCALE_2023-07-11_7_84;4.0;FAR3_SCALE;2023-07-11;7;84
0;ADG599;FAR3_SCALE_2023-07-11_10_103;3.0;FAR3_SCALE;2023-07-11;10;103
0;ADE018;FAR3_SCALE_2023-07-11_4_70;30.0;FAR3_SCALE;2023-07-11;4;70
0;ADG599;FAR3_SCALE_2023-07-11_13_116;9.0;FAR3_SCALE;2023-07-11;13;116
0;ADG599;FAR3_SCALE_2023-07-11_13_118;5.0;FAR3_SCALE;2023-07-11;13;118
0;ADG599;FAR3_SCALE_2023-07-11_15_127;24.0;FAR3_SCALE;2023-07-11;15;127
0;ADG599;FAR3_SCALE_2023-07-11_7_87;6.0;FAR3_SCALE;2023-07-11;7;87
0;ADG599;FAR3_SCALE_2023-07-11_8_95;5.0;FAR3_SCALE;2023-07-11;8;95
0;ADG599;FAR3_SCALE_2023-07-11_14_123;5.0;FAR3_SCALE;2023-07-11;14;123
0;ADG599;FAR3_SCALE_2023-07-11_6_80;5.0;FAR3_SCALE;2023-07-11;6;80
0;AAB288;FAR3_SCALE_2023-07-11_16_138;3.0;FAR3_SCALE;2023-07-11;16;138
0;ADP724;FAR3_SCALE_2023-07-11_20_150;9.0;FAR3_SCALE;2023-07-11;20;150
0;ADG599;FAR3_SCALE_2023-07-11_16_134;5.0;FAR3_SCALE;2023-07-11;16;134
0;ADG599;FAR3_SCALE_2023-07-11_14_124;13.0;FAR3_SCALE;2023-07-11;14;124
0;ADG599;FAR3_SCALE_2023-07-11_19_144;22.0;FAR3_SCALE;2023-07-11;19;144
0;ADG599;FAR3_SCALE_2023-07-11_16_133;13.0;FAR3_SCALE;2023-07-11;16;133
0;AAB288;FAR3_SCALE_2023-07-11_11_104;13.0;FAR3_SCALE;2023-07-11;11;104
0;ADE005;FAR3_SCALE_2023-07-11_5_75;24.0;FAR3_SCALE;2023-07-11;5;75
0;ADG599;FAR3_SCALE_2023-07-11_12_111;21.0;FAR3_SCALE;2023-07-11;12;111
0;ADG599;FAR3_SCALE_2023-07-11_15_132;14.0;FAR3_SCALE;2023-07-11;15;132
0;ADG599;FAR3_SCALE_2023-07-11_14_122;13.0;FAR3_SCALE;2023-07-11;14;122
0;ADG599;FAR3_SCALE_2023-07-11_12_113;14.0;FAR3_SCALE;2023-07-11;12;113
0;ADG599;FAR3_SCALE_2023-07-11_13_121;2.0;FAR3_SCALE;2023-07-11;13;121
0;ADG599;FAR3_SCALE_2023-07-11_10_99;3.0;FAR3_SCALE;2023-07-11;10;99
0;ADG599;FAR3_SCALE_2023-07-11_13_120;7.0;FAR3_SCALE;2023-07-11;13;120
0;ACT779;FAR3_SCALE_2023-07-11_20_149;5.0;FAR3_SCALE;2023-07-11;20;149
0;ADG599;FAR3_SCALE_2023-07-11_18_142;12.0;FAR3_SCALE;2023-07-11;18;142
0;ADG599;FAR3_SCALE_2023-07-11_12_109;27.0;FAR3_SCALE;2023-07-11;12;109
0;ADE005;FAR3_SCALE_2023-07-11_18_141;2.0;FAR3_SCALE;2023-07-11;18;141
0;AAB288;FAR3_SCALE_2023-07-11_15_130;6.0;FAR3_SCALE;2023-07-11;15;130
0;ADG599;FAR3_SCALE_2023-07-11_9_97;7.0;FAR3_SCALE;2023-07-11;9;97
0;ADG599;FAR3_SCALE_2023-07-11_13_117;12.0;FAR3_SCALE;2023-07-11;13;117
0;ADG599;FAR3_SCALE_2023-07-11_15_125;3.0;FAR3_SCALE;2023-07-11;15;125
0;ADN899;FAR3_SCALE_2023-07-11_10_102;21.0;FAR3_SCALE;2023-07-11;10;102
0;ADE018;FAR3_SCALE_2023-07-11_3_68;2.0;FAR3_SCALE;2023-07-11;3;68
0;ADG599;FAR3_SCALE_2023-07-11_7_83;4.0;FAR3_SCALE;2023-07-11;7;83
0;ADG599;FAR3_SCALE_2023-07-11_8_94;14.0;FAR3_SCALE;2023-07-11;8;94
0;AAB288;FAR3_SCALE_2023-07-11_16_136;25.0;FAR3_SCALE;2023-07-11;16;136
0;ADN899;FAR3_SCALE_2023-07-11_18_143;32.0;FAR3_SCALE;2023-07-11;18;143
0;ADG599;FAR3_SCALE_2023-07-11_8_93;12.0;FAR3_SCALE;2023-07-11;8;93
0;ADG599;FAR3_SCALE_2023-07-11_12_108;8.0;FAR3_SCALE;2023-07-11;12;108
0;ADG599;FAR3_SCALE_2023-07-11_12_110;14.0;FAR3_SCALE;2023-07-11;12;110
0;ADG599;FAR3_SCALE_2023-07-11_6_79;7.0;FAR3_SCALE;2023-07-11;6;79
0;ADG599;FAR3_SCALE_2023-07-11_15_128;23.0;FAR3_SCALE;2023-07-11;15;128
0;AAB288;FAR3_SCALE_2023-07-11_16_137;21.0;FAR3_SCALE;2023-07-11;16;137
0;AAB288;FAR3_SCALE_2023-07-11_6_77;14.0;FAR3_SCALE;2023-07-11;6;77
0;ABH830;FAR3_SCALE_2023-07-12_10_115;8.0;FAR3_SCALE;2023-07-12;10;115
0;ADG599;FAR3_SCALE_2023-07-12_21_169;21.0;FAR3_SCALE;2023-07-12;21;169
0;ADG599;FAR3_SCALE_2023-07-12_14_131;14.0;FAR3_SCALE;2023-07-12;14;131
0;ADG599;FAR3_SCALE_2023-07-12_20_162;10.0;FAR3_SCALE;2023-07-12;20;162
0;AAB288;FAR3_SCALE_2023-07-12_19_161;16.0;FAR3_SCALE;2023-07-12;19;161
0;ADG599;FAR3_SCALE_2023-07-12_20_165;5.0;FAR3_SCALE;2023-07-12;20;165
0;ADG599;FAR3_SCALE_2023-07-12_18_151;17.0;FAR3_SCALE;2023-07-12;18;151
0;ADG599;FAR3_SCALE_2023-07-12_11_117;15.0;FAR3_SCALE;2023-07-12;11;117
0;AAB288;FAR3_SCALE_2023-07-12_20_168;10.0;FAR3_SCALE;2023-07-12;20;168
0;ADE018;FAR3_SCALE_2023-07-12_21_172;1.0;FAR3_SCALE;2023-07-12;21;172
0;AAB288;FAR3_SCALE_2023-07-12_19_159;5.0;FAR3_SCALE;2023-07-12;19;159
0;ADN765;FAR3_SCALE_2023-07-12_11_118;12.0;FAR3_SCALE;2023-07-12;11;118
0;ADG599;FAR3_SCALE_2023-07-12_13_122;6.0;FAR3_SCALE;2023-07-12;13;122
0;ADG599;FAR3_SCALE_2023-07-12_14_126;15.0;FAR3_SCALE;2023-07-12;14;126
0;ADG599;FAR3_SCALE_2023-07-12_15_137;2.0;FAR3_SCALE;2023-07-12;15;137
0;ADG599;FAR3_SCALE_2023-07-12_18_152;4.0;FAR3_SCALE;2023-07-12;18;152
0;ADG599;FAR3_SCALE_2023-07-12_14_129;23.0;FAR3_SCALE;2023-07-12;14;129
0;ADG599;FAR3_SCALE_2023-07-12_16_140;7.0;FAR3_SCALE;2023-07-12;16;140
0;AAE288;FAR3_SCALE_2023-07-12_18_153;2.0;FAR3_SCALE;2023-07-12;18;153
0;ADG599;FAR3_SCALE_2023-07-12_12_119;10.0;FAR3_SCALE;2023-07-12;12;119
0;ADG599;FAR3_SCALE_2023-07-12_11_116;10.0;FAR3_SCALE;2023-07-12;11;116
0;ADG599;FAR3_SCALE_2023-07-12_13_123;35.0;FAR3_SCALE;2023-07-12;13;123
0;ADG599;FAR3_SCALE_2023-07-12_16_142;15.0;FAR3_SCALE;2023-07-12;16;142
0;ADN668;FAR3_SCALE_2023-07-12_15_134;13.0;FAR3_SCALE;2023-07-12;15;134
0;ADG599;FAR3_SCALE_2023-07-12_12_121;19.0;FAR3_SCALE;2023-07-12;12;121
0;ABH830;FAR3_SCALE_2023-07-12_10_114;9.0;FAR3_SCALE;2023-07-12;10;114
0;ADE005;FAR3_SCALE_2023-07-12_22_174;14.0;FAR3_SCALE;2023-07-12;22;174
0;ADG599;FAR3_SCALE_2023-07-12_19_158;7.0;FAR3_SCALE;2023-07-12;19;158
0;ADG599;FAR3_SCALE_2023-07-12_21_170;10.0;FAR3_SCALE;2023-07-12;21;170
0;ADN899;FAR3_SCALE_2023-07-12_15_138;2.0;FAR3_SCALE;2023-07-12;15;138
0;ADG599;FAR3_SCALE_2023-07-12_15_132;12.0;FAR3_SCALE;2023-07-12;15;132
0;ADN899;FAR3_SCALE_2023-07-12_16_141;4.0;FAR3_SCALE;2023-07-12;16;141
0;ADE018;FAR3_SCALE_2023-07-12_20_167;26.0;FAR3_SCALE;2023-07-12;20;167
0;ADG599;FAR3_SCALE_2023-07-12_12_120;13.0;FAR3_SCALE;2023-07-12;12;120
0;ADG599;FAR3_SCALE_2023-07-12_17_148;22.0;FAR3_SCALE;2023-07-12;17;148
0;ADG599;FAR3_SCALE_2023-07-12_14_130;1.0;FAR3_SCALE;2023-07-12;14;130
0;ADG599;FAR3_SCALE_2023-07-12_13_125;2.0;FAR3_SCALE;2023-07-12;13;125
0;AAB288;FAR3_SCALE_2023-07-12_19_155;2.0;FAR3_SCALE;2023-07-12;19;155
0;AAB288;FAR3_SCALE_2023-07-12_17_150;13.0;FAR3_SCALE;2023-07-12;17;150
0;AAB288;FAR3_SCALE_2023-07-12_17_149;15.0;FAR3_SCALE;2023-07-12;17;149
0;ADG599;FAR3_SCALE_2023-07-12_19_160;8.0;FAR3_SCALE;2023-07-12;19;160
0;ADG442;FAR3_SCALE_2023-07-12_20_164;4.0;FAR3_SCALE;2023-07-12;20;164
0;AAB288;FAR3_SCALE_2023-07-12_18_154;1.0;FAR3_SCALE;2023-07-12;18;154
0;ADE018;FAR3_SCALE_2023-07-12_15_133;20.0;FAR3_SCALE;2023-07-12;15;133
0;ADG599;FAR3_SCALE_2023-07-12_17_146;31.0;FAR3_SCALE;2023-07-12;17;146
0;ADG599;FAR3_SCALE_2023-07-12_14_127;4.0;FAR3_SCALE;2023-07-12;14;127
0;ADG599;FAR3_SCALE_2023-07-12_16_145;1.0;FAR3_SCALE;2023-07-12;16;145
0;ADE005;FAR3_SCALE_2023-07-13_6_111;6.0;FAR3_SCALE;2023-07-13;6;111
0;ADN899;FAR3_SCALE_2023-07-13_7_114;1.0;FAR3_SCALE;2023-07-13;7;114
0;ADE018;FAR3_SCALE_2023-07-13_5_108;12.0;FAR3_SCALE;2023-07-13;5;108
0;ADN765;FAR3_SCALE_2023-07-13_17_151;14.0;FAR3_SCALE;2023-07-13;17;151
0;AAB288;FAR3_SCALE_2023-07-13_13_142;8.0;FAR3_SCALE;2023-07-13;13;142
0;ADE005;FAR3_SCALE_2023-07-13_6_110;9.0;FAR3_SCALE;2023-07-13;6;110
0;ADN668;FAR3_SCALE_2023-07-13_10_132;10.0;FAR3_SCALE;2023-07-13;10;132
0;ADE018;FAR3_SCALE_2023-07-13_14_144;11.0;FAR3_SCALE;2023-07-13;14;144
0;ADN899;FAR3_SCALE_2023-07-13_10_131;8.0;FAR3_SCALE;2023-07-13;10;131
0;ADN765;FAR3_SCALE_2023-07-13_19_159;8.0;FAR3_SCALE;2023-07-13;19;159
0;ADN765;FAR3_SCALE_2023-07-13_19_160;20.0;FAR3_SCALE;2023-07-13;19;160
0;ADE005;FAR3_SCALE_2023-07-13_10_130;25.0;FAR3_SCALE;2023-07-13;10;130
0;ADE018;FAR3_SCALE_2023-07-13_13_141;24.0;FAR3_SCALE;2023-07-13;13;141
0;ADN765;FAR3_SCALE_2023-07-13_17_152;16.0;FAR3_SCALE;2023-07-13;17;152
0;AAB288;FAR3_SCALE_2023-07-13_14_146;12.0;FAR3_SCALE;2023-07-13;14;146
0;ADE005;FAR3_SCALE_2023-07-13_4_104;3.0;FAR3_SCALE;2023-07-13;4;104
0;ADN668;FAR3_SCALE_2023-07-13_10_125;2.0;FAR3_SCALE;2023-07-13;10;125
0;AAB288;FAR3_SCALE_2023-07-13_11_136;26.0;FAR3_SCALE;2023-07-13;11;136
0;ADN899;FAR3_SCALE_2023-07-13_9_124;14.0;FAR3_SCALE;2023-07-13;9;124
0;AAB288;FAR3_SCALE_2023-07-13_12_138;12.0;FAR3_SCALE;2023-07-13;12;138
0;ADN765;FAR3_SCALE_2023-07-13_18_155;26.0;FAR3_SCALE;2023-07-13;18;155
0;ADN899;FAR3_SCALE_2023-07-13_7_115;1.0;FAR3_SCALE;2023-07-13;7;115
0;ADE005;FAR3_SCALE_2023-07-13_21_163;12.0;FAR3_SCALE;2023-07-13;21;163
0;ADE018;FAR3_SCALE_2023-07-13_12_140;7.0;FAR3_SCALE;2023-07-13;12;140
0;ADE005;FAR3_SCALE_2023-07-13_20_161;4.0;FAR3_SCALE;2023-07-13;20;161
0;AAB288;FAR3_SCALE_2023-07-13_13_143;21.0;FAR3_SCALE;2023-07-13;13;143
0;ADN668;FAR3_SCALE_2023-07-13_10_126;11.0;FAR3_SCALE;2023-07-13;10;126
0;ADE005;FAR3_SCALE_2023-07-13_10_129;4.0;FAR3_SCALE;2023-07-13;10;129
0;ADE011;FAR3_SCALE_2023-07-13_21_162;16.0;FAR3_SCALE;2023-07-13;21;162
0;AAB288;FAR3_SCALE_2023-07-14_12_138;13.0;FAR3_SCALE;2023-07-14;12;138
0;ADG599;FAR3_SCALE_2023-07-14_12_137;22.0;FAR3_SCALE;2023-07-14;12;137
0;ADE012;FAR3_SCALE_2023-07-14_18_159;8.0;FAR3_SCALE;2023-07-14;18;159
0;ADG599;FAR3_SCALE_2023-07-14_6_114;4.0;FAR3_SCALE;2023-07-14;6;114
0;ADG599;FAR3_SCALE_2023-07-14_19_162;3.0;FAR3_SCALE;2023-07-14;19;162
0;ADE012;FAR3_SCALE_2023-07-14_18_158;3.0;FAR3_SCALE;2023-07-14;18;158
0;ADG599;FAR3_SCALE_2023-07-14_21_169;10.0;FAR3_SCALE;2023-07-14;21;169
0;ADG599;FAR3_SCALE_2023-07-14_7_118;2.0;FAR3_SCALE;2023-07-14;7;118
0;ADN899;FAR3_SCALE_2023-07-14_8_123;59.0;FAR3_SCALE;2023-07-14;8;123
0;ADG599;FAR3_SCALE_2023-07-14_9_127;4.0;FAR3_SCALE;2023-07-14;9;127
0;ADG599;FAR3_SCALE_2023-07-14_21_170;34.0;FAR3_SCALE;2023-07-14;21;170
0;ADG599;FAR3_SCALE_2023-07-14_11_135;6.0;FAR3_SCALE;2023-07-14;11;135
0;ACL780;FAR3_SCALE_2023-07-14_12_139;6.0;FAR3_SCALE;2023-07-14;12;139
0;AAB288;FAR3_SCALE_2023-07-14_14_151;13.0;FAR3_SCALE;2023-07-14;14;151
0;ADG599;FAR3_SCALE_2023-07-14_6_110;10.0;FAR3_SCALE;2023-07-14;6;110
0;ADG599;FAR3_SCALE_2023-07-14_12_142;14.0;FAR3_SCALE;2023-07-14;12;142
0;ADE005;FAR3_SCALE_2023-07-14_4_98;3.0;FAR3_SCALE;2023-07-14;4;98
0;ADG599;FAR3_SCALE_2023-07-14_5_103;4.0;FAR3_SCALE;2023-07-14;5;103
0;ADG599;FAR3_SCALE_2023-07-14_18_160;7.0;FAR3_SCALE;2023-07-14;18;160
0;ADG599;FAR3_SCALE_2023-07-14_6_109;2.0;FAR3_SCALE;2023-07-14;6;109
0;ADG599;FAR3_SCALE_2023-07-14_10_128;11.0;FAR3_SCALE;2023-07-14;10;128
0;ACT779;FAR3_SCALE_2023-07-14_10_130;20.0;FAR3_SCALE;2023-07-14;10;130
0;ADN899;FAR3_SCALE_2023-07-14_5_101;3.0;FAR3_SCALE;2023-07-14;5;101
0;ADG599;FAR3_SCALE_2023-07-14_13_145;3.0;FAR3_SCALE;2023-07-14;13;145
0;AAB288;FAR3_SCALE_2023-07-14_12_141;24.0;FAR3_SCALE;2023-07-14;12;141
0;ADG599;FAR3_SCALE_2023-07-14_10_129;10.0;FAR3_SCALE;2023-07-14;10;129
0;ADG599;FAR3_SCALE_2023-07-14_10_132;18.0;FAR3_SCALE;2023-07-14;10;132
0;ADG599;FAR3_SCALE_2023-07-14_12_143;2.0;FAR3_SCALE;2023-07-14;12;143
0;ADG599;FAR3_SCALE_2023-07-14_13_146;27.0;FAR3_SCALE;2023-07-14;13;146
0;ADG599;FAR3_SCALE_2023-07-14_12_144;2.0;FAR3_SCALE;2023-07-14;12;144
0;AAB288;FAR3_SCALE_2023-07-14_14_150;9.0;FAR3_SCALE;2023-07-14;14;150
0;AAB288;FAR3_SCALE_2023-07-14_14_153;1.0;FAR3_SCALE;2023-07-14;14;153
0;AAB288;FAR3_SCALE_2023-07-14_14_148;3.0;FAR3_SCALE;2023-07-14;14;148
0;ADG599;FAR3_SCALE_2023-07-14_6_116;9.0;FAR3_SCALE;2023-07-14;6;116
0;ADG599;FAR3_SCALE_2023-07-14_11_134;1.0;FAR3_SCALE;2023-07-14;11;134
0;ADG599;FAR3_SCALE_2023-07-14_8_121;12.0;FAR3_SCALE;2023-07-14;8;121
0;ADG599;FAR3_SCALE_2023-07-14_7_119;2.0;FAR3_SCALE;2023-07-14;7;119
0;ADG599;FAR3_SCALE_2023-07-14_6_113;9.0;FAR3_SCALE;2023-07-14;6;113
0;AAT181;FAR3_SCALE_2023-07-14_4_100;11.0;FAR3_SCALE;2023-07-14;4;100
0;ADG599;FAR3_SCALE_2023-07-14_22_171;2.0;FAR3_SCALE;2023-07-14;22;171
0;ADE012;FAR3_SCALE_2023-07-14_18_157;4.0;FAR3_SCALE;2023-07-14;18;157
0;AAB288;FAR3_SCALE_2023-07-14_14_152;17.0;FAR3_SCALE;2023-07-14;14;152
0;ADG599;FAR3_SCALE_2023-07-14_7_117;5.0;FAR3_SCALE;2023-07-14;7;117
0;ADG599;FAR3_SCALE_2023-07-14_15_154;1.0;FAR3_SCALE;2023-07-14;15;154
0;ADE012;FAR3_SCALE_2023-07-14_16_156;3.0;FAR3_SCALE;2023-07-14;16;156
0;ADG599;FAR3_SCALE_2023-07-14_9_126;5.0;FAR3_SCALE;2023-07-14;9;126
0;ADN899;FAR3_SCALE_2023-07-14_6_115;13.0;FAR3_SCALE;2023-07-14;6;115
0;ADN899;FAR3_SCALE_2023-07-14_4_99;3.0;FAR3_SCALE;2023-07-14;4;99
0;ADG599;FAR3_SCALE_2023-07-14_20_166;2.0;FAR3_SCALE;2023-07-14;20;166
0;ADG599;FAR3_SCALE_2023-07-14_14_149;12.0;FAR3_SCALE;2023-07-14;14;149
0;ADG599;FAR3_SCALE_2023-07-14_16_155;3.0;FAR3_SCALE;2023-07-14;16;155
0;ADG599;FAR3_SCALE_2023-07-14_12_136;10.0;FAR3_SCALE;2023-07-14;12;136
0;ADG599;FAR3_SCALE_2023-07-14_18_161;7.0;FAR3_SCALE;2023-07-14;18;161
0;ADG599;FAR3_SCALE_2023-07-14_13_147;26.0;FAR3_SCALE;2023-07-14;13;147
0;ACL780;FAR3_SCALE_2023-07-14_12_140;7.0;FAR3_SCALE;2023-07-14;12;140
0;ADE018;FAR3_SCALE_2023-07-15_11_89;15.0;FAR3_SCALE;2023-07-15;11;89
0;ADE018;FAR3_SCALE_2023-07-15_18_206;17.0;FAR3_SCALE;2023-07-15;18;206
0;ADN899;FAR3_SCALE_2023-07-15_8_82;15.0;FAR3_SCALE;2023-07-15;8;82
0;ADE018;FAR3_SCALE_2023-07-15_18_208;18.0;FAR3_SCALE;2023-07-15;18;208
0;ADG599;FAR3_SCALE_2023-07-15_9_83;17.0;FAR3_SCALE;2023-07-15;9;83
0;ADN899;FAR3_SCALE_2023-07-15_20_369;4.0;FAR3_SCALE;2023-07-15;20;369
0;AAB288;FAR3_SCALE_2023-07-15_16_202;10.0;FAR3_SCALE;2023-07-15;16;202
0;ADG599;FAR3_SCALE_2023-07-15_5_70;4.0;FAR3_SCALE;2023-07-15;5;70
0;ADE018;FAR3_SCALE_2023-07-15_18_207;6.0;FAR3_SCALE;2023-07-15;18;207
0;ADG599;FAR3_SCALE_2023-07-15_3_57;6.0;FAR3_SCALE;2023-07-15;3;57
0;ABH830;FAR3_SCALE_2023-07-15_19_362;27.0;FAR3_SCALE;2023-07-15;19;362
0;ADG599;FAR3_SCALE_2023-07-15_5_69;6.0;FAR3_SCALE;2023-07-15;5;69
0;ADP724;FAR3_SCALE_2023-07-15_13_95;7.0;FAR3_SCALE;2023-07-15;13;95
0;ADG599;FAR3_SCALE_2023-07-15_5_73;1.0;FAR3_SCALE;2023-07-15;5;73
0;ADG599;FAR3_SCALE_2023-07-15_5_72;8.0;FAR3_SCALE;2023-07-15;5;72
0;ADE018;FAR3_SCALE_2023-07-15_21_371;12.0;FAR3_SCALE;2023-07-15;21;371
0;ADG599;FAR3_SCALE_2023-07-15_4_64;4.0;FAR3_SCALE;2023-07-15;4;64
0;ADN899;FAR3_SCALE_2023-07-15_14_98;7.0;FAR3_SCALE;2023-07-15;14;98
0;ADG599;FAR3_SCALE_2023-07-15_4_61;6.0;FAR3_SCALE;2023-07-15;4;61
0;ADG599;FAR3_SCALE_2023-07-15_4_62;6.0;FAR3_SCALE;2023-07-15;4;62
0;ADN899;FAR3_SCALE_2023-07-15_19_288;3.0;FAR3_SCALE;2023-07-15;19;288
0;ADG599;FAR3_SCALE_2023-07-15_6_74;2.0;FAR3_SCALE;2023-07-15;6;74
0;ADG599;FAR3_SCALE_2023-07-15_5_71;5.0;FAR3_SCALE;2023-07-15;5;71
0;ADG599;FAR3_SCALE_2023-07-15_3_58;1.0;FAR3_SCALE;2023-07-15;3;58
0;ADN899;FAR3_SCALE_2023-07-15_4_66;7.0;FAR3_SCALE;2023-07-15;4;66
0;ADN899;FAR3_SCALE_2023-07-15_14_100;26.0;FAR3_SCALE;2023-07-15;14;100
0;ADG599;FAR3_SCALE_2023-07-15_4_63;2.0;FAR3_SCALE;2023-07-15;4;63
0;ADN658;FAR3_SCALE_2023-07-15_19_221;1.0;FAR3_SCALE;2023-07-15;19;221
0;ADG599;FAR3_SCALE_2023-07-15_9_84;2.0;FAR3_SCALE;2023-07-15;9;84
0;ADE018;FAR3_SCALE_2023-07-15_10_85;25.0;FAR3_SCALE;2023-07-15;10;85
0;ADG599;FAR3_SCALE_2023-07-15_4_65;14.0;FAR3_SCALE;2023-07-15;4;65
0;ADG599;FAR3_SCALE_2023-07-15_8_79;2.0;FAR3_SCALE;2023-07-15;8;79
0;ADE018;FAR3_SCALE_2023-07-15_18_205;6.0;FAR3_SCALE;2023-07-15;18;205
0;ADG599;FAR3_SCALE_2023-07-15_4_59;2.0;FAR3_SCALE;2023-07-15;4;59
0;ADG599;FAR3_SCALE_2023-07-16_6_92;1.0;FAR3_SCALE;2023-07-16;6;92
0;ADG599;FAR3_SCALE_2023-07-16_19_170;2.0;FAR3_SCALE;2023-07-16;19;170
0;ADG599;FAR3_SCALE_2023-07-16_14_150;3.0;FAR3_SCALE;2023-07-16;14;150
0;ADG599;FAR3_SCALE_2023-07-16_19_173;8.0;FAR3_SCALE;2023-07-16;19;173
0;ADE005;FAR3_SCALE_2023-07-16_17_163;27.0;FAR3_SCALE;2023-07-16;17;163
0;ADG599;FAR3_SCALE_2023-07-16_20_174;3.0;FAR3_SCALE;2023-07-16;20;174
0;ADG599;FAR3_SCALE_2023-07-16_8_119;16.0;FAR3_SCALE;2023-07-16;8;119
0;ADG599;FAR3_SCALE_2023-07-16_11_140;6.0;FAR3_SCALE;2023-07-16;11;140
0;ADG599;FAR3_SCALE_2023-07-16_8_123;13.0;FAR3_SCALE;2023-07-16;8;123
0;ADG599;FAR3_SCALE_2023-07-16_7_102;4.0;FAR3_SCALE;2023-07-16;7;102
0;ADG599;FAR3_SCALE_2023-07-16_13_147;18.0;FAR3_SCALE;2023-07-16;13;147
0;ADN899;FAR3_SCALE_2023-07-16_7_108;5.0;FAR3_SCALE;2023-07-16;7;108
0;ADE500;FAR3_SCALE_2023-07-16_6_97;12.0;FAR3_SCALE;2023-07-16;6;97
0;ADG599;FAR3_SCALE_2023-07-16_19_172;6.0;FAR3_SCALE;2023-07-16;19;172
0;ADG442;FAR3_SCALE_2023-07-16_15_157;6.0;FAR3_SCALE;2023-07-16;15;157
0;ADG599;FAR3_SCALE_2023-07-16_6_89;16.0;FAR3_SCALE;2023-07-16;6;89
0;ADG599;FAR3_SCALE_2023-07-16_9_130;6.0;FAR3_SCALE;2023-07-16;9;130
0;ADE012;FAR3_SCALE_2023-07-16_9_126;5.0;FAR3_SCALE;2023-07-16;9;126
0;ADN899;FAR3_SCALE_2023-07-16_7_112;2.0;FAR3_SCALE;2023-07-16;7;112
0;AAB288;FAR3_SCALE_2023-07-16_16_162;4.0;FAR3_SCALE;2023-07-16;16;162
0;ADE012;FAR3_SCALE_2023-07-16_9_127;6.0;FAR3_SCALE;2023-07-16;9;127
0;ADG599;FAR3_SCALE_2023-07-16_6_98;11.0;FAR3_SCALE;2023-07-16;6;98
0;ADG599;FAR3_SCALE_2023-07-16_10_134;3.0;FAR3_SCALE;2023-07-16;10;134
0;ADG599;FAR3_SCALE_2023-07-16_10_136;12.0;FAR3_SCALE;2023-07-16;10;136
0;ADG599;FAR3_SCALE_2023-07-16_19_171;4.0;FAR3_SCALE;2023-07-16;19;171
0;ADG599;FAR3_SCALE_2023-07-16_7_104;5.0;FAR3_SCALE;2023-07-16;7;104
0;ADE005;FAR3_SCALE_2023-07-16_21_179;6.0;FAR3_SCALE;2023-07-16;21;179
0;ADG599;FAR3_SCALE_2023-07-16_10_137;10.0;FAR3_SCALE;2023-07-16;10;137
0;ADG599;FAR3_SCALE_2023-07-16_9_132;9.0;FAR3_SCALE;2023-07-16;9;132
0;ADE012;FAR3_SCALE_2023-07-16_9_125;6.0;FAR3_SCALE;2023-07-16;9;125
0;ADG599;FAR3_SCALE_2023-07-16_16_159;19.0;FAR3_SCALE;2023-07-16;16;159
0;ADG599;FAR3_SCALE_2023-07-16_9_128;8.0;FAR3_SCALE;2023-07-16;9;128
0;ADN899;FAR3_SCALE_2023-07-16_7_105;12.0;FAR3_SCALE;2023-07-16;7;105
0;ADG599;FAR3_SCALE_2023-07-16_9_133;27.0;FAR3_SCALE;2023-07-16;9;133
0;ADG599;FAR3_SCALE_2023-07-16_22_185;1.0;FAR3_SCALE;2023-07-16;22;185
0;ABH830;FAR3_SCALE_2023-07-16_4_78;11.0;FAR3_SCALE;2023-07-16;4;78
0;ADG599;FAR3_SCALE_2023-07-16_9_131;8.0;FAR3_SCALE;2023-07-16;9;131
0;ADG599;FAR3_SCALE_2023-07-16_9_124;23.0;FAR3_SCALE;2023-07-16;9;124
0;AAB288;FAR3_SCALE_2023-07-16_13_148;55.0;FAR3_SCALE;2023-07-16;13;148
0;ADE018;FAR3_SCALE_2023-07-16_21_177;5.0;FAR3_SCALE;2023-07-16;21;177
0;ADG442;FAR3_SCALE_2023-07-16_15_158;4.0;FAR3_SCALE;2023-07-16;15;158
0;ADG599;FAR3_SCALE_2023-07-16_14_152;2.0;FAR3_SCALE;2023-07-16;14;152
0;ADG599;FAR3_SCALE_2023-07-16_21_182;5.0;FAR3_SCALE;2023-07-16;21;182
0;ADE018;FAR3_SCALE_2023-07-16_5_85;12.0;FAR3_SCALE;2023-07-16;5;85
0;ADG500;FAR3_SCALE_2023-07-16_22_186;2.0;FAR3_SCALE;2023-07-16;22;186
0;ADE012;FAR3_SCALE_2023-07-16_11_142;7.0;FAR3_SCALE;2023-07-16;11;142
0;ADG599;FAR3_SCALE_2023-07-16_6_93;1.0;FAR3_SCALE;2023-07-16;6;93
0;ADG599;FAR3_SCALE_2023-07-16_9_129;16.0;FAR3_SCALE;2023-07-16;9;129
0;ADE005;FAR3_SCALE_2023-07-16_18_166;9.0;FAR3_SCALE;2023-07-16;18;166
0;ADE012;FAR3_SCALE_2023-07-16_17_164;11.0;FAR3_SCALE;2023-07-16;17;164
0;ADN899;FAR3_SCALE_2023-07-16_7_113;2.0;FAR3_SCALE;2023-07-16;7;113
0;ADG599;FAR3_SCALE_2023-07-16_16_160;4.0;FAR3_SCALE;2023-07-16;16;160
0;ADG399;FAR3_SCALE_2023-07-16_15_154;1.0;FAR3_SCALE;2023-07-16;15;154
0;ADG599;FAR3_SCALE_2023-07-16_6_91;4.0;FAR3_SCALE;2023-07-16;6;91
0;ADN668;FAR3_SCALE_2023-07-16_7_111;5.0;FAR3_SCALE;2023-07-16;7;111
0;ABH830;FAR3_SCALE_2023-07-16_4_77;11.0;FAR3_SCALE;2023-07-16;4;77
0;ADE018;FAR3_SCALE_2023-07-16_12_145;2.0;FAR3_SCALE;2023-07-16;12;145
0;ADG500;FAR3_SCALE_2023-07-16_20_175;2.0;FAR3_SCALE;2023-07-16;20;175
0;ACT779;FAR3_SCALE_2023-07-16_14_153;5.0;FAR3_SCALE;2023-07-16;14;153
0;ADG599;FAR3_SCALE_2023-07-16_7_100;10.0;FAR3_SCALE;2023-07-16;7;100
0;ADG599;FAR3_SCALE_2023-07-16_11_141;3.0;FAR3_SCALE;2023-07-16;11;141
0;ADG599;FAR3_SCALE_2023-07-16_21_178;6.0;FAR3_SCALE;2023-07-16;21;178
0;ADG599;FAR3_SCALE_2023-07-17_6_93;19.0;FAR3_SCALE;2023-07-17;6;93
0;ADP795;FAR3_SCALE_2023-07-17_10_116;56.0;FAR3_SCALE;2023-07-17;10;116
0;ADG199;FAR3_SCALE_2023-07-17_7_103;2.0;FAR3_SCALE;2023-07-17;7;103
0;ADG599;FAR3_SCALE_2023-07-17_5_86;2.0;FAR3_SCALE;2023-07-17;5;86
0;ADG599;FAR3_SCALE_2023-07-17_6_96;8.0;FAR3_SCALE;2023-07-17;6;96
0;ADN899;FAR3_SCALE_2023-07-17_13_124;23.0;FAR3_SCALE;2023-07-17;13;124
0;ADG599;FAR3_SCALE_2023-07-17_3_78;5.0;FAR3_SCALE;2023-07-17;3;78
0;ADN899;FAR3_SCALE_2023-07-17_14_127;14.0;FAR3_SCALE;2023-07-17;14;127
0;ADG599;FAR3_SCALE_2023-07-17_8_105;4.0;FAR3_SCALE;2023-07-17;8;105
0;ADG599;FAR3_SCALE_2023-07-17_7_97;2.0;FAR3_SCALE;2023-07-17;7;97
0;ADG599;FAR3_SCALE_2023-07-17_9_109;7.0;FAR3_SCALE;2023-07-17;9;109
0;ADG599;FAR3_SCALE_2023-07-17_8_104;2.0;FAR3_SCALE;2023-07-17;8;104
0;ADG565;FAR3_SCALE_2023-07-17_6_92;2.0;FAR3_SCALE;2023-07-17;6;92
0;ADN899;FAR3_SCALE_2023-07-17_10_118;29.0;FAR3_SCALE;2023-07-17;10;118
0;ADG599;FAR3_SCALE_2023-07-17_4_83;5.0;FAR3_SCALE;2023-07-17;4;83
0;ADE005;FAR3_SCALE_2023-07-17_7_99;1.0;FAR3_SCALE;2023-07-17;7;99
0;ADG599;FAR3_SCALE_2023-07-17_7_98;1.0;FAR3_SCALE;2023-07-17;7;98
0;ACL189;FAR3_SCALE_2023-07-17_4_80;2.0;FAR3_SCALE;2023-07-17;4;80
0;ADG599;FAR3_SCALE_2023-07-17_5_89;9.0;FAR3_SCALE;2023-07-17;5;89
0;ADE005;FAR3_SCALE_2023-07-17_4_84;2.0;FAR3_SCALE;2023-07-17;4;84
0;ADG599;FAR3_SCALE_2023-07-17_5_87;8.0;FAR3_SCALE;2023-07-17;5;87
0;ADG599;FAR3_SCALE_2023-07-17_9_112;2.0;FAR3_SCALE;2023-07-17;9;112
0;ADG599;FAR3_SCALE_2023-07-17_7_102;3.0;FAR3_SCALE;2023-07-17;7;102
0;ADG599;FAR3_SCALE_2023-07-17_6_94;16.0;FAR3_SCALE;2023-07-17;6;94
0;ADN899;FAR3_SCALE_2023-07-17_9_108;6.0;FAR3_SCALE;2023-07-17;9;108
0;ADG599;FAR3_SCALE_2023-07-17_8_106;2.0;FAR3_SCALE;2023-07-17;8;106
0;ADC599;FAR3_SCALE_2023-07-17_5_90;2.0;FAR3_SCALE;2023-07-17;5;90
0;ADG599;FAR3_SCALE_2023-07-17_5_85;9.0;FAR3_SCALE;2023-07-17;5;85
0;ADE018;FAR3_SCALE_2023-07-17_6_95;3.0;FAR3_SCALE;2023-07-17;6;95
0;ADN899;FAR3_SCALE_2023-07-18_5_39;2.0;FAR3_SCALE;2023-07-18;5;39
0;ADN899;FAR3_SCALE_2023-07-18_4_36;11.0;FAR3_SCALE;2023-07-18;4;36
0;ADN899;FAR3_SCALE_2023-07-18_5_37;12.0;FAR3_SCALE;2023-07-18;5;37
0;ADE039;FAR3_SCALE_2023-07-18_10_60;11.0;FAR3_SCALE;2023-07-18;10;60
0;ADE500;FAR3_SCALE_2023-07-18_9_58;5.0;FAR3_SCALE;2023-07-18;9;58
0;ACT779;FAR3_SCALE_2023-07-18_20_71;17.0;FAR3_SCALE;2023-07-18;20;71
0;ADN899;FAR3_SCALE_2023-07-18_10_61;53.0;FAR3_SCALE;2023-07-18;10;61
0;ADG442;FAR3_SCALE_2023-07-18_13_65;5.0;FAR3_SCALE;2023-07-18;13;65
0;ADP799;FAR3_SCALE_2023-07-18_5_41;1.0;FAR3_SCALE;2023-07-18;5;41
0;ADE005;FAR3_SCALE_2023-07-18_19_69;5.0;FAR3_SCALE;2023-07-18;19;69
0;ADE005;FAR3_SCALE_2023-07-18_18_68;4.0;FAR3_SCALE;2023-07-18;18;68
0;ADE018;FAR3_SCALE_2023-07-18_21_72;13.0;FAR3_SCALE;2023-07-18;21;72
0;ACT779;FAR3_SCALE_2023-07-18_20_70;10.0;FAR3_SCALE;2023-07-18;20;70
0;ADN899;FAR3_SCALE_2023-07-18_11_62;5.0;FAR3_SCALE;2023-07-18;11;62
0;ADE005;FAR3_SCALE_2023-07-18_5_45;1.0;FAR3_SCALE;2023-07-18;5;45
0;ADE005;FAR3_SCALE_2023-07-18_8_51;15.0;FAR3_SCALE;2023-07-18;8;51
0;ADE018;FAR3_SCALE_2023-07-19_16_93;1.0;FAR3_SCALE;2023-07-19;16;93
0;ADG599;FAR3_SCALE_2023-07-19_13_83;7.0;FAR3_SCALE;2023-07-19;13;83
0;ADG599;FAR3_SCALE_2023-07-19_8_61;2.0;FAR3_SCALE;2023-07-19;8;61
0;ADG442;FAR3_SCALE_2023-07-19_4_51;1.0;FAR3_SCALE;2023-07-19;4;51
0;ADE018;FAR3_SCALE_2023-07-19_7_59;8.0;FAR3_SCALE;2023-07-19;7;59
0;ADG599;FAR3_SCALE_2023-07-19_15_88;3.0;FAR3_SCALE;2023-07-19;15;88
0;ADG599;FAR3_SCALE_2023-07-19_15_89;11.0;FAR3_SCALE;2023-07-19;15;89
0;ADG599;FAR3_SCALE_2023-07-19_13_85;2.0;FAR3_SCALE;2023-07-19;13;85
0;ADG599;FAR3_SCALE_2023-07-19_10_70;12.0;FAR3_SCALE;2023-07-19;10;70
0;ADG599;FAR3_SCALE_2023-07-19_13_84;13.0;FAR3_SCALE;2023-07-19;13;84
0;ADG599;FAR3_SCALE_2023-07-19_5_54;6.0;FAR3_SCALE;2023-07-19;5;54
0;ADG599;FAR3_SCALE_2023-07-19_9_64;18.0;FAR3_SCALE;2023-07-19;9;64
0;ADG599;FAR3_SCALE_2023-07-19_7_58;17.0;FAR3_SCALE;2023-07-19;7;58
0;ADG599;FAR3_SCALE_2023-07-19_11_77;11.0;FAR3_SCALE;2023-07-19;11;77
0;ADG599;FAR3_SCALE_2023-07-19_9_65;9.0;FAR3_SCALE;2023-07-19;9;65
0;ADG599;FAR3_SCALE_2023-07-19_17_97;2.0;FAR3_SCALE;2023-07-19;17;97
0;ADG599;FAR3_SCALE_2023-07-19_7_57;1.0;FAR3_SCALE;2023-07-19;7;57
0;ADG500;FAR3_SCALE_2023-07-19_11_78;1.0;FAR3_SCALE;2023-07-19;11;78
0;ADG599;FAR3_SCALE_2023-07-19_13_82;7.0;FAR3_SCALE;2023-07-19;13;82
0;ADG599;FAR3_SCALE_2023-07-19_11_76;9.0;FAR3_SCALE;2023-07-19;11;76
0;ADG599;FAR3_SCALE_2023-07-19_4_52;9.0;FAR3_SCALE;2023-07-19;4;52
0;ADG599;FAR3_SCALE_2023-07-19_19_101;12.0;FAR3_SCALE;2023-07-19;19;101
0;ADG599;FAR3_SCALE_2023-07-19_9_69;5.0;FAR3_SCALE;2023-07-19;9;69
0;ADG599;FAR3_SCALE_2023-07-19_11_75;2.0;FAR3_SCALE;2023-07-19;11;75
0;ADG599;FAR3_SCALE_2023-07-19_8_60;19.0;FAR3_SCALE;2023-07-19;8;60
0;ADG599;FAR3_SCALE_2023-07-19_13_80;5.0;FAR3_SCALE;2023-07-19;13;80
0;ADE005;FAR3_SCALE_2023-07-19_20_108;8.0;FAR3_SCALE;2023-07-19;20;108
0;ADG599;FAR3_SCALE_2023-07-19_16_94;7.0;FAR3_SCALE;2023-07-19;16;94
0;ADG599;FAR3_SCALE_2023-07-19_10_74;9.0;FAR3_SCALE;2023-07-19;10;74
0;ADG599;FAR3_SCALE_2023-07-19_9_68;7.0;FAR3_SCALE;2023-07-19;9;68
0;ADG599;FAR3_SCALE_2023-07-19_14_87;2.0;FAR3_SCALE;2023-07-19;14;87
0;ADE012;FAR3_SCALE_2023-07-19_17_96;9.0;FAR3_SCALE;2023-07-19;17;96
0;ADE018;FAR3_SCALE_2023-07-19_8_62;5.0;FAR3_SCALE;2023-07-19;8;62
0;ADG599;FAR3_SCALE_2023-07-19_10_73;12.0;FAR3_SCALE;2023-07-19;10;73
0;ADG599;FAR3_SCALE_2023-07-20_10_104;11.0;FAR3_SCALE;2023-07-20;10;104
0;ADG599;FAR3_SCALE_2023-07-20_10_105;4.0;FAR3_SCALE;2023-07-20;10;105
0;ADP097;FAR3_SCALE_2023-07-20_7_86;28.0;FAR3_SCALE;2023-07-20;7;86
0;ADG599;FAR3_SCALE_2023-07-20_10_107;4.0;FAR3_SCALE;2023-07-20;10;107
0;ADG599;FAR3_SCALE_2023-07-20_9_95;4.0;FAR3_SCALE;2023-07-20;9;95
0;ADN899;FAR3_SCALE_2023-07-20_8_90;14.0;FAR3_SCALE;2023-07-20;8;90
0;ADN899;FAR3_SCALE_2023-07-20_4_76;5.0;FAR3_SCALE;2023-07-20;4;76
0;AAT181;FAR3_SCALE_2023-07-20_10_109;3.0;FAR3_SCALE;2023-07-20;10;109
0;ACH253;FAR3_SCALE_2023-07-20_20_120;12.0;FAR3_SCALE;2023-07-20;20;120
0;ADG599;FAR3_SCALE_2023-07-20_5_79;8.0;FAR3_SCALE;2023-07-20;5;79
0;ADG599;FAR3_SCALE_2023-07-20_9_96;9.0;FAR3_SCALE;2023-07-20;9;96
0;ADG599;FAR3_SCALE_2023-07-20_10_108;7.0;FAR3_SCALE;2023-07-20;10;108
0;ACH253;FAR3_SCALE_2023-07-20_20_119;23.0;FAR3_SCALE;2023-07-20;20;119
0;ADP799;FAR3_SCALE_2023-07-20_17_118;11.0;FAR3_SCALE;2023-07-20;17;118
0;ADG599;FAR3_SCALE_2023-07-20_10_103;6.0;FAR3_SCALE;2023-07-20;10;103
0;ADG599;FAR3_SCALE_2023-07-20_6_82;7.0;FAR3_SCALE;2023-07-20;6;82
0;ADG599;FAR3_SCALE_2023-07-20_9_97;10.0;FAR3_SCALE;2023-07-20;9;97
0;ADG599;FAR3_SCALE_2023-07-20_5_77;11.0;FAR3_SCALE;2023-07-20;5;77
0;ADE005;FAR3_SCALE_2023-07-20_9_102;15.0;FAR3_SCALE;2023-07-20;9;102
0;AAB283;FAR3_SCALE_2023-07-20_9_99;5.0;FAR3_SCALE;2023-07-20;9;99
0;ADE014;FAR3_SCALE_2023-07-20_14_117;106.0;FAR3_SCALE;2023-07-20;14;117
0;ADN899;FAR3_SCALE_2023-07-20_13_116;17.0;FAR3_SCALE;2023-07-20;13;116
0;ADG599;FAR3_SCALE_2023-07-20_11_111;17.0;FAR3_SCALE;2023-07-20;11;111
0;ADG599;FAR3_SCALE_2023-07-20_10_110;3.0;FAR3_SCALE;2023-07-20;10;110
0;ADN899;FAR3_SCALE_2023-07-20_7_88;12.0;FAR3_SCALE;2023-07-20;7;88
0;ADE012;FAR3_SCALE_2023-07-20_6_81;2.0;FAR3_SCALE;2023-07-20;6;81
0;ADN899;FAR3_SCALE_2023-07-20_12_114;20.0;FAR3_SCALE;2023-07-20;12;114
0;ADG599;FAR3_SCALE_2023-07-20_7_87;6.0;FAR3_SCALE;2023-07-20;7;87
0;ADG599;FAR3_SCALE_2023-07-20_9_98;5.0;FAR3_SCALE;2023-07-20;9;98
0;ADG599;FAR3_SCALE_2023-07-20_8_92;18.0;FAR3_SCALE;2023-07-20;8;92
0;ADG599;FAR3_SCALE_2023-07-21_10_38;2.0;FAR3_SCALE;2023-07-21;10;38
0;ADG599;FAR3_SCALE_2023-07-21_11_40;2.0;FAR3_SCALE;2023-07-21;11;40
0;ADG599;FAR3_SCALE_2023-07-21_11_39;3.0;FAR3_SCALE;2023-07-21;11;39
0;ADG599;FAR3_SCALE_2023-07-21_17_46;4.0;FAR3_SCALE;2023-07-21;17;46
0;ADE005;FAR3_SCALE_2023-07-21_18_47;53.0;FAR3_SCALE;2023-07-21;18;47
0;ADG599;FAR3_SCALE_2023-07-21_10_36;2.0;FAR3_SCALE;2023-07-21;10;36
0;ADG599;FAR3_SCALE_2023-07-21_15_43;3.0;FAR3_SCALE;2023-07-21;15;43
0;ADE005;FAR3_SCALE_2023-07-21_18_48;17.0;FAR3_SCALE;2023-07-21;18;48
0;ADN806;FAR3_SCALE_2023-07-21_9_34;4.0;FAR3_SCALE;2023-07-21;9;34
0;ADN899;FAR3_SCALE_2023-07-21_15_44;13.0;FAR3_SCALE;2023-07-21;15;44
0;ADE005;FAR3_SCALE_2023-07-22_6_63;15.0;FAR3_SCALE;2023-07-22;6;63
0;ADN899;FAR3_SCALE_2023-07-22_10_66;22.0;FAR3_SCALE;2023-07-22;10;66
0;ADE005;FAR3_SCALE_2023-07-22_12_70;23.0;FAR3_SCALE;2023-07-22;12;70
0;ADE005;FAR3_SCALE_2023-07-22_16_75;37.0;FAR3_SCALE;2023-07-22;16;75
0;ADE005;FAR3_SCALE_2023-07-22_18_77;2.0;FAR3_SCALE;2023-07-22;18;77
0;ADE005;FAR3_SCALE_2023-07-22_5_61;2.0;FAR3_SCALE;2023-07-22;5;61
0;ADN899;FAR3_SCALE_2023-07-22_6_64;7.0;FAR3_SCALE;2023-07-22;6;64
0;ADN668;FAR3_SCALE_2023-07-22_13_72;6.0;FAR3_SCALE;2023-07-22;13;72
0;ADE013;FAR3_SCALE_2023-07-22_5_62;2.0;FAR3_SCALE;2023-07-22;5;62
0;ADE056;FAR3_SCALE_2023-07-23_11_51;15.0;FAR3_SCALE;2023-07-23;11;51
0;ADN765;FAR3_SCALE_2023-07-23_8_48;16.0;FAR3_SCALE;2023-07-23;8;48
0;ADN765;FAR3_SCALE_2023-07-23_8_47;11.0;FAR3_SCALE;2023-07-23;8;47
0;ADG500;FAR3_SCALE_2023-07-28_14_10;1.0;FAR3_SCALE;2023-07-28;14;10
0;ADG599;FAR3_SCALE_2024-05-12_4_19;1.0;FAR3_SCALE;2024-05-12;4;19
0;ADN765;FAR3_SCALE_2024-05-12_9_23;10.0;FAR3_SCALE;2024-05-12;9;23
0;ADG599;FAR3_SCALE_2024-05-17_6_38;3.0;FAR3_SCALE;2024-05-17;6;38
0;ADG599;FAR3_SCALE_2024-05-17_7_43;1.0;FAR3_SCALE;2024-05-17;7;43
0;ADN765;FAR3_SCALE_2024-05-26_11_17;1.0;FAR3_SCALE;2024-05-26;11;17
0;ADN765;FAR3_SCALE_2024-05-26_10_15;1.0;FAR3_SCALE;2024-05-26;10;15
0;ADN765;FAR3_SCALE_2024-05-27_8_10;6.0;FAR3_SCALE;2024-05-27;8;10
0;ADE003;FAR3_SCALE_2024-05-28_6_02;1.0;FAR3_SCALE;2024-05-28;6;2
0;ADE011;FAR3_SCALE_2024-05-29_12_37;24.0;FAR3_SCALE;2024-05-29;12;37
0;ADN765;FAR3_SCALE_2024-05-29_7_26;2.0;FAR3_SCALE;2024-05-29;7;26
0;ADN765;FAR3_SCALE_2024-05-29_11_34;6.0;FAR3_SCALE;2024-05-29;11;34
0;ADN765;FAR3_SCALE_2024-05-29_11_36;9.0;FAR3_SCALE;2024-05-29;11;36
0;ADE011;FAR3_SCALE_2024-05-29_14_39;3.0;FAR3_SCALE;2024-05-29;14;39
0;ADN765;FAR3_SCALE_2024-05-29_10_32;21.0;FAR3_SCALE;2024-05-29;10;32
0;ADN765;FAR3_SCALE_2024-05-29_8_29;7.0;FAR3_SCALE;2024-05-29;8;29
0;ADE011;FAR3_SCALE_2024-05-29_11_35;5.0;FAR3_SCALE;2024-05-29;11;35
0;ADN668;FAR3_SCALE_2024-05-29_7_22;2.0;FAR3_SCALE;2024-05-29;7;22
0;ADN688;FAR3_SCALE_2024-05-29_7_24;1.0;FAR3_SCALE;2024-05-29;7;24
0;ADN765;FAR3_SCALE_2024-05-29_7_25;4.0;FAR3_SCALE;2024-05-29;7;25
0;ADN765;FAR3_SCALE_2024-05-29_5_15;10.0;FAR3_SCALE;2024-05-29;5;15
0;ADE011;FAR3_SCALE_2024-05-29_15_40;13.0;FAR3_SCALE;2024-05-29;15;40
0;ADN899;FAR3_SCALE_2024-05-29_7_21;2.0;FAR3_SCALE;2024-05-29;7;21
0;ADN899;FAR3_SCALE_2024-05-29_7_17;3.0;FAR3_SCALE;2024-05-29;7;17
0;ADN789;FAR3_SCALE_2024-05-30_6_06;8.0;FAR3_SCALE;2024-05-30;6;6
0;ADG599;FAR3_SCALE_2024-05-30_9_80;1.0;FAR3_SCALE;2024-05-30;9;80
0;ADN899;FAR3_SCALE_2024-05-30_8_76;6.0;FAR3_SCALE;2024-05-30;8;76
0;ADG599;FAR3_SCALE_2024-05-30_12_92;3.0;FAR3_SCALE;2024-05-30;12;92
0;ADN765;FAR3_SCALE_2024-05-31_4_03;2.0;FAR3_SCALE;2024-05-31;4;3
0;ADN765;FAR3_SCALE_2024-05-31_5_04;1.0;FAR3_SCALE;2024-05-31;5;4
0;ADN899;FAR3_SCALE_2024-06-01_5_14;3.0;FAR3_SCALE;2024-06-01;5;14
0;ADN899;FAR3_SCALE_2024-06-01_7_18;11.0;FAR3_SCALE;2024-06-01;7;18
0;ADN899;FAR3_SCALE_2024-06-01_6_16;39.0;FAR3_SCALE;2024-06-01;6;16
0;ADN899;FAR3_SCALE_2024-06-04_8_51;4.0;FAR3_SCALE;2024-06-04;8;51
0;ADP793;FAR3_SCALE_2024-06-05_7_44;2.0;FAR3_SCALE;2024-06-05;7;44
0;ADP793;FAR3_SCALE_2024-06-05_7_47;14.0;FAR3_SCALE;2024-06-05;7;47
0;ADE019;FAR3_SCALE_2024-06-05_14_59;5.0;FAR3_SCALE;2024-06-05;14;59
0;ADN765;FAR3_SCALE_2024-06-05_21_84;2.0;FAR3_SCALE;2024-06-05;21;84
0;ADE005;FAR3_SCALE_2024-06-06_5_69;1.0;FAR3_SCALE;2024-06-06;5;69
0;ADE005;FAR3_SCALE_2024-06-07_5_42;1.0;FAR3_SCALE;2024-06-07;5;42
0;ADE005;FAR3_SCALE_2024-06-07_9_55;2.0;FAR3_SCALE;2024-06-07;9;55
0;ADE005;FAR3_SCALE_2024-06-07_10_57;1.0;FAR3_SCALE;2024-06-07;10;57
0;ADP799;FAR3_SCALE_2024-06-08_11_425;2.0;FAR3_SCALE;2024-06-08;11;425
0;ADG599;FAR3_SCALE_2024-06-08_5_406;1.0;FAR3_SCALE;2024-06-08;5;406
0;ADS334;FAR3_SCALE_2024-06-09_6_76;1.0;FAR3_SCALE;2024-06-09;6;76
0;ADR973;FAR3_SCALE_2024-06-09_6_80;3.0;FAR3_SCALE;2024-06-09;6;80
0;ADP963;FAR3_SCALE_2024-06-09_11_97;1.0;FAR3_SCALE;2024-06-09;11;97
0;ADE005;FAR3_SCALE_2024-06-09_12_99;2.0;FAR3_SCALE;2024-06-09;12;99
0;ADN899;FAR3_SCALE_2024-06-10_5_51;8.0;FAR3_SCALE;2024-06-10;5;51
0;ADE500;FAR3_SCALE_2024-06-10_13_73;16.0;FAR3_SCALE;2024-06-10;13;73
0;ADE875;FAR3_SCALE_2024-06-10_6_52;1.0;FAR3_SCALE;2024-06-10;6;52
0;ADE005;FAR3_SCALE_2024-06-10_14_74;8.0;FAR3_SCALE;2024-06-10;14;74
0;ADE012;FAR3_SCALE_2024-06-11_7_72;2.0;FAR3_SCALE;2024-06-11;7;72
0;ADN668;FAR3_SCALE_2024-06-11_8_75;4.0;FAR3_SCALE;2024-06-11;8;75
0;ADN668;FAR3_SCALE_2024-06-11_9_80;2.0;FAR3_SCALE;2024-06-11;9;80
0;ADN899;FAR3_SCALE_2024-06-11_7_73;1.0;FAR3_SCALE;2024-06-11;7;73
0;ADE005;FAR3_SCALE_2024-06-11_8_76;12.0;FAR3_SCALE;2024-06-11;8;76
0;ADE005;FAR3_SCALE_2024-06-11_6_70;13.0;FAR3_SCALE;2024-06-11;6;70
0;ADE012;FAR3_SCALE_2024-06-11_9_82;1.0;FAR3_SCALE;2024-06-11;9;82
0;ADE005;FAR3_SCALE_2024-06-12_20_240;9.0;FAR3_SCALE;2024-06-12;20;240
0;ADE500;FAR3_SCALE_2024-06-12_15_104;1.0;FAR3_SCALE;2024-06-12;15;104
0;ADE500;FAR3_SCALE_2024-06-12_17_109;1.0;FAR3_SCALE;2024-06-12;17;109
0;ADE001;FAR3_SCALE_2024-06-12_19_227;1.0;FAR3_SCALE;2024-06-12;19;227
0;ADN823;FAR3_SCALE_2024-06-12_8_94;1.0;FAR3_SCALE;2024-06-12;8;94
0;ADE005;FAR3_SCALE_2024-06-12_20_243;2.0;FAR3_SCALE;2024-06-12;20;243
0;ADN823;FAR3_SCALE_2024-06-12_11_99;5.0;FAR3_SCALE;2024-06-12;11;99
0;ADE005;FAR3_SCALE_2024-06-12_16_106;6.0;FAR3_SCALE;2024-06-12;16;106
0;ADE005;FAR3_SCALE_2024-06-12_18_159;1.0;FAR3_SCALE;2024-06-12;18;159
0;ADE500;FAR3_SCALE_2024-06-13_18_90;4.0;FAR3_SCALE;2024-06-13;18;90
0;ADE500;FAR3_SCALE_2024-06-13_19_130;6.0;FAR3_SCALE;2024-06-13;19;130
0;ADE005;FAR3_SCALE_2024-06-13_20_152;2.0;FAR3_SCALE;2024-06-13;20;152
0;ADE005;FAR3_SCALE_2024-06-13_20_153;1.0;FAR3_SCALE;2024-06-13;20;153
0;ADE005;FAR3_SCALE_2024-06-13_3_57;2.0;FAR3_SCALE;2024-06-13;3;57
0;ADE005;FAR3_SCALE_2024-06-13_4_63;1.0;FAR3_SCALE;2024-06-13;4;63
0;ADG599;FAR3_SCALE_2024-06-13_5_69;1.0;FAR3_SCALE;2024-06-13;5;69
0;ADE005;FAR3_SCALE_2024-06-13_17_89;7.0;FAR3_SCALE;2024-06-13;17;89
0;ADG599;FAR3_SCALE_2024-06-13_6_70;3.0;FAR3_SCALE;2024-06-13;6;70
0;ADE005;FAR3_SCALE_2024-06-13_6_71;3.0;FAR3_SCALE;2024-06-13;6;71
0;ADE005;FAR3_SCALE_2024-06-13_19_134;4.0;FAR3_SCALE;2024-06-13;19;134
0;ADE005;FAR3_SCALE_2024-06-13_5_64;1.0;FAR3_SCALE;2024-06-13;5;64
0;ADE005;FAR3_SCALE_2024-06-13_21_154;1.0;FAR3_SCALE;2024-06-13;21;154
0;ADE005;FAR3_SCALE_2024-06-13_4_62;5.0;FAR3_SCALE;2024-06-13;4;62
0;ADN765;FAR3_SCALE_2024-06-13_4_61;8.0;FAR3_SCALE;2024-06-13;4;61
0;ADE005;FAR3_SCALE_2024-06-13_19_133;10.0;FAR3_SCALE;2024-06-13;19;133
0;ADG599;FAR3_SCALE_2024-06-13_8_80;2.0;FAR3_SCALE;2024-06-13;8;80
0;ADE500;FAR3_SCALE_2024-06-13_5_65;4.0;FAR3_SCALE;2024-06-13;5;65
0;ADP722;FAR3_SCALE_2024-06-13_9_81;1.0;FAR3_SCALE;2024-06-13;9;81
0;ADG599;FAR3_SCALE_2024-06-13_6_74;6.0;FAR3_SCALE;2024-06-13;6;74
0;ADG599;FAR3_SCALE_2024-06-13_7_77;1.0;FAR3_SCALE;2024-06-13;7;77
0;ADG599;FAR3_SCALE_2024-06-13_5_67;3.0;FAR3_SCALE;2024-06-13;5;67
0;ADE005;FAR3_SCALE_2024-06-13_3_58;1.0;FAR3_SCALE;2024-06-13;3;58
0;ADG522;FAR3_SCALE_2024-06-13_7_75;1.0;FAR3_SCALE;2024-06-13;7;75
0;ADE005;FAR3_SCALE_2024-06-13_18_99;12.0;FAR3_SCALE;2024-06-13;18;99
0;ADE005;FAR3_SCALE_2024-06-13_19_136;1.0;FAR3_SCALE;2024-06-13;19;136
0;ADE012;FAR3_SCALE_2024-06-13_3_59;1.0;FAR3_SCALE;2024-06-13;3;59
0;ADE005;FAR3_SCALE_2024-06-13_18_102;1.0;FAR3_SCALE;2024-06-13;18;102
0;ADE005;FAR3_SCALE_2024-06-13_18_103;2.0;FAR3_SCALE;2024-06-13;18;103
0;ADE005;FAR3_SCALE_2024-06-13_19_151;1.0;FAR3_SCALE;2024-06-13;19;151
0;ADE005;FAR3_SCALE_2024-06-13_5_66;8.0;FAR3_SCALE;2024-06-13;5;66
0;ADE005;FAR3_SCALE_2024-06-13_18_91;21.0;FAR3_SCALE;2024-06-13;18;91
0;ADE005;FAR3_SCALE_2024-06-14_10_69;18.0;FAR3_SCALE;2024-06-14;10;69
0;ADE200;FAR3_SCALE_2024-06-14_6_64;1.0;FAR3_SCALE;2024-06-14;6;64
0;ADE005;FAR3_SCALE_2024-06-14_6_65;1.0;FAR3_SCALE;2024-06-14;6;65
0;ADE005;FAR3_SCALE_2024-06-14_8_67;3.0;FAR3_SCALE;2024-06-14;8;67
0;ADE005;FAR3_SCALE_2024-06-15_10_50;1.0;FAR3_SCALE;2024-06-15;10;50
0;ADE005;FAR3_SCALE_2024-06-15_9_47;6.0;FAR3_SCALE;2024-06-15;9;47
0;ADN899;FAR3_SCALE_2024-06-15_6_42;9.0;FAR3_SCALE;2024-06-15;6;42
0;ADE005;FAR3_SCALE_2024-06-15_7_44;23.0;FAR3_SCALE;2024-06-15;7;44
0;ADN899;FAR3_SCALE_2024-06-15_6_43;10.0;FAR3_SCALE;2024-06-15;6;43
0;ADE500;FAR3_SCALE_2024-06-15_7_46;2.0;FAR3_SCALE;2024-06-15;7;46
0;ADE500;FAR3_SCALE_2024-06-15_7_45;4.0;FAR3_SCALE;2024-06-15;7;45
0;ADE005;FAR3_SCALE_2024-06-15_10_51;1.0;FAR3_SCALE;2024-06-15;10;51
0;ADG599;FAR3_SCALE_2024-06-16_7_49;1.0;FAR3_SCALE;2024-06-16;7;49
0;ADG599;FAR3_SCALE_2024-06-16_7_47;3.0;FAR3_SCALE;2024-06-16;7;47
0;ADG599;FAR3_SCALE_2024-06-16_8_52;2.0;FAR3_SCALE;2024-06-16;8;52
0;ADG599;FAR3_SCALE_2024-06-16_10_60;4.0;FAR3_SCALE;2024-06-16;10;60
0;ADG599;FAR3_SCALE_2024-06-16_10_59;3.0;FAR3_SCALE;2024-06-16;10;59
0;ADG599;FAR3_SCALE_2024-06-16_7_51;12.0;FAR3_SCALE;2024-06-16;7;51
0;ADG599;FAR3_SCALE_2024-06-16_6_44;3.0;FAR3_SCALE;2024-06-16;6;44
0;ADG599;FAR3_SCALE_2024-06-16_4_40;3.0;FAR3_SCALE;2024-06-16;4;40
0;ADG599;FAR3_SCALE_2024-06-16_7_46;2.0;FAR3_SCALE;2024-06-16;7;46
0;ADG599;FAR3_SCALE_2024-06-16_10_56;2.0;FAR3_SCALE;2024-06-16;10;56
0;ADG599;FAR3_SCALE_2024-06-16_7_48;12.0;FAR3_SCALE;2024-06-16;7;48
0;ADN899;FAR3_SCALE_2024-06-17_9_56;3.0;FAR3_SCALE;2024-06-17;9;56
0;ADE002;FAR3_SCALE_2024-06-17_18_65;1.0;FAR3_SCALE;2024-06-17;18;65
0;ADE002;FAR3_SCALE_2024-06-17_19_70;2.0;FAR3_SCALE;2024-06-17;19;70
0;ADN899;FAR3_SCALE_2024-06-17_9_59;2.0;FAR3_SCALE;2024-06-17;9;59
0;ADE005;FAR3_SCALE_2024-06-17_11_62;4.0;FAR3_SCALE;2024-06-17;11;62
0;ADN765;FAR3_SCALE_2024-06-17_21_74;5.0;FAR3_SCALE;2024-06-17;21;74
0;ADG599;FAR3_SCALE_2024-06-18_6_56;3.0;FAR3_SCALE;2024-06-18;6;56
0;ADE005;FAR3_SCALE_2024-06-18_9_59;5.0;FAR3_SCALE;2024-06-18;9;59
0;ADP793;FAR3_SCALE_2024-06-18_12_73;2.0;FAR3_SCALE;2024-06-18;12;73
0;ADE005;FAR3_SCALE_2024-06-18_10_67;2.0;FAR3_SCALE;2024-06-18;10;67
0;ADE500;FAR3_SCALE_2024-06-18_9_58;6.0;FAR3_SCALE;2024-06-18;9;58
0;ADN899;FAR3_SCALE_2024-06-18_7_57;2.0;FAR3_SCALE;2024-06-18;7;57
0;ADG599;FAR3_SCALE_2024-06-18_6_55;2.0;FAR3_SCALE;2024-06-18;6;55
0;ADE005;FAR3_SCALE_2024-06-18_12_74;3.0;FAR3_SCALE;2024-06-18;12;74
0;ADE005;FAR3_SCALE_2024-06-19_10_75;7.0;FAR3_SCALE;2024-06-19;10;75
0;ADE005;FAR3_SCALE_2024-06-19_8_68;1.0;FAR3_SCALE;2024-06-19;8;68
0;ADE005;FAR3_SCALE_2024-06-19_10_78;2.0;FAR3_SCALE;2024-06-19;10;78
0;ADE500;FAR3_SCALE_2024-06-19_10_77;4.0;FAR3_SCALE;2024-06-19;10;77
0;ADE500;FAR3_SCALE_2024-06-19_7_65;6.0;FAR3_SCALE;2024-06-19;7;65
0;ADE005;FAR3_SCALE_2024-06-19_12_80;2.0;FAR3_SCALE;2024-06-19;12;80
0;ADE005;FAR3_SCALE_2024-06-19_9_73;5.0;FAR3_SCALE;2024-06-19;9;73
0;ADE005;FAR3_SCALE_2024-06-19_10_76;1.0;FAR3_SCALE;2024-06-19;10;76
0;ADE500;FAR3_SCALE_2024-06-19_8_69;2.0;FAR3_SCALE;2024-06-19;8;69
0;ADJ905;FAR3_SCALE_2024-06-20_16_314;21.0;FAR3_SCALE;2024-06-20;16;314
0;ADJ905;FAR3_SCALE_2024-06-20_16_313;29.0;FAR3_SCALE;2024-06-20;16;313
0;ADJ905;FAR3_SCALE_2024-06-20_16_310;2.0;FAR3_SCALE;2024-06-20;16;310
0;ADE005;FAR3_SCALE_2024-06-20_19_368;1.0;FAR3_SCALE;2024-06-20;19;368
0;ADE033;FAR3_SCALE_2024-06-20_9_65;1.0;FAR3_SCALE;2024-06-20;9;65
0;ADE005;FAR3_SCALE_2024-06-20_19_366;2.0;FAR3_SCALE;2024-06-20;19;366
0;ADE005;FAR3_SCALE_2024-06-20_19_367;2.0;FAR3_SCALE;2024-06-20;19;367
0;ADR408;FAR3_SCALE_2024-06-20_12_69;1.0;FAR3_SCALE;2024-06-20;12;69
0;ADE005;FAR3_SCALE_2024-06-21_6_49;1.0;FAR3_SCALE;2024-06-21;6;49
0;ADE005;FAR3_SCALE_2024-06-21_7_58;1.0;FAR3_SCALE;2024-06-21;7;58
0;ADP782;FAR3_SCALE_2024-06-21_9_65;11.0;FAR3_SCALE;2024-06-21;9;65
0;ADE005;FAR3_SCALE_2024-06-21_6_48;8.0;FAR3_SCALE;2024-06-21;6;48
0;ADE005;FAR3_SCALE_2024-06-21_6_45;3.0;FAR3_SCALE;2024-06-21;6;45
0;ADE500;FAR3_SCALE_2024-06-21_9_66;3.0;FAR3_SCALE;2024-06-21;9;66
0;ADE005;FAR3_SCALE_2024-06-22_6_68;4.0;FAR3_SCALE;2024-06-22;6;68
0;ADE019;FAR3_SCALE_2024-06-22_13_271;4.0;FAR3_SCALE;2024-06-22;13;271
0;ADE012;FAR3_SCALE_2024-06-22_19_293;5.0;FAR3_SCALE;2024-06-22;19;293
0;ADE019;FAR3_SCALE_2024-06-22_13_272;4.0;FAR3_SCALE;2024-06-22;13;272
0;ADE500;FAR3_SCALE_2024-06-22_5_66;3.0;FAR3_SCALE;2024-06-22;5;66
0;ADP770;FAR3_SCALE_2024-06-22_4_64;1.0;FAR3_SCALE;2024-06-22;4;64
0;ADE012;FAR3_SCALE_2024-06-22_17_289;2.0;FAR3_SCALE;2024-06-22;17;289
0;ADE012;FAR3_SCALE_2024-06-22_8_81;2.0;FAR3_SCALE;2024-06-22;8;81
0;ADE012;FAR3_SCALE_2024-06-22_8_83;3.0;FAR3_SCALE;2024-06-22;8;83
0;ADE012;FAR3_SCALE_2024-06-22_8_84;2.0;FAR3_SCALE;2024-06-22;8;84
0;ADE066;FAR3_SCALE_2024-06-22_18_292;3.0;FAR3_SCALE;2024-06-22;18;292
0;ADA019;FAR3_SCALE_2024-06-22_13_273;1.0;FAR3_SCALE;2024-06-22;13;273
0;ADE990;FAR3_SCALE_2024-06-22_18_291;11.0;FAR3_SCALE;2024-06-22;18;291
0;ADE990;FAR3_SCALE_2024-06-23_16_155;1.0;FAR3_SCALE;2024-06-23;16;155
0;ADE220;FAR3_SCALE_2024-06-23_17_160;1.0;FAR3_SCALE;2024-06-23;17;160
0;ABT584;FAR3_SCALE_2024-06-23_16_150;1.0;FAR3_SCALE;2024-06-23;16;150
0;ADE060;FAR3_SCALE_2024-06-24_8_428;1.0;FAR3_SCALE;2024-06-24;8;428
0;ADE066;FAR3_SCALE_2024-06-24_8_427;12.0;FAR3_SCALE;2024-06-24;8;427
0;ADP785;FAR3_SCALE_2024-06-25_11_70;5.0;FAR3_SCALE;2024-06-25;11;70
0;ADE005;FAR3_SCALE_2024-06-25_6_66;1.0;FAR3_SCALE;2024-06-25;6;66
0;ADP771;FAR3_SCALE_2024-06-25_12_75;1.0;FAR3_SCALE;2024-06-25;12;75
0;ADP771;FAR3_SCALE_2024-06-25_12_73;5.0;FAR3_SCALE;2024-06-25;12;73
0;ADN755;FAR3_SCALE_2024-06-26_6_71;1.0;FAR3_SCALE;2024-06-26;6;71
0;ADP799;FAR3_SCALE_2024-06-26_8_74;1.0;FAR3_SCALE;2024-06-26;8;74
0;ADN823;FAR3_SCALE_2024-06-30_14_266;1.0;FAR3_SCALE;2024-06-30;14;266
0;ADR200;FAR3_SCALE_2024-07-01_14_144;1.0;FAR3_SCALE;2024-07-01;14;144
0;ADE012;FAR3_SCALE_2024-07-02_7_162;1.0;FAR3_SCALE;2024-07-02;7;162
0;ADP708;FAR3_SCALE_2024-07-02_12_167;1.0;FAR3_SCALE;2024-07-02;12;167
0;ADP793;FAR3_SCALE_2024-07-02_7_161;5.0;FAR3_SCALE;2024-07-02;7;161
0;ADN765;FAR3_SCALE_2024-07-03_5_118;2.0;FAR3_SCALE;2024-07-03;5;118
0;ADP770;FAR3_SCALE_2024-07-03_10_152;1.0;FAR3_SCALE;2024-07-03;10;152
0;ADP770;FAR3_SCALE_2024-07-03_10_148;1.0;FAR3_SCALE;2024-07-03;10;148
0;ADF770;FAR3_SCALE_2024-07-03_10_160;1.0;FAR3_SCALE;2024-07-03;10;160
0;ADP770;FAR3_SCALE_2024-07-03_10_143;2.0;FAR3_SCALE;2024-07-03;10;143
0;ADP770;FAR3_SCALE_2024-07-03_6_121;3.0;FAR3_SCALE;2024-07-03;6;121
0;ADP770;FAR3_SCALE_2024-07-03_10_154;1.0;FAR3_SCALE;2024-07-03;10;154
0;ADP770;FAR3_SCALE_2024-07-03_6_124;2.0;FAR3_SCALE;2024-07-03;6;124
0;ADP770;FAR3_SCALE_2024-07-03_5_120;32.0;FAR3_SCALE;2024-07-03;5;120
0;ADE053;FAR3_SCALE_2024-07-03_11_167;1.0;FAR3_SCALE;2024-07-03;11;167
0;ADP770;FAR3_SCALE_2024-07-03_10_155;2.0;FAR3_SCALE;2024-07-03;10;155
0;ADP770;FAR3_SCALE_2024-07-03_10_161;1.0;FAR3_SCALE;2024-07-03;10;161
0;ADP770;FAR3_SCALE_2024-07-03_10_145;1.0;FAR3_SCALE;2024-07-03;10;145
0;ADP770;FAR3_SCALE_2024-07-03_10_149;1.0;FAR3_SCALE;2024-07-03;10;149
0;ADP770;FAR3_SCALE_2024-07-03_10_147;1.0;FAR3_SCALE;2024-07-03;10;147
0;ADP770;FAR3_SCALE_2024-07-03_10_150;1.0;FAR3_SCALE;2024-07-03;10;150
0;ADP770;FAR3_SCALE_2024-07-03_10_153;2.0;FAR3_SCALE;2024-07-03;10;153
0;ADP770;FAR3_SCALE_2024-07-03_10_159;1.0;FAR3_SCALE;2024-07-03;10;159
0;ADP770;FAR3_SCALE_2024-07-03_10_140;1.0;FAR3_SCALE;2024-07-03;10;140
0;ADP770;FAR3_SCALE_2024-07-03_6_122;22.0;FAR3_SCALE;2024-07-03;6;122
0;ADP770;FAR3_SCALE_2024-07-05_4_200;16.0;FAR3_SCALE;2024-07-05;4;200
0;ADE290;FAR3_SCALE_2024-07-05_5_278;1.0;FAR3_SCALE;2024-07-05;5;278
0;ADE790;FAR3_SCALE_2024-07-05_5_283;2.0;FAR3_SCALE;2024-07-05;5;283
0;ADE005;FAR3_SCALE_2024-07-05_12_791;3.0;FAR3_SCALE;2024-07-05;12;791
0;ADP770;FAR3_SCALE_2024-07-05_4_197;2.0;FAR3_SCALE;2024-07-05;4;197
0;ADP027;FAR3_SCALE_2024-07-05_4_201;1.0;FAR3_SCALE;2024-07-05;4;201
0;ADE066;FAR3_SCALE_2024-07-05_5_276;1.0;FAR3_SCALE;2024-07-05;5;276
0;ADE790;FAR3_SCALE_2024-07-05_5_285;1.0;FAR3_SCALE;2024-07-05;5;285
0;ADE063;FAR3_SCALE_2024-07-05_6_651;1.0;FAR3_SCALE;2024-07-05;6;651
0;ADP770;FAR3_SCALE_2024-07-05_4_198;5.0;FAR3_SCALE;2024-07-05;4;198
0;ADP000;FAR3_SCALE_2024-07-05_4_202;1.0;FAR3_SCALE;2024-07-05;4;202
0;ADE990;FAR3_SCALE_2024-07-05_5_277;3.0;FAR3_SCALE;2024-07-05;5;277
0;ADE005;FAR3_SCALE_2024-07-05_12_782;1.0;FAR3_SCALE;2024-07-05;12;782
0;ADP799;FAR3_SCALE_2024-07-06_11_184;4.0;FAR3_SCALE;2024-07-06;11;184
0;ADP799;FAR3_SCALE_2024-07-06_6_166;3.0;FAR3_SCALE;2024-07-06;6;166
0;ADP799;FAR3_SCALE_2024-07-06_8_176;5.0;FAR3_SCALE;2024-07-06;8;176
0;ADP768;FAR3_SCALE_2024-07-06_5_162;4.0;FAR3_SCALE;2024-07-06;5;162
0;ACL210;FAR3_SCALE_2024-07-07_5_114;3.0;FAR3_SCALE;2024-07-07;5;114
0;ADE005;FAR3_SCALE_2024-07-07_11_374;1.0;FAR3_SCALE;2024-07-07;11;374
0;ACH210;FAR3_SCALE_2024-07-07_5_117;1.0;FAR3_SCALE;2024-07-07;5;117
0;ADP770;FAR3_SCALE_2024-07-07_4_112;17.0;FAR3_SCALE;2024-07-07;4;112
0;ADE066;FAR3_SCALE_2024-07-07_5_119;3.0;FAR3_SCALE;2024-07-07;5;119
0;ADE005;FAR3_SCALE_2024-07-07_11_358;2.0;FAR3_SCALE;2024-07-07;11;358
0;ADP100;FAR3_SCALE_2024-07-08_22_170;1.0;FAR3_SCALE;2024-07-08;22;170
0;ADE005;FAR3_SCALE_2024-07-08_6_141;2.0;FAR3_SCALE;2024-07-08;6;141
0;ADE019;FAR3_SCALE_2024-07-08_7_144;5.0;FAR3_SCALE;2024-07-08;7;144
0;ADE005;FAR3_SCALE_2024-07-08_8_145;2.0;FAR3_SCALE;2024-07-08;8;145
0;ADP770;FAR3_SCALE_2024-07-09_8_142;8.0;FAR3_SCALE;2024-07-09;8;142
0;ADP781;FAR3_SCALE_2024-07-09_3_131;6.0;FAR3_SCALE;2024-07-09;3;131
0;ADN765;FAR3_SCALE_2024-07-09_7_139;1.0;FAR3_SCALE;2024-07-09;7;139
0;ADP793;FAR3_SCALE_2024-07-09_6_137;1.0;FAR3_SCALE;2024-07-09;6;137
0;ADE039;FAR3_SCALE_2024-07-11_10_109;4.0;FAR3_SCALE;2024-07-11;10;109
0;ADE009;FAR3_SCALE_2024-07-11_11_121;1.0;FAR3_SCALE;2024-07-11;11;121
0;ADE039;FAR3_SCALE_2024-07-11_7_106;1.0;FAR3_SCALE;2024-07-11;7;106
0;ADE039;FAR3_SCALE_2024-07-11_10_111;1.0;FAR3_SCALE;2024-07-11;10;111
0;ADP793;FAR3_SCALE_2024-07-11_5_98;2.0;FAR3_SCALE;2024-07-11;5;98
0;ADE012;FAR3_SCALE_2024-07-11_7_108;2.0;FAR3_SCALE;2024-07-11;7;108
0;ADP771;FAR3_SCALE_2024-07-11_12_124;2.0;FAR3_SCALE;2024-07-11;12;124
0;ADE012;FAR3_SCALE_2024-07-11_7_107;2.0;FAR3_SCALE;2024-07-11;7;107
0;ADE005;FAR3_SCALE_2024-07-11_13_125;1.0;FAR3_SCALE;2024-07-11;13;125
0;ADP797;FAR3_SCALE_2024-07-12_5_124;24.0;FAR3_SCALE;2024-07-12;5;124
0;ADP187;FAR3_SCALE_2024-07-12_6_131;1.0;FAR3_SCALE;2024-07-12;6;131
0;ADP797;FAR3_SCALE_2024-07-12_6_128;20.0;FAR3_SCALE;2024-07-12;6;128
0;ADG442;FAR3_SCALE_2024-07-12_4_114;1.0;FAR3_SCALE;2024-07-12;4;114
0;ADP297;FAR3_SCALE_2024-07-12_6_133;1.0;FAR3_SCALE;2024-07-12;6;133
0;ADG667;FAR3_SCALE_2024-07-12_4_115;1.0;FAR3_SCALE;2024-07-12;4;115
0;ADE039;FAR3_SCALE_2024-07-12_11_157;4.0;FAR3_SCALE;2024-07-12;11;157
0;ADP797;FAR3_SCALE_2024-07-12_5_123;5.0;FAR3_SCALE;2024-07-12;5;123
0;ADP797;FAR3_SCALE_2024-07-12_5_117;1.0;FAR3_SCALE;2024-07-12;5;117
0;ADE039;FAR3_SCALE_2024-07-12_10_154;2.0;FAR3_SCALE;2024-07-12;10;154
0;ADP797;FAR3_SCALE_2024-07-12_5_122;1.0;FAR3_SCALE;2024-07-12;5;122
0;ADP797;FAR3_SCALE_2024-07-12_5_127;4.0;FAR3_SCALE;2024-07-12;5;127
0;ADE039;FAR3_SCALE_2024-07-12_10_155;7.0;FAR3_SCALE;2024-07-12;10;155
0;ADR423;FAR3_SCALE_2024-07-12_8_144;2.0;FAR3_SCALE;2024-07-12;8;144
0;ADP771;FAR3_SCALE_2024-07-12_4_112;11.0;FAR3_SCALE;2024-07-12;4;112
0;ADP770;FAR3_SCALE_2024-07-12_4_105;3.0;FAR3_SCALE;2024-07-12;4;105
0;ADG442;FAR3_SCALE_2024-07-12_5_116;1.0;FAR3_SCALE;2024-07-12;5;116
0;ADP797;FAR3_SCALE_2024-07-12_5_119;16.0;FAR3_SCALE;2024-07-12;5;119
0;ADE005;FAR3_SCALE_2024-07-13_20_219;7.0;FAR3_SCALE;2024-07-13;20;219
0;ADE039;FAR3_SCALE_2024-07-13_5_138;1.0;FAR3_SCALE;2024-07-13;5;138
0;ADE005;FAR3_SCALE_2024-07-13_15_211;2.0;FAR3_SCALE;2024-07-13;15;211
0;ADN765;FAR3_SCALE_2024-07-13_13_208;12.0;FAR3_SCALE;2024-07-13;13;208
0;ADE039;FAR3_SCALE_2024-07-13_7_151;2.0;FAR3_SCALE;2024-07-13;7;151
0;ADE005;FAR3_SCALE_2024-07-13_10_193;2.0;FAR3_SCALE;2024-07-13;10;193
0;ADE039;FAR3_SCALE_2024-07-13_7_146;3.0;FAR3_SCALE;2024-07-13;7;146
0;ADE005;FAR3_SCALE_2024-07-13_19_218;10.0;FAR3_SCALE;2024-07-13;19;218
0;ADE039;FAR3_SCALE_2024-07-13_7_152;2.0;FAR3_SCALE;2024-07-13;7;152
0;ADE005;FAR3_SCALE_2024-07-13_19_217;10.0;FAR3_SCALE;2024-07-13;19;217
0;ADP799;FAR3_SCALE_2024-07-13_7_183;11.0;FAR3_SCALE;2024-07-13;7;183
0;ADE005;FAR3_SCALE_2024-07-13_19_216;7.0;FAR3_SCALE;2024-07-13;19;216
0;ADE039;FAR3_SCALE_2024-07-13_7_165;1.0;FAR3_SCALE;2024-07-13;7;165
0;AAD288;FAR3_SCALE_2024-07-13_12_204;1.0;FAR3_SCALE;2024-07-13;12;204
0;ADE005;FAR3_SCALE_2024-07-13_11_203;11.0;FAR3_SCALE;2024-07-13;11;203
0;ADE220;FAR3_SCALE_2024-07-13_7_163;1.0;FAR3_SCALE;2024-07-13;7;163
0;ADG442;FAR3_SCALE_2024-07-13_4_132;1.0;FAR3_SCALE;2024-07-13;4;132
0;ADE039;FAR3_SCALE_2024-07-13_5_137;2.0;FAR3_SCALE;2024-07-13;5;137
0;ADP793;FAR3_SCALE_2024-07-14_15_590;6.0;FAR3_SCALE;2024-07-14;15;590
0;ADE011;FAR3_SCALE_2024-07-14_4_517;12.0;FAR3_SCALE;2024-07-14;4;517
0;ADE005;FAR3_SCALE_2024-07-14_8_556;1.0;FAR3_SCALE;2024-07-14;8;556
0;ADE005;FAR3_SCALE_2024-07-14_7_546;4.0;FAR3_SCALE;2024-07-14;7;546
0;ADE011;FAR3_SCALE_2024-07-14_4_514;3.0;FAR3_SCALE;2024-07-14;4;514
0;ADE620;FAR3_SCALE_2024-07-14_14_587;5.0;FAR3_SCALE;2024-07-14;14;587
0;ADN823;FAR3_SCALE_2024-07-14_10_567;11.0;FAR3_SCALE;2024-07-14;10;567
0;ADE005;FAR3_SCALE_2024-07-14_12_580;2.0;FAR3_SCALE;2024-07-14;12;580
0;ADE005;FAR3_SCALE_2024-07-14_8_550;3.0;FAR3_SCALE;2024-07-14;8;550
0;ADB966;FAR3_SCALE_2024-07-14_12_578;1.0;FAR3_SCALE;2024-07-14;12;578
0;ADE039;FAR3_SCALE_2024-07-14_11_568;4.0;FAR3_SCALE;2024-07-14;11;568
0;ADE039;FAR3_SCALE_2024-07-14_12_576;2.0;FAR3_SCALE;2024-07-14;12;576
0;ADP797;FAR3_SCALE_2024-07-14_11_575;6.0;FAR3_SCALE;2024-07-14;11;575
0;ADN823;FAR3_SCALE_2024-07-15_7_340;6.0;FAR3_SCALE;2024-07-15;7;340
0;ADR423;FAR3_SCALE_2024-07-15_10_360;6.0;FAR3_SCALE;2024-07-15;10;360
0;ADE019;FAR3_SCALE_2024-07-15_12_363;4.0;FAR3_SCALE;2024-07-15;12;363
0;ADR423;FAR3_SCALE_2024-07-15_8_344;14.0;FAR3_SCALE;2024-07-15;8;344
0;ADP785;FAR3_SCALE_2024-07-15_10_355;1.0;FAR3_SCALE;2024-07-15;10;355
0;ADP797;FAR3_SCALE_2024-07-15_6_335;2.0;FAR3_SCALE;2024-07-15;6;335
0;ADP797;FAR3_SCALE_2024-07-16_19_162;5.0;FAR3_SCALE;2024-07-16;19;162
0;ADP797;FAR3_SCALE_2024-07-16_20_168;10.0;FAR3_SCALE;2024-07-16;20;168
0;ADP797;FAR3_SCALE_2024-07-16_18_157;1.0;FAR3_SCALE;2024-07-16;18;157
0;ADP797;FAR3_SCALE_2024-07-16_20_171;3.0;FAR3_SCALE;2024-07-16;20;171
0;ADP797;FAR3_SCALE_2024-07-16_19_164;28.0;FAR3_SCALE;2024-07-16;19;164
0;ADP797;FAR3_SCALE_2024-07-16_19_159;2.0;FAR3_SCALE;2024-07-16;19;159
0;ADP797;FAR3_SCALE_2024-07-16_20_170;7.0;FAR3_SCALE;2024-07-16;20;170
0;ADP797;FAR3_SCALE_2024-07-16_20_169;3.0;FAR3_SCALE;2024-07-16;20;169
0;AAB288;FAR3_SCALE_2024-07-16_19_158;7.0;FAR3_SCALE;2024-07-16;19;158
0;ADP797;FAR3_SCALE_2024-07-16_18_154;6.0;FAR3_SCALE;2024-07-16;18;154
0;ADP797;FAR3_SCALE_2024-07-16_17_145;2.0;FAR3_SCALE;2024-07-16;17;145
0;ADP797;FAR3_SCALE_2024-07-16_20_167;4.0;FAR3_SCALE;2024-07-16;20;167
0;ADE020;FAR3_SCALE_2024-07-17_21_945;1.0;FAR3_SCALE;2024-07-17;21;945
0;ADE011;FAR3_SCALE_2024-07-17_6_818;5.0;FAR3_SCALE;2024-07-17;6;818
0;ADP797;FAR3_SCALE_2024-07-17_6_814;1.0;FAR3_SCALE;2024-07-17;6;814
0;ADE005;FAR3_SCALE_2024-07-17_12_853;15.0;FAR3_SCALE;2024-07-17;12;853
0;ADE005;FAR3_SCALE_2024-07-17_17_901;7.0;FAR3_SCALE;2024-07-17;17;901
0;ADE033;FAR3_SCALE_2024-07-17_8_835;1.0;FAR3_SCALE;2024-07-17;8;835
0;ADP797;FAR3_SCALE_2024-07-17_6_813;1.0;FAR3_SCALE;2024-07-17;6;813
0;ADP797;FAR3_SCALE_2024-07-17_12_857;4.0;FAR3_SCALE;2024-07-17;12;857
0;ADE005;FAR3_SCALE_2024-07-17_20_929;3.0;FAR3_SCALE;2024-07-17;20;929
0;ADE018;FAR3_SCALE_2024-07-17_3_800;1.0;FAR3_SCALE;2024-07-17;3;800
0;ADE005;FAR3_SCALE_2024-07-17_13_864;5.0;FAR3_SCALE;2024-07-17;13;864
0;ADE020;FAR3_SCALE_2024-07-17_21_944;1.0;FAR3_SCALE;2024-07-17;21;944
0;ADE005;FAR3_SCALE_2024-07-17_20_928;2.0;FAR3_SCALE;2024-07-17;20;928
0;ADE005;FAR3_SCALE_2024-07-17_11_851;3.0;FAR3_SCALE;2024-07-17;11;851
0;ABV360;FAR3_SCALE_2024-07-17_14_868;4.0;FAR3_SCALE;2024-07-17;14;868
0;ADE003;FAR3_SCALE_2024-07-17_9_844;1.0;FAR3_SCALE;2024-07-17;9;844
0;ADE005;FAR3_SCALE_2024-07-17_20_925;1.0;FAR3_SCALE;2024-07-17;20;925
0;ADE005;FAR3_SCALE_2024-07-17_13_863;7.0;FAR3_SCALE;2024-07-17;13;863
0;ADP797;FAR3_SCALE_2024-07-17_6_815;8.0;FAR3_SCALE;2024-07-17;6;815
0;ADE011;FAR3_SCALE_2024-07-17_6_817;3.0;FAR3_SCALE;2024-07-17;6;817
0;ADE030;FAR3_SCALE_2024-07-17_21_958;1.0;FAR3_SCALE;2024-07-17;21;958
0;ADP797;FAR3_SCALE_2024-07-17_5_805;1.0;FAR3_SCALE;2024-07-17;5;805
0;ADE500;FAR3_SCALE_2024-07-17_20_931;5.0;FAR3_SCALE;2024-07-17;20;931
0;ADP797;FAR3_SCALE_2024-07-17_12_858;7.0;FAR3_SCALE;2024-07-17;12;858
0;ADE005;FAR3_SCALE_2024-07-17_20_927;2.0;FAR3_SCALE;2024-07-17;20;927
0;ADE520;FAR3_SCALE_2024-07-18_7_530;1.0;FAR3_SCALE;2024-07-18;7;530
0;ADE005;FAR3_SCALE_2024-07-18_6_524;7.0;FAR3_SCALE;2024-07-18;6;524
0;ADE039;FAR3_SCALE_2024-07-18_10_549;2.0;FAR3_SCALE;2024-07-18;10;549
0;ADE039;FAR3_SCALE_2024-07-18_13_563;7.0;FAR3_SCALE;2024-07-18;13;563
0;ADP648;FAR3_SCALE_2024-07-18_9_536;4.0;FAR3_SCALE;2024-07-18;9;536
0;ADR416;FAR3_SCALE_2024-07-18_9_535;1.0;FAR3_SCALE;2024-07-18;9;535
0;ADE005;FAR3_SCALE_2024-07-18_9_542;14.0;FAR3_SCALE;2024-07-18;9;542
0;ADE039;FAR3_SCALE_2024-07-18_4_514;1.0;FAR3_SCALE;2024-07-18;4;514
0;ADE014;FAR3_SCALE_2024-07-18_7_528;2.0;FAR3_SCALE;2024-07-18;7;528
0;ADE039;FAR3_SCALE_2024-07-18_13_574;2.0;FAR3_SCALE;2024-07-18;13;574
0;ADN899;FAR3_SCALE_2024-07-18_3_500;1.0;FAR3_SCALE;2024-07-18;3;500
0;ADE032;FAR3_SCALE_2024-07-18_5_517;1.0;FAR3_SCALE;2024-07-18;5;517
0;ADE039;FAR3_SCALE_2024-07-18_5_519;5.0;FAR3_SCALE;2024-07-18;5;519
0;ADE005;FAR3_SCALE_2024-07-18_3_505;1.0;FAR3_SCALE;2024-07-18;3;505
0;ADE039;FAR3_SCALE_2024-07-18_9_538;2.0;FAR3_SCALE;2024-07-18;9;538
0;ADE039;FAR3_SCALE_2024-07-18_9_537;5.0;FAR3_SCALE;2024-07-18;9;537
0;ADE320;FAR3_SCALE_2024-07-18_6_522;1.0;FAR3_SCALE;2024-07-18;6;522
0;ADE020;FAR3_SCALE_2024-07-18_6_523;1.0;FAR3_SCALE;2024-07-18;6;523
0;ADP799;FAR3_SCALE_2024-07-18_10_546;3.0;FAR3_SCALE;2024-07-18;10;546
0;ADE005;FAR3_SCALE_2024-07-19_11_204;1.0;FAR3_SCALE;2024-07-19;11;204
0;ADE005;FAR3_SCALE_2024-07-19_9_150;7.0;FAR3_SCALE;2024-07-19;9;150
0;ADE039;FAR3_SCALE_2024-07-19_7_128;3.0;FAR3_SCALE;2024-07-19;7;128
0;ADE005;FAR3_SCALE_2024-07-19_10_199;14.0;FAR3_SCALE;2024-07-19;10;199
0;ADE039;FAR3_SCALE_2024-07-19_8_130;6.0;FAR3_SCALE;2024-07-19;8;130
0;ADE005;FAR3_SCALE_2024-07-19_11_203;2.0;FAR3_SCALE;2024-07-19;11;203
0;ADE005;FAR3_SCALE_2024-07-19_9_148;1.0;FAR3_SCALE;2024-07-19;9;148
0;ADP791;FAR3_SCALE_2024-07-20_4_138;3.0;FAR3_SCALE;2024-07-20;4;138
0;ADP771;FAR3_SCALE_2024-07-20_11_161;19.0;FAR3_SCALE;2024-07-20;11;161
0;ADP771;FAR3_SCALE_2024-07-20_12_163;5.0;FAR3_SCALE;2024-07-20;12;163
0;ADP771;FAR3_SCALE_2024-07-20_11_162;13.0;FAR3_SCALE;2024-07-20;11;162
0;ADP771;FAR3_SCALE_2024-07-20_11_160;25.0;FAR3_SCALE;2024-07-20;11;160
0;ADE005;FAR3_SCALE_2024-07-21_14_72;2.0;FAR3_SCALE;2024-07-21;14;72
0;ADE500;FAR3_SCALE_2024-07-21_6_56;2.0;FAR3_SCALE;2024-07-21;6;56
0;ADE005;FAR3_SCALE_2024-07-21_14_71;2.0;FAR3_SCALE;2024-07-21;14;71
0;ADE500;FAR3_SCALE_2024-07-21_6_55;1.0;FAR3_SCALE;2024-07-21;6;55
0;AAB288;FAR3_SCALE_2024-07-21_8_61;2.0;FAR3_SCALE;2024-07-21;8;61
0;ADE005;FAR3_SCALE_2024-07-22_5_61;5.0;FAR3_SCALE;2024-07-22;5;61
0;ADL039;FAR3_SCALE_2024-07-23_12_411;1.0;FAR3_SCALE;2024-07-23;12;411
0;ADE039;FAR3_SCALE_2024-07-23_11_326;1.0;FAR3_SCALE;2024-07-23;11;326
0;ADE500;FAR3_SCALE_2024-07-23_7_136;8.0;FAR3_SCALE;2024-07-23;7;136
0;ADE039;FAR3_SCALE_2024-07-23_9_142;1.0;FAR3_SCALE;2024-07-23;9;142
0;ADE039;FAR3_SCALE_2024-07-23_11_310;4.0;FAR3_SCALE;2024-07-23;11;310
0;ADE039;FAR3_SCALE_2024-07-23_11_332;2.0;FAR3_SCALE;2024-07-23;11;332
0;ADE039;FAR3_SCALE_2024-07-23_11_328;1.0;FAR3_SCALE;2024-07-23;11;328
0;ADE030;FAR3_SCALE_2024-07-23_11_334;1.0;FAR3_SCALE;2024-07-23;11;334
0;ADP039;FAR3_SCALE_2024-07-23_11_316;1.0;FAR3_SCALE;2024-07-23;11;316
0;ADE039;FAR3_SCALE_2024-07-23_11_330;2.0;FAR3_SCALE;2024-07-23;11;330
0;ADE005;FAR3_SCALE_2024-07-23_10_145;3.0;FAR3_SCALE;2024-07-23;10;145
0;ADE009;FAR3_SCALE_2024-07-23_8_140;1.0;FAR3_SCALE;2024-07-23;8;140
0;ADE039;FAR3_SCALE_2024-07-23_11_322;2.0;FAR3_SCALE;2024-07-23;11;322
0;ADE500;FAR3_SCALE_2024-07-23_7_134;2.0;FAR3_SCALE;2024-07-23;7;134
0;ADE039;FAR3_SCALE_2024-07-23_11_307;4.0;FAR3_SCALE;2024-07-23;11;307
0;ADL039;FAR3_SCALE_2024-07-23_12_410;1.0;FAR3_SCALE;2024-07-23;12;410
0;ADE500;FAR3_SCALE_2024-07-23_6_131;5.0;FAR3_SCALE;2024-07-23;6;131
0;ADE005;FAR3_SCALE_2024-07-23_8_139;1.0;FAR3_SCALE;2024-07-23;8;139
0;ADE039;FAR3_SCALE_2024-07-23_11_327;1.0;FAR3_SCALE;2024-07-23;11;327
0;ADE039;FAR3_SCALE_2024-07-23_11_338;2.0;FAR3_SCALE;2024-07-23;11;338
0;ADE005;FAR3_SCALE_2024-07-23_11_147;1.0;FAR3_SCALE;2024-07-23;11;147
0;ADE039;FAR3_SCALE_2024-07-24_7_97;2.0;FAR3_SCALE;2024-07-24;7;97
0;ADE039;FAR3_SCALE_2024-07-24_7_100;3.0;FAR3_SCALE;2024-07-24;7;100
0;ADE005;FAR3_SCALE_2024-07-24_10_107;2.0;FAR3_SCALE;2024-07-24;10;107
0;ADE005;FAR3_SCALE_2024-07-24_5_86;1.0;FAR3_SCALE;2024-07-24;5;86
0;ADE005;FAR3_SCALE_2024-07-24_11_108;3.0;FAR3_SCALE;2024-07-24;11;108
0;ADE039;FAR3_SCALE_2024-07-24_7_96;2.0;FAR3_SCALE;2024-07-24;7;96
0;ADE039;FAR3_SCALE_2024-07-24_7_95;11.0;FAR3_SCALE;2024-07-24;7;95
0;ADE039;FAR3_SCALE_2024-07-24_4_79;6.0;FAR3_SCALE;2024-07-24;4;79
0;ADE039;FAR3_SCALE_2024-07-24_7_98;4.0;FAR3_SCALE;2024-07-24;7;98
0;ADE039;FAR3_SCALE_2024-07-24_7_94;7.0;FAR3_SCALE;2024-07-24;7;94
0;ADE500;FAR3_SCALE_2024-07-24_11_126;5.0;FAR3_SCALE;2024-07-24;11;126
0;ADE005;FAR3_SCALE_2024-07-24_5_84;18.0;FAR3_SCALE;2024-07-24;5;84
0;ABC005;FAR3_SCALE_2024-07-24_5_85;1.0;FAR3_SCALE;2024-07-24;5;85
0;ADE005;FAR3_SCALE_2024-07-24_6_88;3.0;FAR3_SCALE;2024-07-24;6;88
0;ADE005;FAR3_SCALE_2024-07-24_11_109;2.0;FAR3_SCALE;2024-07-24;11;109
0;ADE039;FAR3_SCALE_2024-07-24_7_101;4.0;FAR3_SCALE;2024-07-24;7;101
0;ADE005;FAR3_SCALE_2024-07-25_12_37;1.0;FAR3_SCALE;2024-07-25;12;37
0;ADE005;FAR3_SCALE_2024-07-25_8_34;2.0;FAR3_SCALE;2024-07-25;8;34
0;ADE005;FAR3_SCALE_2024-07-25_9_36;2.0;FAR3_SCALE;2024-07-25;9;36
0;ADN765;FAR3_SCALE_2024-07-27_7_55;3.0;FAR3_SCALE;2024-07-27;7;55
0;ADN765;FAR3_SCALE_2024-08-01_10_05;1.0;FAR3_SCALE;2024-08-01;10;5
0;ACT779;FAR3BONDEN3_SCALE_2023-05-11_21_07;1.0;FAR3BONDEN3_SCALE;2023-05-11;21;7
0;ADE027;FAR3BONDEN3_SCALE_2023-05-11_13_06;1.0;FAR3BONDEN3_SCALE;2023-05-11;13;6
0;ACB660;FAR3BONDEN3_SCALE_2023-05-13_18_00;2.0;FAR3BONDEN3_SCALE;2023-05-13;18;0
0;ADG442;FAR3BONDEN3_SCALE_2023-05-19_7_02;44.0;FAR3BONDEN3_SCALE;2023-05-19;7;2
0;ADG442;FAR3BONDEN3_SCALE_2023-05-19_7_00;7.0;FAR3BONDEN3_SCALE;2023-05-19;7;0
0;ADN871;FAR3BONDEN3_SCALE_2023-05-19_12_03;70.0;FAR3BONDEN3_SCALE;2023-05-19;12;3
0;ADN871;FAR3BONDEN3_SCALE_2023-05-19_17_04;69.0;FAR3BONDEN3_SCALE;2023-05-19;17;4
0;ADE030;FAR3BONDEN3_SCALE_2023-05-24_8_04;1.0;FAR3BONDEN3_SCALE;2023-05-24;8;4
0;ADP724;FAR3BONDEN3_SCALE_2023-05-24_22_06;3.0;FAR3BONDEN3_SCALE;2023-05-24;22;6
0;ADK382;FAR3BONDEN3_SCALE_2023-05-25_11_05;17.0;FAR3BONDEN3_SCALE;2023-05-25;11;5
0;ADK382;FAR3BONDEN3_SCALE_2023-05-25_11_07;25.0;FAR3BONDEN3_SCALE;2023-05-25;11;7
0;ADK382;FAR3BONDEN3_SCALE_2023-05-25_11_06;42.0;FAR3BONDEN3_SCALE;2023-05-25;11;6
0;ADE600;FAR3BONDEN3_SCALE_2023-05-26_17_00;19.0;FAR3BONDEN3_SCALE;2023-05-26;17;0
0;ADG442;FAR3BONDEN3_SCALE_2023-05-27_7_00;6.0;FAR3BONDEN3_SCALE;2023-05-27;7;0
0;ADE030;FAR3BONDEN3_SCALE_2023-05-27_13_01;17.0;FAR3BONDEN3_SCALE;2023-05-27;13;1
0;ADE800;FAR3BONDEN3_SCALE_2023-05-27_17_02;20.0;FAR3BONDEN3_SCALE;2023-05-27;17;2
0;ACT779;FAR3BONDEN3_SCALE_2023-05-27_17_03;6.0;FAR3BONDEN3_SCALE;2023-05-27;17;3
0;ACT779;FAR3BONDEN3_SCALE_2023-05-28_13_06;124.0;FAR3BONDEN3_SCALE;2023-05-28;13;6
0;ACT779;FAR3BONDEN3_SCALE_2023-05-28_8_02;8.0;FAR3BONDEN3_SCALE;2023-05-28;8;2
0;ADG442;FAR3BONDEN3_SCALE_2023-05-28_4_00;1.0;FAR3BONDEN3_SCALE;2023-05-28;4;0
0;ADG442;FAR3BONDEN3_SCALE_2023-05-28_5_01;10.0;FAR3BONDEN3_SCALE;2023-05-28;5;1
0;ACT527;FAR3BONDEN3_SCALE_2023-05-29_7_03;2.0;FAR3BONDEN3_SCALE;2023-05-29;7;3
0;ADE005;FAR3BONDEN3_SCALE_2023-05-29_5_01;48.0;FAR3BONDEN3_SCALE;2023-05-29;5;1
0;ACT770;FAR3BONDEN3_SCALE_2023-05-29_11_20;1.0;FAR3BONDEN3_SCALE;2023-05-29;11;20
0;ACT779;FAR3BONDEN3_SCALE_2023-05-29_16_39;8.0;FAR3BONDEN3_SCALE;2023-05-29;16;39
0;ACT779;FAR3BONDEN3_SCALE_2023-05-29_16_33;4.0;FAR3BONDEN3_SCALE;2023-05-29;16;33
0;ADN785;FAR3BONDEN3_SCALE_2023-05-29_5_00;5.0;FAR3BONDEN3_SCALE;2023-05-29;5;0
0;ACT779;FAR3BONDEN3_SCALE_2023-05-29_10_11;12.0;FAR3BONDEN3_SCALE;2023-05-29;10;11
0;ACT779;FAR3BONDEN3_SCALE_2023-05-29_20_43;13.0;FAR3BONDEN3_SCALE;2023-05-29;20;43
0;ACT779;FAR3BONDEN3_SCALE_2023-05-29_20_42;95.0;FAR3BONDEN3_SCALE;2023-05-29;20;42
0;ACT779;FAR3BONDEN3_SCALE_2023-05-29_16_36;3.0;FAR3BONDEN3_SCALE;2023-05-29;16;36
0;ACT779;FAR3BONDEN3_SCALE_2023-05-29_10_06;67.0;FAR3BONDEN3_SCALE;2023-05-29;10;6
0;ACT779;FAR3BONDEN3_SCALE_2023-05-29_13_29;35.0;FAR3BONDEN3_SCALE;2023-05-29;13;29
0;ACT779;FAR3BONDEN3_SCALE_2023-05-29_19_41;91.0;FAR3BONDEN3_SCALE;2023-05-29;19;41
0;ADE037;FAR3BONDEN3_SCALE_2023-05-29_7_02;7.0;FAR3BONDEN3_SCALE;2023-05-29;7;2
0;ACT779;FAR3BONDEN3_SCALE_2023-05-29_10_14;19.0;FAR3BONDEN3_SCALE;2023-05-29;10;14
0;ACT779;FAR3BONDEN3_SCALE_2023-05-29_15_30;15.0;FAR3BONDEN3_SCALE;2023-05-29;15;30
0;ACT779;FAR3BONDEN3_SCALE_2023-05-29_12_26;31.0;FAR3BONDEN3_SCALE;2023-05-29;12;26
0;ACT779;FAR3BONDEN3_SCALE_2023-05-29_11_16;4.0;FAR3BONDEN3_SCALE;2023-05-29;11;16
0;ADE037;FAR3BONDEN3_SCALE_2023-05-30_20_05;42.0;FAR3BONDEN3_SCALE;2023-05-30;20;5
0;ACT779;FAR3BONDEN3_SCALE_2023-05-30_6_01;150.0;FAR3BONDEN3_SCALE;2023-05-30;6;1
0;ACT779;FAR3BONDEN3_SCALE_2023-05-30_6_02;94.0;FAR3BONDEN3_SCALE;2023-05-30;6;2
0;ACT779;FAR3BONDEN3_SCALE_2023-05-31_8_36;34.0;FAR3BONDEN3_SCALE;2023-05-31;8;36
0;ACT779;FAR3BONDEN3_SCALE_2023-05-31_12_38;22.0;FAR3BONDEN3_SCALE;2023-05-31;12;38
0;ACT779;FAR3BONDEN3_SCALE_2023-05-31_12_41;79.0;FAR3BONDEN3_SCALE;2023-05-31;12;41
0;ACT779;FAR3BONDEN3_SCALE_2023-05-31_12_40;23.0;FAR3BONDEN3_SCALE;2023-05-31;12;40
0;ACT779;FAR3BONDEN3_SCALE_2023-05-31_17_46;34.0;FAR3BONDEN3_SCALE;2023-05-31;17;46
0;ACT779;FAR3BONDEN3_SCALE_2023-05-31_6_34;87.0;FAR3BONDEN3_SCALE;2023-05-31;6;34
0;ACT779;FAR3BONDEN3_SCALE_2023-05-31_17_44;6.0;FAR3BONDEN3_SCALE;2023-05-31;17;44
0;ACT779;FAR3BONDEN3_SCALE_2023-05-31_3_01;10.0;FAR3BONDEN3_SCALE;2023-05-31;3;1
0;ACT779;FAR3BONDEN3_SCALE_2023-05-31_4_02;7.0;FAR3BONDEN3_SCALE;2023-05-31;4;2
0;ADN792;FAR3BONDEN3_SCALE_2023-06-01_17_20;43.0;FAR3BONDEN3_SCALE;2023-06-01;17;20
0;ACT779;FAR3BONDEN3_SCALE_2023-06-01_16_08;8.0;FAR3BONDEN3_SCALE;2023-06-01;16;8
0;ADG442;FAR3BONDEN3_SCALE_2023-06-01_5_02;11.0;FAR3BONDEN3_SCALE;2023-06-01;5;2
0;ACT779;FAR3BONDEN3_SCALE_2023-06-01_16_07;4.0;FAR3BONDEN3_SCALE;2023-06-01;16;7
0;ACT770;FAR3BONDEN3_SCALE_2023-06-01_16_16;2.0;FAR3BONDEN3_SCALE;2023-06-01;16;16
0;ACT779;FAR3BONDEN3_SCALE_2023-06-01_16_09;9.0;FAR3BONDEN3_SCALE;2023-06-01;16;9
0;ACT770;FAR3BONDEN3_SCALE_2023-06-01_16_15;6.0;FAR3BONDEN3_SCALE;2023-06-01;16;15
0;ACT779;FAR3BONDEN3_SCALE_2023-06-01_16_14;11.0;FAR3BONDEN3_SCALE;2023-06-01;16;14
0;ACT779;FAR3BONDEN3_SCALE_2023-06-01_16_10;9.0;FAR3BONDEN3_SCALE;2023-06-01;16;10
0;ACT779;FAR3BONDEN3_SCALE_2023-06-02_14_06;19.0;FAR3BONDEN3_SCALE;2023-06-02;14;6
0;ADA513;FAR3BONDEN3_SCALE_2023-06-02_16_08;20.0;FAR3BONDEN3_SCALE;2023-06-02;16;8
0;ACT779;FAR3BONDEN3_SCALE_2023-06-02_8_02;58.0;FAR3BONDEN3_SCALE;2023-06-02;8;2
0;ACT779;FAR3BONDEN3_SCALE_2023-06-02_8_01;5.0;FAR3BONDEN3_SCALE;2023-06-02;8;1
0;ACT779;FAR3BONDEN3_SCALE_2023-06-02_19_10;59.0;FAR3BONDEN3_SCALE;2023-06-02;19;10
0;ACT779;FAR3BONDEN3_SCALE_2023-06-02_18_09;133.0;FAR3BONDEN3_SCALE;2023-06-02;18;9
0;ADA513;FAR3BONDEN3_SCALE_2023-06-02_15_07;122.0;FAR3BONDEN3_SCALE;2023-06-02;15;7
0;ACT779;FAR3BONDEN3_SCALE_2023-06-02_14_05;23.0;FAR3BONDEN3_SCALE;2023-06-02;14;5
0;ADE018;FAR3BONDEN3_SCALE_2023-06-02_14_03;65.0;FAR3BONDEN3_SCALE;2023-06-02;14;3
0;ACT779;FAR3BONDEN3_SCALE_2023-06-02_8_00;4.0;FAR3BONDEN3_SCALE;2023-06-02;8;0
0;ADA843;FAR3BONDEN3_SCALE_2023-06-03_14_48;2.0;FAR3BONDEN3_SCALE;2023-06-03;14;48
0;ACT779;FAR3BONDEN3_SCALE_2023-06-03_13_12;49.0;FAR3BONDEN3_SCALE;2023-06-03;13;12
0;ACT779;FAR3BONDEN3_SCALE_2023-06-03_10_08;21.0;FAR3BONDEN3_SCALE;2023-06-03;10;8
0;ACT779;FAR3BONDEN3_SCALE_2023-06-03_9_01;78.0;FAR3BONDEN3_SCALE;2023-06-03;9;1
0;ACT779;FAR3BONDEN3_SCALE_2023-06-03_8_00;30.0;FAR3BONDEN3_SCALE;2023-06-03;8;0
0;ACT779;FAR3BONDEN3_SCALE_2023-06-04_16_07;82.0;FAR3BONDEN3_SCALE;2023-06-04;16;7
0;ACT779;FAR3BONDEN3_SCALE_2023-06-04_21_13;33.0;FAR3BONDEN3_SCALE;2023-06-04;21;13
0;ADA513;FAR3BONDEN3_SCALE_2023-06-04_15_06;13.0;FAR3BONDEN3_SCALE;2023-06-04;15;6
0;ADE005;FAR3BONDEN3_SCALE_2023-06-04_20_08;1.0;FAR3BONDEN3_SCALE;2023-06-04;20;8
0;ACT779;FAR3BONDEN3_SCALE_2023-06-04_20_09;42.0;FAR3BONDEN3_SCALE;2023-06-04;20;9
0;ADE030;FAR3BONDEN3_SCALE_2023-06-06_15_15;33.0;FAR3BONDEN3_SCALE;2023-06-06;15;15
0;ACT779;FAR3BONDEN3_SCALE_2023-06-06_3_01;25.0;FAR3BONDEN3_SCALE;2023-06-06;3;1
0;ADN784;FAR3BONDEN3_SCALE_2023-06-06_22_21;16.0;FAR3BONDEN3_SCALE;2023-06-06;22;21
0;ADE036;FAR3BONDEN3_SCALE_2023-06-06_20_16;11.0;FAR3BONDEN3_SCALE;2023-06-06;20;16
0;ACT770;FAR3BONDEN3_SCALE_2023-06-06_4_02;5.0;FAR3BONDEN3_SCALE;2023-06-06;4;2
0;ACT779;FAR3BONDEN3_SCALE_2023-06-06_6_04;15.0;FAR3BONDEN3_SCALE;2023-06-06;6;4
0;ADA513;FAR3BONDEN3_SCALE_2023-06-06_12_09;21.0;FAR3BONDEN3_SCALE;2023-06-06;12;9
0;ADN668;FAR3BONDEN3_SCALE_2023-06-06_21_19;9.0;FAR3BONDEN3_SCALE;2023-06-06;21;19
0;ADE036;FAR3BONDEN3_SCALE_2023-06-06_21_18;9.0;FAR3BONDEN3_SCALE;2023-06-06;21;18
0;ADA513;FAR3BONDEN3_SCALE_2023-06-06_13_14;33.0;FAR3BONDEN3_SCALE;2023-06-06;13;14
0;ADA513;FAR3BONDEN3_SCALE_2023-06-06_13_13;10.0;FAR3BONDEN3_SCALE;2023-06-06;13;13
0;ADA513;FAR3BONDEN3_SCALE_2023-06-06_8_07;103.0;FAR3BONDEN3_SCALE;2023-06-06;8;7
0;ADE036;FAR3BONDEN3_SCALE_2023-06-06_21_20;6.0;FAR3BONDEN3_SCALE;2023-06-06;21;20
0;ADA513;FAR3BONDEN3_SCALE_2023-06-06_12_10;1.0;FAR3BONDEN3_SCALE;2023-06-06;12;10
0;ADN899;FAR3BONDEN3_SCALE_2023-06-07_16_36;6.0;FAR3BONDEN3_SCALE;2023-06-07;16;36
0;ADN899;FAR3BONDEN3_SCALE_2023-06-07_20_43;26.0;FAR3BONDEN3_SCALE;2023-06-07;20;43
0;ADA513;FAR3BONDEN3_SCALE_2023-06-07_5_04;15.0;FAR3BONDEN3_SCALE;2023-06-07;5;4
0;ADA513;FAR3BONDEN3_SCALE_2023-06-07_19_41;9.0;FAR3BONDEN3_SCALE;2023-06-07;19;41
0;ADA513;FAR3BONDEN3_SCALE_2023-06-07_2_01;1.0;FAR3BONDEN3_SCALE;2023-06-07;2;1
0;ADA513;FAR3BONDEN3_SCALE_2023-06-07_18_38;7.0;FAR3BONDEN3_SCALE;2023-06-07;18;38
0;ACT779;FAR3BONDEN3_SCALE_2023-06-07_8_13;204.0;FAR3BONDEN3_SCALE;2023-06-07;8;13
0;ACT779;FAR3BONDEN3_SCALE_2023-06-07_14_18;67.0;FAR3BONDEN3_SCALE;2023-06-07;14;18
0;ACT779;FAR3BONDEN3_SCALE_2023-06-07_11_14;114.0;FAR3BONDEN3_SCALE;2023-06-07;11;14
0;ADA513;FAR3BONDEN3_SCALE_2023-06-07_18_40;4.0;FAR3BONDEN3_SCALE;2023-06-07;18;40
0;ADA513;FAR3BONDEN3_SCALE_2023-06-07_18_39;1.0;FAR3BONDEN3_SCALE;2023-06-07;18;39
0;ACT779;FAR3BONDEN3_SCALE_2023-06-07_13_15;67.0;FAR3BONDEN3_SCALE;2023-06-07;13;15
0;ADA513;FAR3BONDEN3_SCALE_2023-06-07_17_37;31.0;FAR3BONDEN3_SCALE;2023-06-07;17;37
0;ADN899;FAR3BONDEN3_SCALE_2023-06-07_20_42;27.0;FAR3BONDEN3_SCALE;2023-06-07;20;42
0;ACT779;FAR3BONDEN3_SCALE_2023-06-08_8_07;59.0;FAR3BONDEN3_SCALE;2023-06-08;8;7
0;ACT779;FAR3BONDEN3_SCALE_2023-06-08_8_04;20.0;FAR3BONDEN3_SCALE;2023-06-08;8;4
0;ADE005;FAR3BONDEN3_SCALE_2023-06-08_17_16;5.0;FAR3BONDEN3_SCALE;2023-06-08;17;16
0;ACT779;FAR3BONDEN3_SCALE_2023-06-08_8_06;4.0;FAR3BONDEN3_SCALE;2023-06-08;8;6
0;ACT779;FAR3BONDEN3_SCALE_2023-06-08_6_00;18.0;FAR3BONDEN3_SCALE;2023-06-08;6;0
0;ACT779;FAR3BONDEN3_SCALE_2023-06-08_10_13;124.0;FAR3BONDEN3_SCALE;2023-06-08;10;13
0;ACT779;FAR3BONDEN3_SCALE_2023-06-08_7_01;42.0;FAR3BONDEN3_SCALE;2023-06-08;7;1
0;ADN899;FAR3BONDEN3_SCALE_2023-06-08_15_15;29.0;FAR3BONDEN3_SCALE;2023-06-08;15;15
0;ADN899;FAR3BONDEN3_SCALE_2023-06-09_20_32;1.0;FAR3BONDEN3_SCALE;2023-06-09;20;32
0;ACT779;FAR3BONDEN3_SCALE_2023-06-09_15_20;7.0;FAR3BONDEN3_SCALE;2023-06-09;15;20
0;ADE000;FAR3BONDEN3_SCALE_2023-06-09_21_33;4.0;FAR3BONDEN3_SCALE;2023-06-09;21;33
0;ACT779;FAR3BONDEN3_SCALE_2023-06-09_18_21;68.0;FAR3BONDEN3_SCALE;2023-06-09;18;21
0;ACT779;FAR3BONDEN3_SCALE_2023-06-09_18_22;65.0;FAR3BONDEN3_SCALE;2023-06-09;18;22
0;ACT779;FAR3BONDEN3_SCALE_2023-06-09_20_31;28.0;FAR3BONDEN3_SCALE;2023-06-09;20;31
0;ACT779;FAR3BONDEN3_SCALE_2023-06-09_7_02;6.0;FAR3BONDEN3_SCALE;2023-06-09;7;2
0;ACT779;FAR3BONDEN3_SCALE_2023-06-09_7_03;14.0;FAR3BONDEN3_SCALE;2023-06-09;7;3
0;ACT779;FAR3BONDEN3_SCALE_2023-06-09_15_18;3.0;FAR3BONDEN3_SCALE;2023-06-09;15;18
0;ACT779;FAR3BONDEN3_SCALE_2023-06-09_15_17;3.0;FAR3BONDEN3_SCALE;2023-06-09;15;17
0;ACT779;FAR3BONDEN3_SCALE_2023-06-09_21_34;52.0;FAR3BONDEN3_SCALE;2023-06-09;21;34
0;ADN899;FAR3BONDEN3_SCALE_2023-06-09_6_00;50.0;FAR3BONDEN3_SCALE;2023-06-09;6;0
0;ACT779;FAR3BONDEN3_SCALE_2023-06-09_22_35;14.0;FAR3BONDEN3_SCALE;2023-06-09;22;35
0;ACT770;FAR3BONDEN3_SCALE_2023-06-10_11_03;8.0;FAR3BONDEN3_SCALE;2023-06-10;11;3
0;ACT779;FAR3BONDEN3_SCALE_2023-06-10_11_07;48.0;FAR3BONDEN3_SCALE;2023-06-10;11;7
0;ACT779;FAR3BONDEN3_SCALE_2023-06-10_11_05;5.0;FAR3BONDEN3_SCALE;2023-06-10;11;5
0;ACT779;FAR3BONDEN3_SCALE_2023-06-10_7_02;40.0;FAR3BONDEN3_SCALE;2023-06-10;7;2
0;ACT779;FAR3BONDEN3_SCALE_2023-06-10_11_04;5.0;FAR3BONDEN3_SCALE;2023-06-10;11;4
0;ACT779;FAR3BONDEN3_SCALE_2023-06-10_5_00;175.0;FAR3BONDEN3_SCALE;2023-06-10;5;0
0;ADN899;FAR3BONDEN3_SCALE_2023-06-10_20_08;124.0;FAR3BONDEN3_SCALE;2023-06-10;20;8
0;ACT779;FAR3BONDEN3_SCALE_2023-06-11_21_13;45.0;FAR3BONDEN3_SCALE;2023-06-11;21;13
0;ACT779;FAR3BONDEN3_SCALE_2023-06-11_15_05;80.0;FAR3BONDEN3_SCALE;2023-06-11;15;5
0;ADA843;FAR3BONDEN3_SCALE_2023-06-11_14_03;4.0;FAR3BONDEN3_SCALE;2023-06-11;14;3
0;ACT779;FAR3BONDEN3_SCALE_2023-06-11_18_10;41.0;FAR3BONDEN3_SCALE;2023-06-11;18;10
0;ADN765;FAR3BONDEN3_SCALE_2023-06-11_9_01;10.0;FAR3BONDEN3_SCALE;2023-06-11;9;1
0;ACT779;FAR3BONDEN3_SCALE_2023-06-11_21_14;76.0;FAR3BONDEN3_SCALE;2023-06-11;21;14
0;ADN765;FAR3BONDEN3_SCALE_2023-06-11_9_00;22.0;FAR3BONDEN3_SCALE;2023-06-11;9;0
0;ACT779;FAR3BONDEN3_SCALE_2023-06-12_13_24;13.0;FAR3BONDEN3_SCALE;2023-06-12;13;24
0;ACT779;FAR3BONDEN3_SCALE_2023-06-12_12_23;180.0;FAR3BONDEN3_SCALE;2023-06-12;12;23
0;ACT779;FAR3BONDEN3_SCALE_2023-06-12_3_00;125.0;FAR3BONDEN3_SCALE;2023-06-12;3;0
0;ACT779;FAR3BONDEN3_SCALE_2023-06-12_16_30;13.0;FAR3BONDEN3_SCALE;2023-06-12;16;30
0;ACT770;FAR3BONDEN3_SCALE_2023-06-12_12_21;5.0;FAR3BONDEN3_SCALE;2023-06-12;12;21
0;ACT779;FAR3BONDEN3_SCALE_2023-06-12_5_02;53.0;FAR3BONDEN3_SCALE;2023-06-12;5;2
0;ADN899;FAR3BONDEN3_SCALE_2023-06-12_14_26;67.0;FAR3BONDEN3_SCALE;2023-06-12;14;26
0;ACT770;FAR3BONDEN3_SCALE_2023-06-12_7_15;7.0;FAR3BONDEN3_SCALE;2023-06-12;7;15
0;ACT779;FAR3BONDEN3_SCALE_2023-06-12_8_18;18.0;FAR3BONDEN3_SCALE;2023-06-12;8;18
0;ACT770;FAR3BONDEN3_SCALE_2023-06-12_19_34;1.0;FAR3BONDEN3_SCALE;2023-06-12;19;34
0;ADE018;FAR3BONDEN3_SCALE_2023-06-12_14_25;7.0;FAR3BONDEN3_SCALE;2023-06-12;14;25
0;ACT720;FAR3BONDEN3_SCALE_2023-06-12_6_05;2.0;FAR3BONDEN3_SCALE;2023-06-12;6;5
0;ACT779;FAR3BONDEN3_SCALE_2023-06-12_19_32;13.0;FAR3BONDEN3_SCALE;2023-06-12;19;32
0;ACT779;FAR3BONDEN3_SCALE_2023-06-12_8_16;6.0;FAR3BONDEN3_SCALE;2023-06-12;8;16
0;ACT779;FAR3BONDEN3_SCALE_2023-06-12_15_29;2.0;FAR3BONDEN3_SCALE;2023-06-12;15;29
0;ACT779;FAR3BONDEN3_SCALE_2023-06-12_6_03;7.0;FAR3BONDEN3_SCALE;2023-06-12;6;3
0;ACT779;FAR3BONDEN3_SCALE_2023-06-12_4_01;43.0;FAR3BONDEN3_SCALE;2023-06-12;4;1
0;ACT779;FAR3BONDEN3_SCALE_2023-06-12_19_31;8.0;FAR3BONDEN3_SCALE;2023-06-12;19;31
0;ACT770;FAR3BONDEN3_SCALE_2023-06-12_12_22;6.0;FAR3BONDEN3_SCALE;2023-06-12;12;22
0;ACT779;FAR3BONDEN3_SCALE_2023-06-12_15_27;11.0;FAR3BONDEN3_SCALE;2023-06-12;15;27
0;ACT779;FAR3BONDEN3_SCALE_2023-06-13_3_01;34.0;FAR3BONDEN3_SCALE;2023-06-13;3;1
0;ADN765;FAR3BONDEN3_SCALE_2023-06-13_18_21;28.0;FAR3BONDEN3_SCALE;2023-06-13;18;21
0;ADE000;FAR3BONDEN3_SCALE_2023-06-13_19_23;2.0;FAR3BONDEN3_SCALE;2023-06-13;19;23
0;ACT779;FAR3BONDEN3_SCALE_2023-06-13_4_05;41.0;FAR3BONDEN3_SCALE;2023-06-13;4;5
0;ACT779;FAR3BONDEN3_SCALE_2023-06-13_4_04;54.0;FAR3BONDEN3_SCALE;2023-06-13;4;4
0;ADN763;FAR3BONDEN3_SCALE_2023-06-13_18_20;322.0;FAR3BONDEN3_SCALE;2023-06-13;18;20
0;ACT779;FAR3BONDEN3_SCALE_2023-06-13_3_03;70.0;FAR3BONDEN3_SCALE;2023-06-13;3;3
0;ADA513;FAR3BONDEN3_SCALE_2023-06-13_5_06;4.0;FAR3BONDEN3_SCALE;2023-06-13;5;6
0;ACT779;FAR3BONDEN3_SCALE_2023-06-13_9_15;2.0;FAR3BONDEN3_SCALE;2023-06-13;9;15
0;ACT779;FAR3BONDEN3_SCALE_2023-06-13_9_14;18.0;FAR3BONDEN3_SCALE;2023-06-13;9;14
0;ACT779;FAR3BONDEN3_SCALE_2023-06-13_9_12;6.0;FAR3BONDEN3_SCALE;2023-06-13;9;12
0;ACT779;FAR3BONDEN3_SCALE_2023-06-14_15_07;10.0;FAR3BONDEN3_SCALE;2023-06-14;15;7
0;ACT779;FAR3BONDEN3_SCALE_2023-06-14_17_09;6.0;FAR3BONDEN3_SCALE;2023-06-14;17;9
0;ADN792;FAR3BONDEN3_SCALE_2023-06-14_21_14;4.0;FAR3BONDEN3_SCALE;2023-06-14;21;14
0;ADN784;FAR3BONDEN3_SCALE_2023-06-14_16_08;45.0;FAR3BONDEN3_SCALE;2023-06-14;16;8
0;ACT779;FAR3BONDEN3_SCALE_2023-06-14_9_02;115.0;FAR3BONDEN3_SCALE;2023-06-14;9;2
0;ADN784;FAR3BONDEN3_SCALE_2023-06-14_17_10;29.0;FAR3BONDEN3_SCALE;2023-06-14;17;10
0;ADE005;FAR3BONDEN3_SCALE_2023-06-14_19_11;2.0;FAR3BONDEN3_SCALE;2023-06-14;19;11
0;ADN763;FAR3BONDEN3_SCALE_2023-06-14_4_00;16.0;FAR3BONDEN3_SCALE;2023-06-14;4;0
0;ACT772;FAR3BONDEN3_SCALE_2023-06-14_13_04;8.0;FAR3BONDEN3_SCALE;2023-06-14;13;4
0;ACT779;FAR3BONDEN3_SCALE_2023-06-15_8_14;83.0;FAR3BONDEN3_SCALE;2023-06-15;8;14
0;ACT779;FAR3BONDEN3_SCALE_2023-06-15_15_30;22.0;FAR3BONDEN3_SCALE;2023-06-15;15;30
0;ACT779;FAR3BONDEN3_SCALE_2023-06-15_14_26;109.0;FAR3BONDEN3_SCALE;2023-06-15;14;26
0;ACT779;FAR3BONDEN3_SCALE_2023-06-15_13_20;5.0;FAR3BONDEN3_SCALE;2023-06-15;13;20
0;ACT779;FAR3BONDEN3_SCALE_2023-06-15_8_12;4.0;FAR3BONDEN3_SCALE;2023-06-15;8;12
0;ACT779;FAR3BONDEN3_SCALE_2023-06-15_3_03;17.0;FAR3BONDEN3_SCALE;2023-06-15;3;3
0;ACT779;FAR3BONDEN3_SCALE_2023-06-15_13_22;4.0;FAR3BONDEN3_SCALE;2023-06-15;13;22
0;ACT779;FAR3BONDEN3_SCALE_2023-06-15_11_16;7.0;FAR3BONDEN3_SCALE;2023-06-15;11;16
0;ACT779;FAR3BONDEN3_SCALE_2023-06-15_8_11;5.0;FAR3BONDEN3_SCALE;2023-06-15;8;11
0;ACT779;FAR3BONDEN3_SCALE_2023-06-15_13_25;10.0;FAR3BONDEN3_SCALE;2023-06-15;13;25
0;ACT779;FAR3BONDEN3_SCALE_2023-06-15_15_28;8.0;FAR3BONDEN3_SCALE;2023-06-15;15;28
0;ACT779;FAR3BONDEN3_SCALE_2023-06-15_13_18;30.0;FAR3BONDEN3_SCALE;2023-06-15;13;18
0;ACT779;FAR3BONDEN3_SCALE_2023-06-15_7_09;56.0;FAR3BONDEN3_SCALE;2023-06-15;7;9
0;ADN776;FAR3BONDEN3_SCALE_2023-06-16_9_21;7.0;FAR3BONDEN3_SCALE;2023-06-16;9;21
0;ACT779;FAR3BONDEN3_SCALE_2023-06-16_6_14;12.0;FAR3BONDEN3_SCALE;2023-06-16;6;14
0;ADE000;FAR3BONDEN3_SCALE_2023-06-16_16_25;27.0;FAR3BONDEN3_SCALE;2023-06-16;16;25
0;ACT779;FAR3BONDEN3_SCALE_2023-06-16_8_20;3.0;FAR3BONDEN3_SCALE;2023-06-16;8;20
0;ADE018;FAR3BONDEN3_SCALE_2023-06-17_19_13;5.0;FAR3BONDEN3_SCALE;2023-06-17;19;13
0;ACT779;FAR3BONDEN3_SCALE_2023-06-17_7_06;3.0;FAR3BONDEN3_SCALE;2023-06-17;7;6
0;ADN776;FAR3BONDEN3_SCALE_2023-06-17_5_05;13.0;FAR3BONDEN3_SCALE;2023-06-17;5;5
0;ACT779;FAR3BONDEN3_SCALE_2023-06-17_3_02;8.0;FAR3BONDEN3_SCALE;2023-06-17;3;2
0;ADE018;FAR3BONDEN3_SCALE_2023-06-17_16_12;38.0;FAR3BONDEN3_SCALE;2023-06-17;16;12
0;ACT779;FAR3BONDEN3_SCALE_2023-06-17_4_03;17.0;FAR3BONDEN3_SCALE;2023-06-17;4;3
0;ADN776;FAR3BONDEN3_SCALE_2023-06-17_7_07;23.0;FAR3BONDEN3_SCALE;2023-06-17;7;7
0;ACT770;FAR3BONDEN3_SCALE_2023-06-17_3_00;3.0;FAR3BONDEN3_SCALE;2023-06-17;3;0
0;ADN668;FAR3BONDEN3_SCALE_2023-06-18_10_34;11.0;FAR3BONDEN3_SCALE;2023-06-18;10;34
0;ACT779;FAR3BONDEN3_SCALE_2023-06-18_9_33;17.0;FAR3BONDEN3_SCALE;2023-06-18;9;33
0;ACT779;FAR3BONDEN3_SCALE_2023-06-18_6_13;28.0;FAR3BONDEN3_SCALE;2023-06-18;6;13
0;ACT779;FAR3BONDEN3_SCALE_2023-06-18_6_11;14.0;FAR3BONDEN3_SCALE;2023-06-18;6;11
0;ACT779;FAR3BONDEN3_SCALE_2023-06-18_6_19;5.0;FAR3BONDEN3_SCALE;2023-06-18;6;19
0;ACT779;FAR3BONDEN3_SCALE_2023-06-18_6_10;12.0;FAR3BONDEN3_SCALE;2023-06-18;6;10
0;ACT779;FAR3BONDEN3_SCALE_2023-06-18_6_05;4.0;FAR3BONDEN3_SCALE;2023-06-18;6;5
0;ACT779;FAR3BONDEN3_SCALE_2023-06-18_6_28;5.0;FAR3BONDEN3_SCALE;2023-06-18;6;28
0;ACT779;FAR3BONDEN3_SCALE_2023-06-18_6_27;3.0;FAR3BONDEN3_SCALE;2023-06-18;6;27
0;ACT779;FAR3BONDEN3_SCALE_2023-06-18_6_01;2.0;FAR3BONDEN3_SCALE;2023-06-18;6;1
0;ACT779;FAR3BONDEN3_SCALE_2023-06-18_6_12;8.0;FAR3BONDEN3_SCALE;2023-06-18;6;12
0;ACT779;FAR3BONDEN3_SCALE_2023-06-18_6_23;5.0;FAR3BONDEN3_SCALE;2023-06-18;6;23
0;ACT779;FAR3BONDEN3_SCALE_2023-06-18_7_32;7.0;FAR3BONDEN3_SCALE;2023-06-18;7;32
0;ACT779;FAR3BONDEN3_SCALE_2023-06-18_6_26;3.0;FAR3BONDEN3_SCALE;2023-06-18;6;26
0;ACT779;FAR3BONDEN3_SCALE_2023-06-18_6_25;4.0;FAR3BONDEN3_SCALE;2023-06-18;6;25
0;ACT779;FAR3BONDEN3_SCALE_2023-06-18_6_29;2.0;FAR3BONDEN3_SCALE;2023-06-18;6;29
0;ACT779;FAR3BONDEN3_SCALE_2023-06-18_6_30;52.0;FAR3BONDEN3_SCALE;2023-06-18;6;30
0;ACT779;FAR3BONDEN3_SCALE_2023-06-18_7_31;18.0;FAR3BONDEN3_SCALE;2023-06-18;7;31
0;ACT779;FAR3BONDEN3_SCALE_2023-06-19_9_03;76.0;FAR3BONDEN3_SCALE;2023-06-19;9;3
0;ACT779;FAR3BONDEN3_SCALE_2023-06-19_10_04;31.0;FAR3BONDEN3_SCALE;2023-06-19;10;4
0;ACT779;FAR3BONDEN3_SCALE_2023-06-19_12_05;8.0;FAR3BONDEN3_SCALE;2023-06-19;12;5
0;ACT779;FAR3BONDEN3_SCALE_2023-06-19_9_02;7.0;FAR3BONDEN3_SCALE;2023-06-19;9;2
0;ABH792;FAR3BONDEN3_SCALE_2023-06-19_8_01;30.0;FAR3BONDEN3_SCALE;2023-06-19;8;1
0;ACT779;FAR3BONDEN3_SCALE_2023-06-19_6_00;16.0;FAR3BONDEN3_SCALE;2023-06-19;6;0
0;ADE018;FAR3BONDEN3_SCALE_2023-06-20_7_00;5.0;FAR3BONDEN3_SCALE;2023-06-20;7;0
0;ADE012;FAR3BONDEN3_SCALE_2023-06-20_7_02;1.0;FAR3BONDEN3_SCALE;2023-06-20;7;2
0;ADE018;FAR3BONDEN3_SCALE_2023-06-20_7_01;9.0;FAR3BONDEN3_SCALE;2023-06-20;7;1
0;ADE036;FAR3BONDEN3_SCALE_2023-06-21_20_12;25.0;FAR3BONDEN3_SCALE;2023-06-21;20;12
0;ACT779;FAR3BONDEN3_SCALE_2023-06-21_20_08;18.0;FAR3BONDEN3_SCALE;2023-06-21;20;8
0;ACT779;FAR3BONDEN3_SCALE_2023-06-21_20_07;2.0;FAR3BONDEN3_SCALE;2023-06-21;20;7
0;ACT779;FAR3BONDEN3_SCALE_2023-06-22_9_18;3.0;FAR3BONDEN3_SCALE;2023-06-22;9;18
0;ABH792;FAR3BONDEN3_SCALE_2023-06-22_6_06;11.0;FAR3BONDEN3_SCALE;2023-06-22;6;6
0;ACT779;FAR3BONDEN3_SCALE_2023-06-22_9_17;2.0;FAR3BONDEN3_SCALE;2023-06-22;9;17
0;ACT779;FAR3BONDEN3_SCALE_2023-06-22_8_10;15.0;FAR3BONDEN3_SCALE;2023-06-22;8;10
0;ACT779;FAR3BONDEN3_SCALE_2023-06-22_8_14;7.0;FAR3BONDEN3_SCALE;2023-06-22;8;14
0;ADN776;FAR3BONDEN3_SCALE_2023-06-22_3_03;3.0;FAR3BONDEN3_SCALE;2023-06-22;3;3
0;ADP276;FAR3BONDEN3_SCALE_2023-06-22_12_23;1.0;FAR3BONDEN3_SCALE;2023-06-22;12;23
0;ACT779;FAR3BONDEN3_SCALE_2023-06-22_8_12;5.0;FAR3BONDEN3_SCALE;2023-06-22;8;12
0;ACT775;FAR3BONDEN3_SCALE_2023-06-22_9_20;2.0;FAR3BONDEN3_SCALE;2023-06-22;9;20
0;ADE005;FAR3BONDEN3_SCALE_2023-06-22_4_05;26.0;FAR3BONDEN3_SCALE;2023-06-22;4;5
0;ACT779;FAR3BONDEN3_SCALE_2023-06-22_8_16;4.0;FAR3BONDEN3_SCALE;2023-06-22;8;16
0;ADE036;FAR3BONDEN3_SCALE_2023-06-23_4_04;15.0;FAR3BONDEN3_SCALE;2023-06-23;4;4
0;ADE000;FAR3BONDEN3_SCALE_2023-06-23_3_03;24.0;FAR3BONDEN3_SCALE;2023-06-23;3;3
0;ADE005;FAR3BONDEN3_SCALE_2023-06-24_8_12;2.0;FAR3BONDEN3_SCALE;2023-06-24;8;12
0;ACT779;FAR3BONDEN3_SCALE_2023-06-24_6_06;27.0;FAR3BONDEN3_SCALE;2023-06-24;6;6
0;ADE018;FAR3BONDEN3_SCALE_2023-06-24_6_10;9.0;FAR3BONDEN3_SCALE;2023-06-24;6;10
0;ACT779;FAR3BONDEN3_SCALE_2023-06-24_6_05;3.0;FAR3BONDEN3_SCALE;2023-06-24;6;5
0;ACT779;FAR3BONDEN3_SCALE_2023-06-24_5_04;20.0;FAR3BONDEN3_SCALE;2023-06-24;5;4
0;ADE005;FAR3BONDEN3_SCALE_2023-06-24_6_08;24.0;FAR3BONDEN3_SCALE;2023-06-24;6;8
0;ADE005;FAR3BONDEN3_SCALE_2023-06-24_6_09;30.0;FAR3BONDEN3_SCALE;2023-06-24;6;9
0;ADP276;FAR3BONDEN3_SCALE_2023-06-25_19_13;11.0;FAR3BONDEN3_SCALE;2023-06-25;19;13
0;ACT522;FAR3BONDEN3_SCALE_2023-06-25_7_06;2.0;FAR3BONDEN3_SCALE;2023-06-25;7;6
0;ADN899;FAR3BONDEN3_SCALE_2023-06-25_14_12;17.0;FAR3BONDEN3_SCALE;2023-06-25;14;12
0;ACT779;FAR3BONDEN3_SCALE_2023-06-25_7_05;9.0;FAR3BONDEN3_SCALE;2023-06-25;7;5
0;ACT779;FAR3BONDEN3_SCALE_2023-06-25_6_02;10.0;FAR3BONDEN3_SCALE;2023-06-25;6;2
0;ADE005;FAR3BONDEN3_SCALE_2023-06-26_5_02;4.0;FAR3BONDEN3_SCALE;2023-06-26;5;2
0;ADN784;FAR3BONDEN3_SCALE_2023-06-26_3_00;49.0;FAR3BONDEN3_SCALE;2023-06-26;3;0
0;ADE005;FAR3BONDEN3_SCALE_2023-06-26_3_01;17.0;FAR3BONDEN3_SCALE;2023-06-26;3;1
0;ADN765;FAR3BONDEN3_SCALE_2023-06-27_21_23;8.0;FAR3BONDEN3_SCALE;2023-06-27;21;23
0;ADN899;FAR3BONDEN3_SCALE_2023-06-27_22_26;6.0;FAR3BONDEN3_SCALE;2023-06-27;22;26
0;ADN765;FAR3BONDEN3_SCALE_2023-06-27_8_12;30.0;FAR3BONDEN3_SCALE;2023-06-27;8;12
0;ADN899;FAR3BONDEN3_SCALE_2023-06-27_22_25;5.0;FAR3BONDEN3_SCALE;2023-06-27;22;25
0;ADN765;FAR3BONDEN3_SCALE_2023-06-27_11_14;108.0;FAR3BONDEN3_SCALE;2023-06-27;11;14
0;ADN899;FAR3BONDEN3_SCALE_2023-06-27_21_24;18.0;FAR3BONDEN3_SCALE;2023-06-27;21;24
0;ADE036;FAR3BONDEN3_SCALE_2023-06-27_5_02;5.0;FAR3BONDEN3_SCALE;2023-06-27;5;2
0;ACT779;FAR3BONDEN3_SCALE_2023-06-28_12_30;6.0;FAR3BONDEN3_SCALE;2023-06-28;12;30
0;ADE039;FAR3BONDEN3_SCALE_2023-06-28_6_06;4.0;FAR3BONDEN3_SCALE;2023-06-28;6;6
0;ACT770;FAR3BONDEN3_SCALE_2023-06-28_12_18;3.0;FAR3BONDEN3_SCALE;2023-06-28;12;18
0;ADE018;FAR3BONDEN3_SCALE_2023-06-28_9_13;41.0;FAR3BONDEN3_SCALE;2023-06-28;9;13
0;ADE036;FAR3BONDEN3_SCALE_2023-06-28_21_38;9.0;FAR3BONDEN3_SCALE;2023-06-28;21;38
0;ADE000;FAR3BONDEN3_SCALE_2023-06-28_12_16;11.0;FAR3BONDEN3_SCALE;2023-06-28;12;16
0;ADN899;FAR3BONDEN3_SCALE_2023-06-28_9_12;2.0;FAR3BONDEN3_SCALE;2023-06-28;9;12
0;ACT770;FAR3BONDEN3_SCALE_2023-06-28_12_19;9.0;FAR3BONDEN3_SCALE;2023-06-28;12;19
0;ADE005;FAR3BONDEN3_SCALE_2023-06-29_21_16;7.0;FAR3BONDEN3_SCALE;2023-06-29;21;16
0;ADE018;FAR3BONDEN3_SCALE_2023-06-30_5_02;3.0;FAR3BONDEN3_SCALE;2023-06-30;5;2
0;ADP784;FAR3BONDEN3_SCALE_2023-06-30_21_28;18.0;FAR3BONDEN3_SCALE;2023-06-30;21;28
0;ADP784;FAR3BONDEN3_SCALE_2023-06-30_21_27;14.0;FAR3BONDEN3_SCALE;2023-06-30;21;27
0;ADE500;FAR3BONDEN3_SCALE_2023-06-30_21_26;13.0;FAR3BONDEN3_SCALE;2023-06-30;21;26
0;ADE018;FAR3BONDEN3_SCALE_2023-06-30_5_01;3.0;FAR3BONDEN3_SCALE;2023-06-30;5;1
0;ADN784;FAR3BONDEN3_SCALE_2023-06-30_5_05;59.0;FAR3BONDEN3_SCALE;2023-06-30;5;5
0;ADP487;FAR3BONDEN3_SCALE_2023-07-02_22_09;4.0;FAR3BONDEN3_SCALE;2023-07-02;22;9
0;ADN765;FAR3BONDEN3_SCALE_2023-07-02_18_06;8.0;FAR3BONDEN3_SCALE;2023-07-02;18;6
0;ADE018;FAR3BONDEN3_SCALE_2023-07-03_19_03;3.0;FAR3BONDEN3_SCALE;2023-07-03;19;3
0;ADN908;FAR3BONDEN3_SCALE_2023-07-03_21_05;97.0;FAR3BONDEN3_SCALE;2023-07-03;21;5
0;ADN908;FAR3BONDEN3_SCALE_2023-07-04_3_01;17.0;FAR3BONDEN3_SCALE;2023-07-04;3;1
0;ADE018;FAR3BONDEN3_SCALE_2023-07-04_6_04;11.0;FAR3BONDEN3_SCALE;2023-07-04;6;4
0;ADE018;FAR3BONDEN3_SCALE_2023-07-04_5_03;2.0;FAR3BONDEN3_SCALE;2023-07-04;5;3
0;ADG500;FAR3BONDEN3_SCALE_2023-07-05_22_19;2.0;FAR3BONDEN3_SCALE;2023-07-05;22;19
0;ADN823;FAR3BONDEN3_SCALE_2023-07-06_12_11;26.0;FAR3BONDEN3_SCALE;2023-07-06;12;11
0;ADE018;FAR3BONDEN3_SCALE_2023-07-06_15_14;64.0;FAR3BONDEN3_SCALE;2023-07-06;15;14
0;ACT779;FAR3BONDEN3_SCALE_2023-07-06_3_00;1.0;FAR3BONDEN3_SCALE;2023-07-06;3;0
0;ADE600;FAR3BONDEN3_SCALE_2023-07-06_11_09;56.0;FAR3BONDEN3_SCALE;2023-07-06;11;9
0;ADP724;FAR3BONDEN3_SCALE_2023-07-07_18_16;12.0;FAR3BONDEN3_SCALE;2023-07-07;18;16
0;AAB288;FAR3BONDEN3_SCALE_2023-07-07_18_09;14.0;FAR3BONDEN3_SCALE;2023-07-07;18;9
0;AAB288;FAR3BONDEN3_SCALE_2023-07-07_18_08;10.0;FAR3BONDEN3_SCALE;2023-07-07;18;8
0;AAB288;FAR3BONDEN3_SCALE_2023-07-07_18_10;14.0;FAR3BONDEN3_SCALE;2023-07-07;18;10
0;AAB288;FAR3BONDEN3_SCALE_2023-07-08_13_05;9.0;FAR3BONDEN3_SCALE;2023-07-08;13;5
0;ADE920;FAR3BONDEN3_SCALE_2023-07-08_18_11;4.0;FAR3BONDEN3_SCALE;2023-07-08;18;11
0;ADE036;FAR3BONDEN3_SCALE_2023-07-08_17_09;22.0;FAR3BONDEN3_SCALE;2023-07-08;17;9
0;AAB288;FAR3BONDEN3_SCALE_2023-07-08_13_04;6.0;FAR3BONDEN3_SCALE;2023-07-08;13;4
0;ADN899;FAR3BONDEN3_SCALE_2023-07-09_18_15;5.0;FAR3BONDEN3_SCALE;2023-07-09;18;15
0;ADN899;FAR3BONDEN3_SCALE_2023-07-09_9_03;11.0;FAR3BONDEN3_SCALE;2023-07-09;9;3
0;ADN668;FAR3BONDEN3_SCALE_2023-07-09_11_06;3.0;FAR3BONDEN3_SCALE;2023-07-09;11;6
0;ADN668;FAR3BONDEN3_SCALE_2023-07-09_18_14;9.0;FAR3BONDEN3_SCALE;2023-07-09;18;14
0;ADN899;FAR3BONDEN3_SCALE_2023-07-09_19_16;39.0;FAR3BONDEN3_SCALE;2023-07-09;19;16
0;AAB288;FAR3BONDEN3_SCALE_2023-07-10_21_06;34.0;FAR3BONDEN3_SCALE;2023-07-10;21;6
0;ADK555;FAR3BONDEN3_SCALE_2023-07-10_15_01;11.0;FAR3BONDEN3_SCALE;2023-07-10;15;1
0;ADE018;FAR3BONDEN3_SCALE_2023-07-10_20_05;28.0;FAR3BONDEN3_SCALE;2023-07-10;20;5
0;ACX881;FAR3BONDEN3_SCALE_2023-07-10_15_02;24.0;FAR3BONDEN3_SCALE;2023-07-10;15;2
0;ADN899;FAR3BONDEN3_SCALE_2023-07-11_21_08;91.0;FAR3BONDEN3_SCALE;2023-07-11;21;8
0;ADN784;FAR3BONDEN3_SCALE_2023-07-11_10_01;34.0;FAR3BONDEN3_SCALE;2023-07-11;10;1
0;ACE018;FAR3BONDEN3_SCALE_2023-07-11_6_00;1.0;FAR3BONDEN3_SCALE;2023-07-11;6;0
0;ADN899;FAR3BONDEN3_SCALE_2023-07-11_17_04;32.0;FAR3BONDEN3_SCALE;2023-07-11;17;4
0;ADN668;FAR3BONDEN3_SCALE_2023-07-11_16_02;13.0;FAR3BONDEN3_SCALE;2023-07-11;16;2
0;ADG442;FAR3BONDEN3_SCALE_2023-07-12_21_06;11.0;FAR3BONDEN3_SCALE;2023-07-12;21;6
0;ADG442;FAR3BONDEN3_SCALE_2023-07-12_15_01;22.0;FAR3BONDEN3_SCALE;2023-07-12;15;1
0;AAT181;FAR3BONDEN3_SCALE_2023-07-12_19_04;8.0;FAR3BONDEN3_SCALE;2023-07-12;19;4
0;ADE000;FAR3BONDEN3_SCALE_2023-07-13_21_08;2.0;FAR3BONDEN3_SCALE;2023-07-13;21;8
0;ADE005;FAR3BONDEN3_SCALE_2023-07-13_21_07;45.0;FAR3BONDEN3_SCALE;2023-07-13;21;7
0;ADE018;FAR3BONDEN3_SCALE_2023-07-13_14_03;48.0;FAR3BONDEN3_SCALE;2023-07-13;14;3
0;ADE500;FAR3BONDEN3_SCALE_2023-07-13_21_06;15.0;FAR3BONDEN3_SCALE;2023-07-13;21;6
0;ADG442;FAR3BONDEN3_SCALE_2023-07-13_13_02;9.0;FAR3BONDEN3_SCALE;2023-07-13;13;2
0;ADP022;FAR3BONDEN3_SCALE_2023-07-13_22_09;8.0;FAR3BONDEN3_SCALE;2023-07-13;22;9
0;AAR472;FAR3BONDEN3_SCALE_2023-07-13_12_01;1.0;FAR3BONDEN3_SCALE;2023-07-13;12;1
0;ACT779;FAR3BONDEN3_SCALE_2023-07-14_16_10;4.0;FAR3BONDEN3_SCALE;2023-07-14;16;10
0;ADN789;FAR3BONDEN3_SCALE_2023-07-14_14_07;13.0;FAR3BONDEN3_SCALE;2023-07-14;14;7
0;ADP724;FAR3BONDEN3_SCALE_2023-07-14_22_18;4.0;FAR3BONDEN3_SCALE;2023-07-14;22;18
0;ACX881;FAR3BONDEN3_SCALE_2023-07-14_16_09;3.0;FAR3BONDEN3_SCALE;2023-07-14;16;9
0;ADN823;FAR3BONDEN3_SCALE_2023-07-14_21_15;73.0;FAR3BONDEN3_SCALE;2023-07-14;21;15
0;ACT779;FAR3BONDEN3_SCALE_2023-07-14_15_08;5.0;FAR3BONDEN3_SCALE;2023-07-14;15;8
0;ADP724;FAR3BONDEN3_SCALE_2023-07-14_21_14;22.0;FAR3BONDEN3_SCALE;2023-07-14;21;14
0;ADE052;FAR3BONDEN3_SCALE_2023-07-14_13_06;20.0;FAR3BONDEN3_SCALE;2023-07-14;13;6
0;ADP724;FAR3BONDEN3_SCALE_2023-07-14_17_11;4.0;FAR3BONDEN3_SCALE;2023-07-14;17;11
0;ADE052;FAR3BONDEN3_SCALE_2023-07-14_13_05;100.0;FAR3BONDEN3_SCALE;2023-07-14;13;5
0;ADG442;FAR3BONDEN3_SCALE_2023-07-14_11_03;4.0;FAR3BONDEN3_SCALE;2023-07-14;11;3
0;ADN784;FAR3BONDEN3_SCALE_2023-07-14_22_17;39.0;FAR3BONDEN3_SCALE;2023-07-14;22;17
0;ACT779;FAR3BONDEN3_SCALE_2023-07-14_18_12;21.0;FAR3BONDEN3_SCALE;2023-07-14;18;12
0;ADN792;FAR3BONDEN3_SCALE_2023-07-15_19_01;12.0;FAR3BONDEN3_SCALE;2023-07-15;19;1
0;ADE018;FAR3BONDEN3_SCALE_2023-07-15_16_00;16.0;FAR3BONDEN3_SCALE;2023-07-15;16;0
0;ACT779;FAR3BONDEN3_SCALE_2023-07-16_21_09;5.0;FAR3BONDEN3_SCALE;2023-07-16;21;9
0;ACT779;FAR3BONDEN3_SCALE_2023-07-16_9_00;18.0;FAR3BONDEN3_SCALE;2023-07-16;9;0
0;ADG442;FAR3BONDEN3_SCALE_2023-07-16_17_03;30.0;FAR3BONDEN3_SCALE;2023-07-16;17;3
0;ACT779;FAR3BONDEN3_SCALE_2023-07-16_18_04;95.0;FAR3BONDEN3_SCALE;2023-07-16;18;4
0;ADG442;FAR3BONDEN3_SCALE_2023-07-16_15_02;6.0;FAR3BONDEN3_SCALE;2023-07-16;15;2
0;ADE200;FAR3BONDEN3_SCALE_2023-07-16_21_08;2.0;FAR3BONDEN3_SCALE;2023-07-16;21;8
0;ACX881;FAR3BONDEN3_SCALE_2023-07-17_15_07;10.0;FAR3BONDEN3_SCALE;2023-07-17;15;7
0;ADG442;FAR3BONDEN3_SCALE_2023-07-17_10_04;24.0;FAR3BONDEN3_SCALE;2023-07-17;10;4
0;ADB691;FAR3BONDEN3_SCALE_2023-07-17_17_10;7.0;FAR3BONDEN3_SCALE;2023-07-17;17;10
0;ADB691;FAR3BONDEN3_SCALE_2023-07-17_17_09;13.0;FAR3BONDEN3_SCALE;2023-07-17;17;9
0;ACX881;FAR3BONDEN3_SCALE_2023-07-17_17_08;6.0;FAR3BONDEN3_SCALE;2023-07-17;17;8
0;ADG442;FAR3BONDEN3_SCALE_2023-07-17_13_06;32.0;FAR3BONDEN3_SCALE;2023-07-17;13;6
0;ADP964;FAR3BONDEN3_SCALE_2023-07-17_17_11;31.0;FAR3BONDEN3_SCALE;2023-07-17;17;11
0;ADG442;FAR3BONDEN3_SCALE_2023-07-17_11_05;5.0;FAR3BONDEN3_SCALE;2023-07-17;11;5
0;ADN301;FAR3BONDEN3_SCALE_2023-07-18_11_05;32.0;FAR3BONDEN3_SCALE;2023-07-18;11;5
0;ADN789;FAR3BONDEN3_SCALE_2023-07-18_9_01;9.0;FAR3BONDEN3_SCALE;2023-07-18;9;1
0;ADG442;FAR3BONDEN3_SCALE_2023-07-18_13_07;9.0;FAR3BONDEN3_SCALE;2023-07-18;13;7
0;ADG442;FAR3BONDEN3_SCALE_2023-07-18_12_06;23.0;FAR3BONDEN3_SCALE;2023-07-18;12;6
0;ADN823;FAR3BONDEN3_SCALE_2023-07-18_14_08;22.0;FAR3BONDEN3_SCALE;2023-07-18;14;8
0;ADG442;FAR3BONDEN3_SCALE_2023-07-18_18_12;2.0;FAR3BONDEN3_SCALE;2023-07-18;18;12
0;ADG442;FAR3BONDEN3_SCALE_2023-07-18_11_03;36.0;FAR3BONDEN3_SCALE;2023-07-18;11;3
0;ADG442;FAR3BONDEN3_SCALE_2023-07-18_15_09;8.0;FAR3BONDEN3_SCALE;2023-07-18;15;9
0;ADP500;FAR3BONDEN3_SCALE_2023-07-18_18_11;8.0;FAR3BONDEN3_SCALE;2023-07-18;18;11
0;ADR945;FAR3BONDEN3_SCALE_2024-05-12_8_00;4.0;FAR3BONDEN3_SCALE;2024-05-12;8;0
0;ADE036;FAR3BONDEN3_SCALE_2024-05-20_14_00;25.0;FAR3BONDEN3_SCALE;2024-05-20;14;0
0;ADE036;FAR3BONDEN3_SCALE_2024-05-21_15_00;14.0;FAR3BONDEN3_SCALE;2024-05-21;15;0
0;ADG142;FAR3BONDEN3_SCALE_2024-05-24_10_03;5.0;FAR3BONDEN3_SCALE;2024-05-24;10;3
0;ADG442;FAR3BONDEN3_SCALE_2024-05-24_7_00;4.0;FAR3BONDEN3_SCALE;2024-05-24;7;0
0;ADG442;FAR3BONDEN3_SCALE_2024-05-24_14_05;1.0;FAR3BONDEN3_SCALE;2024-05-24;14;5
0;ADG442;FAR3BONDEN3_SCALE_2024-05-24_8_02;12.0;FAR3BONDEN3_SCALE;2024-05-24;8;2
0;ADN823;FAR3BONDEN3_SCALE_2024-05-24_18_07;11.0;FAR3BONDEN3_SCALE;2024-05-24;18;7
0;ADN765;FAR3BONDEN3_SCALE_2024-05-26_11_01;152.0;FAR3BONDEN3_SCALE;2024-05-26;11;1
0;ADE600;FAR3BONDEN3_SCALE_2024-05-26_17_03;10.0;FAR3BONDEN3_SCALE;2024-05-26;17;3
0;ADN765;FAR3BONDEN3_SCALE_2024-05-26_8_00;15.0;FAR3BONDEN3_SCALE;2024-05-26;8;0
0;ADE036;FAR3BONDEN3_SCALE_2024-05-27_17_03;43.0;FAR3BONDEN3_SCALE;2024-05-27;17;3
0;ADE036;FAR3BONDEN3_SCALE_2024-05-28_17_00;34.0;FAR3BONDEN3_SCALE;2024-05-28;17;0
0;ADE036;FAR3BONDEN3_SCALE_2024-05-28_18_01;49.0;FAR3BONDEN3_SCALE;2024-05-28;18;1
0;ADG442;FAR3BONDEN3_SCALE_2024-05-29_6_01;107.0;FAR3BONDEN3_SCALE;2024-05-29;6;1
0;ADA513;FAR3BONDEN3_SCALE_2024-05-29_9_02;42.0;FAR3BONDEN3_SCALE;2024-05-29;9;2
0;ADL483;FAR3BONDEN3_SCALE_2024-05-29_21_03;34.0;FAR3BONDEN3_SCALE;2024-05-29;21;3
0;ADE056;FAR3BONDEN3_SCALE_2024-06-03_19_01;32.0;FAR3BONDEN3_SCALE;2024-06-03;19;1
0;ADE005;FAR3BONDEN3_SCALE_2024-06-04_20_08;3.0;FAR3BONDEN3_SCALE;2024-06-04;20;8
0;ADE005;FAR3BONDEN3_SCALE_2024-06-04_9_03;9.0;FAR3BONDEN3_SCALE;2024-06-04;9;3
0;ADG442;FAR3BONDEN3_SCALE_2024-06-04_16_06;139.0;FAR3BONDEN3_SCALE;2024-06-04;16;6
0;ADG442;FAR3BONDEN3_SCALE_2024-06-04_17_07;194.0;FAR3BONDEN3_SCALE;2024-06-04;17;7
0;ADE005;FAR3BONDEN3_SCALE_2024-06-04_8_01;110.0;FAR3BONDEN3_SCALE;2024-06-04;8;1
0;ADE500;FAR3BONDEN3_SCALE_2024-06-04_10_04;8.0;FAR3BONDEN3_SCALE;2024-06-04;10;4
0;ADE005;FAR3BONDEN3_SCALE_2024-06-04_9_02;45.0;FAR3BONDEN3_SCALE;2024-06-04;9;2
0;ADE005;FAR3BONDEN3_SCALE_2024-06-05_6_00;70.0;FAR3BONDEN3_SCALE;2024-06-05;6;0
0;ADE005;FAR3BONDEN3_SCALE_2024-06-06_18_04;15.0;FAR3BONDEN3_SCALE;2024-06-06;18;4
0;ADE005;FAR3BONDEN3_SCALE_2024-06-06_4_01;8.0;FAR3BONDEN3_SCALE;2024-06-06;4;1
0;ADE005;FAR3BONDEN3_SCALE_2024-06-06_18_05;7.0;FAR3BONDEN3_SCALE;2024-06-06;18;5
0;ADE500;FAR3BONDEN3_SCALE_2024-06-06_20_07;10.0;FAR3BONDEN3_SCALE;2024-06-06;20;7
0;ADG442;FAR3BONDEN3_SCALE_2024-06-06_13_03;25.0;FAR3BONDEN3_SCALE;2024-06-06;13;3
0;ADE500;FAR3BONDEN3_SCALE_2024-06-06_5_02;14.0;FAR3BONDEN3_SCALE;2024-06-06;5;2
0;ADN981;FAR3BONDEN3_SCALE_2024-06-07_18_02;12.0;FAR3BONDEN3_SCALE;2024-06-07;18;2
0;ADE005;FAR3BONDEN3_SCALE_2024-06-07_6_00;5.0;FAR3BONDEN3_SCALE;2024-06-07;6;0
0;ADG442;FAR3BONDEN3_SCALE_2024-06-08_6_02;9.0;FAR3BONDEN3_SCALE;2024-06-08;6;2
0;ADE005;FAR3BONDEN3_SCALE_2024-06-08_8_05;15.0;FAR3BONDEN3_SCALE;2024-06-08;8;5
0;ADE005;FAR3BONDEN3_SCALE_2024-06-08_7_04;35.0;FAR3BONDEN3_SCALE;2024-06-08;7;4
0;ADE500;FAR3BONDEN3_SCALE_2024-06-08_6_03;45.0;FAR3BONDEN3_SCALE;2024-06-08;6;3
0;ADN823;FAR3BONDEN3_SCALE_2024-06-08_4_00;20.0;FAR3BONDEN3_SCALE;2024-06-08;4;0
0;ADE500;FAR3BONDEN3_SCALE_2024-06-08_20_07;12.0;FAR3BONDEN3_SCALE;2024-06-08;20;7
0;ADE005;FAR3BONDEN3_SCALE_2024-06-08_12_06;67.0;FAR3BONDEN3_SCALE;2024-06-08;12;6
0;ADE005;FAR3BONDEN3_SCALE_2024-06-08_5_01;251.0;FAR3BONDEN3_SCALE;2024-06-08;5;1
0;ADE005;FAR3BONDEN3_SCALE_2024-06-09_14_15;23.0;FAR3BONDEN3_SCALE;2024-06-09;14;15
0;ADE005;FAR3BONDEN3_SCALE_2024-06-09_6_01;62.0;FAR3BONDEN3_SCALE;2024-06-09;6;1
0;ADN823;FAR3BONDEN3_SCALE_2024-06-09_19_21;43.0;FAR3BONDEN3_SCALE;2024-06-09;19;21
0;ADN981;FAR3BONDEN3_SCALE_2024-06-09_7_04;18.0;FAR3BONDEN3_SCALE;2024-06-09;7;4
0;ADE005;FAR3BONDEN3_SCALE_2024-06-09_16_16;21.0;FAR3BONDEN3_SCALE;2024-06-09;16;16
0;ADN823;FAR3BONDEN3_SCALE_2024-06-09_20_22;145.0;FAR3BONDEN3_SCALE;2024-06-09;20;22
0;ADN981;FAR3BONDEN3_SCALE_2024-06-09_7_02;11.0;FAR3BONDEN3_SCALE;2024-06-09;7;2
0;ADE005;FAR3BONDEN3_SCALE_2024-06-09_8_06;33.0;FAR3BONDEN3_SCALE;2024-06-09;8;6
0;ADS214;FAR3BONDEN3_SCALE_2024-06-09_20_25;40.0;FAR3BONDEN3_SCALE;2024-06-09;20;25
0;ADN823;FAR3BONDEN3_SCALE_2024-06-09_8_07;39.0;FAR3BONDEN3_SCALE;2024-06-09;8;7
0;ADE005;FAR3BONDEN3_SCALE_2024-06-09_17_19;41.0;FAR3BONDEN3_SCALE;2024-06-09;17;19
0;ADN823;FAR3BONDEN3_SCALE_2024-06-09_10_14;5.0;FAR3BONDEN3_SCALE;2024-06-09;10;14
0;ADN823;FAR3BONDEN3_SCALE_2024-06-09_20_24;24.0;FAR3BONDEN3_SCALE;2024-06-09;20;24
0;ADE005;FAR3BONDEN3_SCALE_2024-06-09_7_03;12.0;FAR3BONDEN3_SCALE;2024-06-09;7;3
0;ADN823;FAR3BONDEN3_SCALE_2024-06-09_10_12;2.0;FAR3BONDEN3_SCALE;2024-06-09;10;12
0;ADN823;FAR3BONDEN3_SCALE_2024-06-09_18_20;69.0;FAR3BONDEN3_SCALE;2024-06-09;18;20
0;ADN823;FAR3BONDEN3_SCALE_2024-06-09_17_18;77.0;FAR3BONDEN3_SCALE;2024-06-09;17;18
0;ADN908;FAR3BONDEN3_SCALE_2024-06-09_8_08;9.0;FAR3BONDEN3_SCALE;2024-06-09;8;8
0;ADE005;FAR3BONDEN3_SCALE_2024-06-09_16_17;46.0;FAR3BONDEN3_SCALE;2024-06-09;16;17
0;ADN823;FAR3BONDEN3_SCALE_2024-06-09_20_23;11.0;FAR3BONDEN3_SCALE;2024-06-09;20;23
0;ADE005;FAR3BONDEN3_SCALE_2024-06-09_6_00;27.0;FAR3BONDEN3_SCALE;2024-06-09;6;0
0;ADN908;FAR3BONDEN3_SCALE_2024-06-09_8_09;6.0;FAR3BONDEN3_SCALE;2024-06-09;8;9
0;ADN823;FAR3BONDEN3_SCALE_2024-06-09_9_11;5.0;FAR3BONDEN3_SCALE;2024-06-09;9;11
0;ADN823;FAR3BONDEN3_SCALE_2024-06-09_9_10;7.0;FAR3BONDEN3_SCALE;2024-06-09;9;10
0;ADN823;FAR3BONDEN3_SCALE_2024-06-09_21_26;30.0;FAR3BONDEN3_SCALE;2024-06-09;21;26
0;ADE005;FAR3BONDEN3_SCALE_2024-06-09_8_05;48.0;FAR3BONDEN3_SCALE;2024-06-09;8;5
0;ADE500;FAR3BONDEN3_SCALE_2024-06-10_8_00;8.0;FAR3BONDEN3_SCALE;2024-06-10;8;0
0;ADA513;FAR3BONDEN3_SCALE_2024-06-10_13_02;27.0;FAR3BONDEN3_SCALE;2024-06-10;13;2
0;ADN823;FAR3BONDEN3_SCALE_2024-06-10_20_06;8.0;FAR3BONDEN3_SCALE;2024-06-10;20;6
0;ADN823;FAR3BONDEN3_SCALE_2024-06-10_19_05;41.0;FAR3BONDEN3_SCALE;2024-06-10;19;5
0;ADE005;FAR3BONDEN3_SCALE_2024-06-10_18_03;1.0;FAR3BONDEN3_SCALE;2024-06-10;18;3
0;ADN823;FAR3BONDEN3_SCALE_2024-06-10_19_04;59.0;FAR3BONDEN3_SCALE;2024-06-10;19;4
0;ADE005;FAR3BONDEN3_SCALE_2024-06-11_11_00;23.0;FAR3BONDEN3_SCALE;2024-06-11;11;0
0;ADE005;FAR3BONDEN3_SCALE_2024-06-12_10_07;12.0;FAR3BONDEN3_SCALE;2024-06-12;10;7
0;ADN823;FAR3BONDEN3_SCALE_2024-06-12_8_03;18.0;FAR3BONDEN3_SCALE;2024-06-12;8;3
0;ADE005;FAR3BONDEN3_SCALE_2024-06-12_18_09;91.0;FAR3BONDEN3_SCALE;2024-06-12;18;9
0;ADE005;FAR3BONDEN3_SCALE_2024-06-12_9_06;43.0;FAR3BONDEN3_SCALE;2024-06-12;9;6
0;ADN908;FAR3BONDEN3_SCALE_2024-06-12_8_04;5.0;FAR3BONDEN3_SCALE;2024-06-12;8;4
0;ADN823;FAR3BONDEN3_SCALE_2024-06-12_11_08;8.0;FAR3BONDEN3_SCALE;2024-06-12;11;8
0;ADE005;FAR3BONDEN3_SCALE_2024-06-13_17_04;118.0;FAR3BONDEN3_SCALE;2024-06-13;17;4
0;ADE500;FAR3BONDEN3_SCALE_2024-06-13_5_00;5.0;FAR3BONDEN3_SCALE;2024-06-13;5;0
0;ADE000;FAR3BONDEN3_SCALE_2024-06-13_6_01;4.0;FAR3BONDEN3_SCALE;2024-06-13;6;1
0;ADN908;FAR3BONDEN3_SCALE_2024-06-13_18_05;3.0;FAR3BONDEN3_SCALE;2024-06-13;18;5
0;ADP875;FAR3BONDEN3_SCALE_2024-06-13_9_03;28.0;FAR3BONDEN3_SCALE;2024-06-13;9;3
0;ADE005;FAR3BONDEN3_SCALE_2024-06-14_6_04;7.0;FAR3BONDEN3_SCALE;2024-06-14;6;4
0;ADE005;FAR3BONDEN3_SCALE_2024-06-14_6_05;7.0;FAR3BONDEN3_SCALE;2024-06-14;6;5
0;ADE005;FAR3BONDEN3_SCALE_2024-06-14_14_09;83.0;FAR3BONDEN3_SCALE;2024-06-14;14;9
0;ADL997;FAR3BONDEN3_SCALE_2024-06-14_9_07;9.0;FAR3BONDEN3_SCALE;2024-06-14;9;7
0;ADE005;FAR3BONDEN3_SCALE_2024-06-14_6_06;3.0;FAR3BONDEN3_SCALE;2024-06-14;6;6
0;ADN908;FAR3BONDEN3_SCALE_2024-06-14_6_03;13.0;FAR3BONDEN3_SCALE;2024-06-14;6;3
0;ADE005;FAR3BONDEN3_SCALE_2024-06-15_12_01;82.0;FAR3BONDEN3_SCALE;2024-06-15;12;1
0;ADN908;FAR3BONDEN3_SCALE_2024-06-15_16_02;14.0;FAR3BONDEN3_SCALE;2024-06-15;16;2
0;ADN823;FAR3BONDEN3_SCALE_2024-06-15_20_06;2.0;FAR3BONDEN3_SCALE;2024-06-15;20;6
0;ADE500;FAR3BONDEN3_SCALE_2024-06-15_11_00;6.0;FAR3BONDEN3_SCALE;2024-06-15;11;0
0;ADE005;FAR3BONDEN3_SCALE_2024-06-15_19_03;19.0;FAR3BONDEN3_SCALE;2024-06-15;19;3
0;ADE005;FAR3BONDEN3_SCALE_2024-06-15_20_07;14.0;FAR3BONDEN3_SCALE;2024-06-15;20;7
0;ADN765;FAR3BONDEN3_SCALE_2024-06-15_19_04;6.0;FAR3BONDEN3_SCALE;2024-06-15;19;4
0;ADN823;FAR3BONDEN3_SCALE_2024-06-16_11_03;11.0;FAR3BONDEN3_SCALE;2024-06-16;11;3
0;ADE005;FAR3BONDEN3_SCALE_2024-06-16_6_01;103.0;FAR3BONDEN3_SCALE;2024-06-16;6;1
0;ADP239;FAR3BONDEN3_SCALE_2024-06-16_5_00;183.0;FAR3BONDEN3_SCALE;2024-06-16;5;0
0;ADN765;FAR3BONDEN3_SCALE_2024-06-16_14_05;4.0;FAR3BONDEN3_SCALE;2024-06-16;14;5
0;ADN765;FAR3BONDEN3_SCALE_2024-06-16_8_02;12.0;FAR3BONDEN3_SCALE;2024-06-16;8;2
0;ADN823;FAR3BONDEN3_SCALE_2024-06-16_12_04;8.0;FAR3BONDEN3_SCALE;2024-06-16;12;4
0;ADE005;FAR3BONDEN3_SCALE_2024-06-17_19_01;8.0;FAR3BONDEN3_SCALE;2024-06-17;19;1
0;ADN823;FAR3BONDEN3_SCALE_2024-06-17_21_04;12.0;FAR3BONDEN3_SCALE;2024-06-17;21;4
0;ADN908;FAR3BONDEN3_SCALE_2024-06-17_21_05;14.0;FAR3BONDEN3_SCALE;2024-06-17;21;5
0;ADE500;FAR3BONDEN3_SCALE_2024-06-17_20_02;14.0;FAR3BONDEN3_SCALE;2024-06-17;20;2
0;ADN823;FAR3BONDEN3_SCALE_2024-06-17_6_00;25.0;FAR3BONDEN3_SCALE;2024-06-17;6;0
0;ADS402;FAR3BONDEN3_SCALE_2024-06-18_14_02;28.0;FAR3BONDEN3_SCALE;2024-06-18;14;2
0;ADN908;FAR3BONDEN3_SCALE_2024-06-18_17_05;3.0;FAR3BONDEN3_SCALE;2024-06-18;17;5
0;ADE019;FAR3BONDEN3_SCALE_2024-06-18_16_04;6.0;FAR3BONDEN3_SCALE;2024-06-18;16;4
0;ADE005;FAR3BONDEN3_SCALE_2024-06-18_19_06;83.0;FAR3BONDEN3_SCALE;2024-06-18;19;6
0;ADN792;FAR3BONDEN3_SCALE_2024-06-18_8_01;21.0;FAR3BONDEN3_SCALE;2024-06-18;8;1
0;ADE019;FAR3BONDEN3_SCALE_2024-06-18_16_03;50.0;FAR3BONDEN3_SCALE;2024-06-18;16;3
0;ADE005;FAR3BONDEN3_SCALE_2024-06-18_19_07;16.0;FAR3BONDEN3_SCALE;2024-06-18;19;7
0;ADR421;FAR3BONDEN3_SCALE_2024-06-19_16_04;16.0;FAR3BONDEN3_SCALE;2024-06-19;16;4
0;ADP775;FAR3BONDEN3_SCALE_2024-06-19_12_02;15.0;FAR3BONDEN3_SCALE;2024-06-19;12;2
0;ADE005;FAR3BONDEN3_SCALE_2024-06-19_8_01;9.0;FAR3BONDEN3_SCALE;2024-06-19;8;1
0;ADP780;FAR3BONDEN3_SCALE_2024-06-19_15_03;11.0;FAR3BONDEN3_SCALE;2024-06-19;15;3
0;ADN773;FAR3BONDEN3_SCALE_2024-06-20_17_08;10.0;FAR3BONDEN3_SCALE;2024-06-20;17;8
0;ADN823;FAR3BONDEN3_SCALE_2024-06-20_5_00;27.0;FAR3BONDEN3_SCALE;2024-06-20;5;0
0;ADR853;FAR3BONDEN3_SCALE_2024-06-20_17_07;123.0;FAR3BONDEN3_SCALE;2024-06-20;17;7
0;ADN823;FAR3BONDEN3_SCALE_2024-06-20_11_04;65.0;FAR3BONDEN3_SCALE;2024-06-20;11;4
0;ADR853;FAR3BONDEN3_SCALE_2024-06-20_11_02;22.0;FAR3BONDEN3_SCALE;2024-06-20;11;2
0;ADN823;FAR3BONDEN3_SCALE_2024-06-21_7_06;179.0;FAR3BONDEN3_SCALE;2024-06-21;7;6
0;ADE005;FAR3BONDEN3_SCALE_2024-06-21_5_02;57.0;FAR3BONDEN3_SCALE;2024-06-21;5;2
0;ADE005;FAR3BONDEN3_SCALE_2024-06-21_10_09;32.0;FAR3BONDEN3_SCALE;2024-06-21;10;9
0;ADE019;FAR3BONDEN3_SCALE_2024-06-21_3_01;12.0;FAR3BONDEN3_SCALE;2024-06-21;3;1
0;ADN823;FAR3BONDEN3_SCALE_2024-06-21_8_07;41.0;FAR3BONDEN3_SCALE;2024-06-21;8;7
0;ADN765;FAR3BONDEN3_SCALE_2024-06-21_12_11;17.0;FAR3BONDEN3_SCALE;2024-06-21;12;11
0;ADN765;FAR3BONDEN3_SCALE_2024-06-21_12_12;5.0;FAR3BONDEN3_SCALE;2024-06-21;12;12
0;ADE005;FAR3BONDEN3_SCALE_2024-06-21_12_10;17.0;FAR3BONDEN3_SCALE;2024-06-21;12;10
0;ADS402;FAR3BONDEN3_SCALE_2024-06-21_3_00;8.0;FAR3BONDEN3_SCALE;2024-06-21;3;0
0;ADA973;FAR3BONDEN3_SCALE_2024-06-21_7_05;21.0;FAR3BONDEN3_SCALE;2024-06-21;7;5
0;ADE005;FAR3BONDEN3_SCALE_2024-06-22_4_01;12.0;FAR3BONDEN3_SCALE;2024-06-22;4;1
0;ADA977;FAR3BONDEN3_SCALE_2024-06-22_10_05;9.0;FAR3BONDEN3_SCALE;2024-06-22;10;5
0;ADN823;FAR3BONDEN3_SCALE_2024-06-22_14_12;33.0;FAR3BONDEN3_SCALE;2024-06-22;14;12
0;ADE005;FAR3BONDEN3_SCALE_2024-06-22_6_02;77.0;FAR3BONDEN3_SCALE;2024-06-22;6;2
0;ADN823;FAR3BONDEN3_SCALE_2024-06-22_18_16;6.0;FAR3BONDEN3_SCALE;2024-06-22;18;16
0;ADN823;FAR3BONDEN3_SCALE_2024-06-22_18_15;23.0;FAR3BONDEN3_SCALE;2024-06-22;18;15
0;ADA973;FAR3BONDEN3_SCALE_2024-06-22_9_04;11.0;FAR3BONDEN3_SCALE;2024-06-22;9;4
0;ADE005;FAR3BONDEN3_SCALE_2024-06-22_11_07;1.0;FAR3BONDEN3_SCALE;2024-06-22;11;7
0;ADE000;FAR3BONDEN3_SCALE_2024-06-22_3_00;12.0;FAR3BONDEN3_SCALE;2024-06-22;3;0
0;ADE005;FAR3BONDEN3_SCALE_2024-06-22_11_06;40.0;FAR3BONDEN3_SCALE;2024-06-22;11;6
0;ADN765;FAR3BONDEN3_SCALE_2024-06-22_17_14;5.0;FAR3BONDEN3_SCALE;2024-06-22;17;14
0;ADE005;FAR3BONDEN3_SCALE_2024-06-22_8_03;15.0;FAR3BONDEN3_SCALE;2024-06-22;8;3
0;ADN823;FAR3BONDEN3_SCALE_2024-06-22_13_09;21.0;FAR3BONDEN3_SCALE;2024-06-22;13;9
0;ADN823;FAR3BONDEN3_SCALE_2024-06-22_14_11;67.0;FAR3BONDEN3_SCALE;2024-06-22;14;11
0;ADN823;FAR3BONDEN3_SCALE_2024-06-22_11_08;32.0;FAR3BONDEN3_SCALE;2024-06-22;11;8
0;ADE005;FAR3BONDEN3_SCALE_2024-06-23_5_00;24.0;FAR3BONDEN3_SCALE;2024-06-23;5;0
0;ADE005;FAR3BONDEN3_SCALE_2024-06-24_5_05;12.0;FAR3BONDEN3_SCALE;2024-06-24;5;5
0;ADN823;FAR3BONDEN3_SCALE_2024-06-24_7_06;7.0;FAR3BONDEN3_SCALE;2024-06-24;7;6
0;ADP771;FAR3BONDEN3_SCALE_2024-06-24_4_03;23.0;FAR3BONDEN3_SCALE;2024-06-24;4;3
0;ADN789;FAR3BONDEN3_SCALE_2024-06-24_5_04;41.0;FAR3BONDEN3_SCALE;2024-06-24;5;4
0;ADP239;FAR3BONDEN3_SCALE_2024-06-24_11_10;8.0;FAR3BONDEN3_SCALE;2024-06-24;11;10
0;ADP771;FAR3BONDEN3_SCALE_2024-06-24_4_01;2.0;FAR3BONDEN3_SCALE;2024-06-24;4;1
0;ADN823;FAR3BONDEN3_SCALE_2024-06-24_2_00;17.0;FAR3BONDEN3_SCALE;2024-06-24;2;0
0;ADN823;FAR3BONDEN3_SCALE_2024-06-25_19_05;71.0;FAR3BONDEN3_SCALE;2024-06-25;19;5
0;ADN823;FAR3BONDEN3_SCALE_2024-06-25_13_03;60.0;FAR3BONDEN3_SCALE;2024-06-25;13;3
0;ADN823;FAR3BONDEN3_SCALE_2024-06-25_11_02;6.0;FAR3BONDEN3_SCALE;2024-06-25;11;2
0;ADN823;FAR3BONDEN3_SCALE_2024-06-25_21_07;14.0;FAR3BONDEN3_SCALE;2024-06-25;21;7
0;ADN823;FAR3BONDEN3_SCALE_2024-06-25_8_01;45.0;FAR3BONDEN3_SCALE;2024-06-25;8;1
0;ADN823;FAR3BONDEN3_SCALE_2024-06-25_20_06;17.0;FAR3BONDEN3_SCALE;2024-06-25;20;6
0;ADN823;FAR3BONDEN3_SCALE_2024-06-25_17_04;13.0;FAR3BONDEN3_SCALE;2024-06-25;17;4
0;ADN823;FAR3BONDEN3_SCALE_2024-06-26_16_07;69.0;FAR3BONDEN3_SCALE;2024-06-26;16;7
0;ADN823;FAR3BONDEN3_SCALE_2024-06-26_22_11;31.0;FAR3BONDEN3_SCALE;2024-06-26;22;11
0;ADN823;FAR3BONDEN3_SCALE_2024-06-26_12_06;56.0;FAR3BONDEN3_SCALE;2024-06-26;12;6
0;ADN823;FAR3BONDEN3_SCALE_2024-06-26_9_04;208.0;FAR3BONDEN3_SCALE;2024-06-26;9;4
0;ADN823;FAR3BONDEN3_SCALE_2024-06-26_11_05;34.0;FAR3BONDEN3_SCALE;2024-06-26;11;5
0;ADN823;FAR3BONDEN3_SCALE_2024-06-26_7_02;25.0;FAR3BONDEN3_SCALE;2024-06-26;7;2
0;ADN823;FAR3BONDEN3_SCALE_2024-06-26_21_09;39.0;FAR3BONDEN3_SCALE;2024-06-26;21;9
0;ADN823;FAR3BONDEN3_SCALE_2024-06-26_21_10;5.0;FAR3BONDEN3_SCALE;2024-06-26;21;10
0;ADN823;FAR3BONDEN3_SCALE_2024-06-26_23_12;8.0;FAR3BONDEN3_SCALE;2024-06-26;23;12
0;ADN823;FAR3BONDEN3_SCALE_2024-06-26_8_03;13.0;FAR3BONDEN3_SCALE;2024-06-26;8;3
0;ADN823;FAR3BONDEN3_SCALE_2024-06-26_4_01;82.0;FAR3BONDEN3_SCALE;2024-06-26;4;1
0;ADN823;FAR3BONDEN3_SCALE_2024-06-26_3_00;97.0;FAR3BONDEN3_SCALE;2024-06-26;3;0
0;ADE039;FAR3BONDEN3_SCALE_2024-06-27_8_04;142.0;FAR3BONDEN3_SCALE;2024-06-27;8;4
0;ADN823;FAR3BONDEN3_SCALE_2024-06-27_6_02;171.0;FAR3BONDEN3_SCALE;2024-06-27;6;2
0;ADN222;FAR3BONDEN3_SCALE_2024-06-27_0_00;1.0;FAR3BONDEN3_SCALE;2024-06-27;0;0
0;ADN765;FAR3BONDEN3_SCALE_2024-06-27_17_05;9.0;FAR3BONDEN3_SCALE;2024-06-27;17;5
0;ADN765;FAR3BONDEN3_SCALE_2024-06-27_17_06;17.0;FAR3BONDEN3_SCALE;2024-06-27;17;6
0;ADN823;FAR3BONDEN3_SCALE_2024-06-27_6_03;25.0;FAR3BONDEN3_SCALE;2024-06-27;6;3
0;ADN823;FAR3BONDEN3_SCALE_2024-06-27_3_01;55.0;FAR3BONDEN3_SCALE;2024-06-27;3;1
0;ADN823;FAR3BONDEN3_SCALE_2024-06-28_3_01;187.0;FAR3BONDEN3_SCALE;2024-06-28;3;1
0;ADN823;FAR3BONDEN3_SCALE_2024-06-28_13_09;336.0;FAR3BONDEN3_SCALE;2024-06-28;13;9
0;ADN823;FAR3BONDEN3_SCALE_2024-06-28_17_10;34.0;FAR3BONDEN3_SCALE;2024-06-28;17;10
0;ADN823;FAR3BONDEN3_SCALE_2024-06-28_7_04;276.0;FAR3BONDEN3_SCALE;2024-06-28;7;4
0;ADS402;FAR3BONDEN3_SCALE_2024-06-28_18_11;46.0;FAR3BONDEN3_SCALE;2024-06-28;18;11
0;ADN823;FAR3BONDEN3_SCALE_2024-06-28_10_07;78.0;FAR3BONDEN3_SCALE;2024-06-28;10;7
0;ADN823;FAR3BONDEN3_SCALE_2024-06-28_3_02;37.0;FAR3BONDEN3_SCALE;2024-06-28;3;2
0;ADN823;FAR3BONDEN3_SCALE_2024-06-28_7_05;87.0;FAR3BONDEN3_SCALE;2024-06-28;7;5
0;ADN823;FAR3BONDEN3_SCALE_2024-06-28_6_03;48.0;FAR3BONDEN3_SCALE;2024-06-28;6;3
0;ADN823;FAR3BONDEN3_SCALE_2024-06-28_20_16;62.0;FAR3BONDEN3_SCALE;2024-06-28;20;16
0;ADN823;FAR3BONDEN3_SCALE_2024-06-28_19_12;23.0;FAR3BONDEN3_SCALE;2024-06-28;19;12
0;ADN823;FAR3BONDEN3_SCALE_2024-06-28_19_13;26.0;FAR3BONDEN3_SCALE;2024-06-28;19;13
0;ADN823;FAR3BONDEN3_SCALE_2024-06-28_11_08;42.0;FAR3BONDEN3_SCALE;2024-06-28;11;8
0;ADN823;FAR3BONDEN3_SCALE_2024-06-28_20_17;12.0;FAR3BONDEN3_SCALE;2024-06-28;20;17
0;ADN908;FAR3BONDEN3_SCALE_2024-06-28_9_06;19.0;FAR3BONDEN3_SCALE;2024-06-28;9;6
0;ADN823;FAR3BONDEN3_SCALE_2024-06-28_19_15;10.0;FAR3BONDEN3_SCALE;2024-06-28;19;15
0;ADP793;FAR3BONDEN3_SCALE_2024-06-29_19_15;2.0;FAR3BONDEN3_SCALE;2024-06-29;19;15
0;ADP771;FAR3BONDEN3_SCALE_2024-06-29_4_01;95.0;FAR3BONDEN3_SCALE;2024-06-29;4;1
0;ADP771;FAR3BONDEN3_SCALE_2024-06-29_10_07;42.0;FAR3BONDEN3_SCALE;2024-06-29;10;7
0;ADP771;FAR3BONDEN3_SCALE_2024-06-29_6_02;211.0;FAR3BONDEN3_SCALE;2024-06-29;6;2
0;ADA513;FAR3BONDEN3_SCALE_2024-06-29_11_08;52.0;FAR3BONDEN3_SCALE;2024-06-29;11;8
0;ADP775;FAR3BONDEN3_SCALE_2024-06-29_7_03;92.0;FAR3BONDEN3_SCALE;2024-06-29;7;3
0;ADP793;FAR3BONDEN3_SCALE_2024-06-29_15_12;133.0;FAR3BONDEN3_SCALE;2024-06-29;15;12
0;ADP793;FAR3BONDEN3_SCALE_2024-06-29_12_11;90.0;FAR3BONDEN3_SCALE;2024-06-29;12;11
0;ADA513;FAR3BONDEN3_SCALE_2024-06-29_11_10;2.0;FAR3BONDEN3_SCALE;2024-06-29;11;10
0;ADN823;FAR3BONDEN3_SCALE_2024-06-29_8_04;59.0;FAR3BONDEN3_SCALE;2024-06-29;8;4
0;ADP771;FAR3BONDEN3_SCALE_2024-06-29_16_13;81.0;FAR3BONDEN3_SCALE;2024-06-29;16;13
0;ADN823;FAR3BONDEN3_SCALE_2024-06-30_8_01;419.0;FAR3BONDEN3_SCALE;2024-06-30;8;1
0;ADN823;FAR3BONDEN3_SCALE_2024-06-30_15_06;13.0;FAR3BONDEN3_SCALE;2024-06-30;15;6
0;ADN823;FAR3BONDEN3_SCALE_2024-06-30_12_05;59.0;FAR3BONDEN3_SCALE;2024-06-30;12;5
0;ADN823;FAR3BONDEN3_SCALE_2024-06-30_9_02;173.0;FAR3BONDEN3_SCALE;2024-06-30;9;2
0;ADN823;FAR3BONDEN3_SCALE_2024-06-30_16_07;69.0;FAR3BONDEN3_SCALE;2024-06-30;16;7
0;ADN823;FAR3BONDEN3_SCALE_2024-06-30_20_12;78.0;FAR3BONDEN3_SCALE;2024-06-30;20;12
0;ADN823;FAR3BONDEN3_SCALE_2024-06-30_12_04;13.0;FAR3BONDEN3_SCALE;2024-06-30;12;4
0;ADN823;FAR3BONDEN3_SCALE_2024-06-30_11_03;49.0;FAR3BONDEN3_SCALE;2024-06-30;11;3
0;ADN823;FAR3BONDEN3_SCALE_2024-06-30_17_08;264.0;FAR3BONDEN3_SCALE;2024-06-30;17;8
0;ADN823;FAR3BONDEN3_SCALE_2024-06-30_20_11;137.0;FAR3BONDEN3_SCALE;2024-06-30;20;11
0;ADN823;FAR3BONDEN3_SCALE_2024-06-30_7_00;173.0;FAR3BONDEN3_SCALE;2024-06-30;7;0
0;ADN823;FAR3BONDEN3_SCALE_2024-06-30_18_09;462.0;FAR3BONDEN3_SCALE;2024-06-30;18;9
0;ADN823;FAR3BONDEN3_SCALE_2024-06-30_19_10;21.0;FAR3BONDEN3_SCALE;2024-06-30;19;10
0;ADP784;FAR3BONDEN3_SCALE_2024-07-01_6_03;5.0;FAR3BONDEN3_SCALE;2024-07-01;6;3
0;ADN823;FAR3BONDEN3_SCALE_2024-07-01_20_11;21.0;FAR3BONDEN3_SCALE;2024-07-01;20;11
0;ADN823;FAR3BONDEN3_SCALE_2024-07-01_22_16;39.0;FAR3BONDEN3_SCALE;2024-07-01;22;16
0;ADP782;FAR3BONDEN3_SCALE_2024-07-01_7_04;1.0;FAR3BONDEN3_SCALE;2024-07-01;7;4
0;ADN823;FAR3BONDEN3_SCALE_2024-07-01_21_15;68.0;FAR3BONDEN3_SCALE;2024-07-01;21;15
0;ADN765;FAR3BONDEN3_SCALE_2024-07-01_14_06;42.0;FAR3BONDEN3_SCALE;2024-07-01;14;6
0;ADP793;FAR3BONDEN3_SCALE_2024-07-01_17_08;1.0;FAR3BONDEN3_SCALE;2024-07-01;17;8
0;ADR263;FAR3BONDEN3_SCALE_2024-07-01_4_00;80.0;FAR3BONDEN3_SCALE;2024-07-01;4;0
0;ADA513;FAR3BONDEN3_SCALE_2024-07-01_13_05;81.0;FAR3BONDEN3_SCALE;2024-07-01;13;5
0;ADP793;FAR3BONDEN3_SCALE_2024-07-01_19_10;17.0;FAR3BONDEN3_SCALE;2024-07-01;19;10
0;ADN823;FAR3BONDEN3_SCALE_2024-07-02_5_05;151.0;FAR3BONDEN3_SCALE;2024-07-02;5;5
0;ADP771;FAR3BONDEN3_SCALE_2024-07-02_15_17;253.0;FAR3BONDEN3_SCALE;2024-07-02;15;17
0;ADN823;FAR3BONDEN3_SCALE_2024-07-02_18_20;127.0;FAR3BONDEN3_SCALE;2024-07-02;18;20
0;ADR003;FAR3BONDEN3_SCALE_2024-07-02_6_07;17.0;FAR3BONDEN3_SCALE;2024-07-02;6;7
0;ADN823;FAR3BONDEN3_SCALE_2024-07-02_3_02;26.0;FAR3BONDEN3_SCALE;2024-07-02;3;2
0;ADP771;FAR3BONDEN3_SCALE_2024-07-02_21_28;3.0;FAR3BONDEN3_SCALE;2024-07-02;21;28
0;ADN823;FAR3BONDEN3_SCALE_2024-07-02_20_24;243.0;FAR3BONDEN3_SCALE;2024-07-02;20;24
0;ADN823;FAR3BONDEN3_SCALE_2024-07-02_19_23;66.0;FAR3BONDEN3_SCALE;2024-07-02;19;23
0;ADN823;FAR3BONDEN3_SCALE_2024-07-02_6_06;104.0;FAR3BONDEN3_SCALE;2024-07-02;6;6
0;ADP793;FAR3BONDEN3_SCALE_2024-07-02_8_10;3.0;FAR3BONDEN3_SCALE;2024-07-02;8;10
0;ADP771;FAR3BONDEN3_SCALE_2024-07-02_12_15;119.0;FAR3BONDEN3_SCALE;2024-07-02;12;15
0;ADN823;FAR3BONDEN3_SCALE_2024-07-02_18_19;99.0;FAR3BONDEN3_SCALE;2024-07-02;18;19
0;ADN823;FAR3BONDEN3_SCALE_2024-07-02_11_13;165.0;FAR3BONDEN3_SCALE;2024-07-02;11;13
0;ADN823;FAR3BONDEN3_SCALE_2024-07-02_13_16;43.0;FAR3BONDEN3_SCALE;2024-07-02;13;16
0;ADN823;FAR3BONDEN3_SCALE_2024-07-02_15_18;210.0;FAR3BONDEN3_SCALE;2024-07-02;15;18
0;ADP793;FAR3BONDEN3_SCALE_2024-07-02_9_11;1.0;FAR3BONDEN3_SCALE;2024-07-02;9;11
0;ADN823;FAR3BONDEN3_SCALE_2024-07-02_21_27;49.0;FAR3BONDEN3_SCALE;2024-07-02;21;27
0;ADN823;FAR3BONDEN3_SCALE_2024-07-02_18_21;52.0;FAR3BONDEN3_SCALE;2024-07-02;18;21
0;ADR832;FAR3BONDEN3_SCALE_2024-07-02_19_22;22.0;FAR3BONDEN3_SCALE;2024-07-02;19;22
0;ADN823;FAR3BONDEN3_SCALE_2024-07-02_21_25;24.0;FAR3BONDEN3_SCALE;2024-07-02;21;25
0;ADN823;FAR3BONDEN3_SCALE_2024-07-02_4_04;208.0;FAR3BONDEN3_SCALE;2024-07-02;4;4
0;ADN823;FAR3BONDEN3_SCALE_2024-07-02_10_12;119.0;FAR3BONDEN3_SCALE;2024-07-02;10;12
0;ADN823;FAR3BONDEN3_SCALE_2024-07-02_3_03;24.0;FAR3BONDEN3_SCALE;2024-07-02;3;3
0;ADN823;FAR3BONDEN3_SCALE_2024-07-02_6_09;142.0;FAR3BONDEN3_SCALE;2024-07-02;6;9
0;ADN823;FAR3BONDEN3_SCALE_2024-07-03_6_07;77.0;FAR3BONDEN3_SCALE;2024-07-03;6;7
0;ADP771;FAR3BONDEN3_SCALE_2024-07-03_18_22;181.0;FAR3BONDEN3_SCALE;2024-07-03;18;22
0;ADN823;FAR3BONDEN3_SCALE_2024-07-03_4_03;119.0;FAR3BONDEN3_SCALE;2024-07-03;4;3
0;ADX341;FAR3BONDEN3_SCALE_2024-07-03_12_16;1.0;FAR3BONDEN3_SCALE;2024-07-03;12;16
0;ADN823;FAR3BONDEN3_SCALE_2024-07-03_11_11;108.0;FAR3BONDEN3_SCALE;2024-07-03;11;11
0;ADN823;FAR3BONDEN3_SCALE_2024-07-03_11_12;9.0;FAR3BONDEN3_SCALE;2024-07-03;11;12
0;ADN823;FAR3BONDEN3_SCALE_2024-07-03_6_05;160.0;FAR3BONDEN3_SCALE;2024-07-03;6;5
0;ADN823;FAR3BONDEN3_SCALE_2024-07-03_11_15;3.0;FAR3BONDEN3_SCALE;2024-07-03;11;15
0;ADN823;FAR3BONDEN3_SCALE_2024-07-03_6_06;94.0;FAR3BONDEN3_SCALE;2024-07-03;6;6
0;ADN823;FAR3BONDEN3_SCALE_2024-07-03_4_02;101.0;FAR3BONDEN3_SCALE;2024-07-03;4;2
0;ADN806;FAR3BONDEN3_SCALE_2024-07-03_11_14;10.0;FAR3BONDEN3_SCALE;2024-07-03;11;14
0;ADR269;FAR3BONDEN3_SCALE_2024-07-03_16_19;3.0;FAR3BONDEN3_SCALE;2024-07-03;16;19
0;ADP771;FAR3BONDEN3_SCALE_2024-07-03_18_23;9.0;FAR3BONDEN3_SCALE;2024-07-03;18;23
0;ADN823;FAR3BONDEN3_SCALE_2024-07-03_3_01;7.0;FAR3BONDEN3_SCALE;2024-07-03;3;1
0;ADN823;FAR3BONDEN3_SCALE_2024-07-03_8_09;37.0;FAR3BONDEN3_SCALE;2024-07-03;8;9
0;ADN823;FAR3BONDEN3_SCALE_2024-07-03_5_04;51.0;FAR3BONDEN3_SCALE;2024-07-03;5;4
0;ADN823;FAR3BONDEN3_SCALE_2024-07-03_3_00;10.0;FAR3BONDEN3_SCALE;2024-07-03;3;0
0;ADN823;FAR3BONDEN3_SCALE_2024-07-03_10_10;185.0;FAR3BONDEN3_SCALE;2024-07-03;10;10
0;ADP771;FAR3BONDEN3_SCALE_2024-07-03_13_18;118.0;FAR3BONDEN3_SCALE;2024-07-03;13;18
0;ADN823;FAR3BONDEN3_SCALE_2024-07-03_8_08;118.0;FAR3BONDEN3_SCALE;2024-07-03;8;8
0;ADN823;FAR3BONDEN3_SCALE_2024-07-04_21_16;90.0;FAR3BONDEN3_SCALE;2024-07-04;21;16
0;ADN823;FAR3BONDEN3_SCALE_2024-07-04_11_09;85.0;FAR3BONDEN3_SCALE;2024-07-04;11;9
0;ADP793;FAR3BONDEN3_SCALE_2024-07-04_4_02;7.0;FAR3BONDEN3_SCALE;2024-07-04;4;2
0;ADN823;FAR3BONDEN3_SCALE_2024-07-04_18_13;406.0;FAR3BONDEN3_SCALE;2024-07-04;18;13
0;ADN823;FAR3BONDEN3_SCALE_2024-07-04_16_12;30.0;FAR3BONDEN3_SCALE;2024-07-04;16;12
0;ADN823;FAR3BONDEN3_SCALE_2024-07-04_11_08;91.0;FAR3BONDEN3_SCALE;2024-07-04;11;8
0;ADE019;FAR3BONDEN3_SCALE_2024-07-04_22_17;12.0;FAR3BONDEN3_SCALE;2024-07-04;22;17
0;ADE005;FAR3BONDEN3_SCALE_2024-07-05_12_19;15.0;FAR3BONDEN3_SCALE;2024-07-05;12;19
0;ADN823;FAR3BONDEN3_SCALE_2024-07-05_3_00;1.0;FAR3BONDEN3_SCALE;2024-07-05;3;0
0;ADN908;FAR3BONDEN3_SCALE_2024-07-05_21_29;53.0;FAR3BONDEN3_SCALE;2024-07-05;21;29
0;ADN823;FAR3BONDEN3_SCALE_2024-07-05_5_06;81.0;FAR3BONDEN3_SCALE;2024-07-05;5;6
0;ADN823;FAR3BONDEN3_SCALE_2024-07-05_17_24;48.0;FAR3BONDEN3_SCALE;2024-07-05;17;24
0;ADN823;FAR3BONDEN3_SCALE_2024-07-05_4_03;110.0;FAR3BONDEN3_SCALE;2024-07-05;4;3
0;ADP793;FAR3BONDEN3_SCALE_2024-07-05_10_14;9.0;FAR3BONDEN3_SCALE;2024-07-05;10;14
0;ADN908;FAR3BONDEN3_SCALE_2024-07-05_15_22;45.0;FAR3BONDEN3_SCALE;2024-07-05;15;22
0;ACP281;FAR3BONDEN3_SCALE_2024-07-05_20_28;16.0;FAR3BONDEN3_SCALE;2024-07-05;20;28
0;ADN823;FAR3BONDEN3_SCALE_2024-07-05_4_04;15.0;FAR3BONDEN3_SCALE;2024-07-05;4;4
0;ADN823;FAR3BONDEN3_SCALE_2024-07-05_17_23;131.0;FAR3BONDEN3_SCALE;2024-07-05;17;23
0;ADN823;FAR3BONDEN3_SCALE_2024-07-05_11_17;18.0;FAR3BONDEN3_SCALE;2024-07-05;11;17
0;ADP784;FAR3BONDEN3_SCALE_2024-07-05_6_08;59.0;FAR3BONDEN3_SCALE;2024-07-05;6;8
0;ADX980;FAR3BONDEN3_SCALE_2024-07-05_4_05;23.0;FAR3BONDEN3_SCALE;2024-07-05;4;5
0;ADN823;FAR3BONDEN3_SCALE_2024-07-05_12_18;59.0;FAR3BONDEN3_SCALE;2024-07-05;12;18
0;ADP793;FAR3BONDEN3_SCALE_2024-07-05_10_15;1.0;FAR3BONDEN3_SCALE;2024-07-05;10;15
0;ADP589;FAR3BONDEN3_SCALE_2024-07-05_19_26;1.0;FAR3BONDEN3_SCALE;2024-07-05;19;26
0;ADE005;FAR3BONDEN3_SCALE_2024-07-05_11_16;4.0;FAR3BONDEN3_SCALE;2024-07-05;11;16
0;ADP784;FAR3BONDEN3_SCALE_2024-07-06_5_04;29.0;FAR3BONDEN3_SCALE;2024-07-06;5;4
0;ADR271;FAR3BONDEN3_SCALE_2024-07-06_6_06;3.0;FAR3BONDEN3_SCALE;2024-07-06;6;6
0;ADP784;FAR3BONDEN3_SCALE_2024-07-06_15_13;16.0;FAR3BONDEN3_SCALE;2024-07-06;15;13
0;ADP784;FAR3BONDEN3_SCALE_2024-07-06_19_15;9.0;FAR3BONDEN3_SCALE;2024-07-06;19;15
0;ADP784;FAR3BONDEN3_SCALE_2024-07-06_8_09;27.0;FAR3BONDEN3_SCALE;2024-07-06;8;9
0;ADE005;FAR3BONDEN3_SCALE_2024-07-06_4_02;3.0;FAR3BONDEN3_SCALE;2024-07-06;4;2
0;ADN823;FAR3BONDEN3_SCALE_2024-07-06_12_12;357.0;FAR3BONDEN3_SCALE;2024-07-06;12;12
0;ADN908;FAR3BONDEN3_SCALE_2024-07-06_3_01;31.0;FAR3BONDEN3_SCALE;2024-07-06;3;1
0;ADR271;FAR3BONDEN3_SCALE_2024-07-06_7_08;1.0;FAR3BONDEN3_SCALE;2024-07-06;7;8
0;ADP784;FAR3BONDEN3_SCALE_2024-07-06_5_05;20.0;FAR3BONDEN3_SCALE;2024-07-06;5;5
0;ADP784;FAR3BONDEN3_SCALE_2024-07-06_5_03;13.0;FAR3BONDEN3_SCALE;2024-07-06;5;3
0;ADX653;FAR3BONDEN3_SCALE_2024-07-07_22_36;1.0;FAR3BONDEN3_SCALE;2024-07-07;22;36
0;ADN823;FAR3BONDEN3_SCALE_2024-07-07_8_09;12.0;FAR3BONDEN3_SCALE;2024-07-07;8;9
0;ADN806;FAR3BONDEN3_SCALE_2024-07-07_20_31;7.0;FAR3BONDEN3_SCALE;2024-07-07;20;31
0;ADE090;FAR3BONDEN3_SCALE_2024-07-07_22_35;4.0;FAR3BONDEN3_SCALE;2024-07-07;22;35
0;ADR883;FAR3BONDEN3_SCALE_2024-07-07_4_04;13.0;FAR3BONDEN3_SCALE;2024-07-07;4;4
0;ADN823;FAR3BONDEN3_SCALE_2024-07-07_5_05;396.0;FAR3BONDEN3_SCALE;2024-07-07;5;5
0;ADN823;FAR3BONDEN3_SCALE_2024-07-07_4_03;36.0;FAR3BONDEN3_SCALE;2024-07-07;4;3
0;ADN823;FAR3BONDEN3_SCALE_2024-07-07_10_11;67.0;FAR3BONDEN3_SCALE;2024-07-07;10;11
0;ADN806;FAR3BONDEN3_SCALE_2024-07-07_20_30;1.0;FAR3BONDEN3_SCALE;2024-07-07;20;30
0;ADJ775;FAR3BONDEN3_SCALE_2024-07-07_20_32;1.0;FAR3BONDEN3_SCALE;2024-07-07;20;32
0;ADN823;FAR3BONDEN3_SCALE_2024-07-07_12_13;64.0;FAR3BONDEN3_SCALE;2024-07-07;12;13
0;ADN823;FAR3BONDEN3_SCALE_2024-07-07_3_00;62.0;FAR3BONDEN3_SCALE;2024-07-07;3;0
0;ADN323;FAR3BONDEN3_SCALE_2024-07-07_9_10;8.0;FAR3BONDEN3_SCALE;2024-07-07;9;10
0;ADN823;FAR3BONDEN3_SCALE_2024-07-07_7_08;41.0;FAR3BONDEN3_SCALE;2024-07-07;7;8
0;ADN823;FAR3BONDEN3_SCALE_2024-07-07_4_02;51.0;FAR3BONDEN3_SCALE;2024-07-07;4;2
0;ADN908;FAR3BONDEN3_SCALE_2024-07-08_5_01;10.0;FAR3BONDEN3_SCALE;2024-07-08;5;1
0;ADP784;FAR3BONDEN3_SCALE_2024-07-08_6_04;50.0;FAR3BONDEN3_SCALE;2024-07-08;6;4
0;ADN823;FAR3BONDEN3_SCALE_2024-07-08_13_07;59.0;FAR3BONDEN3_SCALE;2024-07-08;13;7
0;ADN823;FAR3BONDEN3_SCALE_2024-07-08_12_06;152.0;FAR3BONDEN3_SCALE;2024-07-08;12;6
0;ADN823;FAR3BONDEN3_SCALE_2024-07-08_19_10;72.0;FAR3BONDEN3_SCALE;2024-07-08;19;10
0;ADN823;FAR3BONDEN3_SCALE_2024-07-08_14_08;63.0;FAR3BONDEN3_SCALE;2024-07-08;14;8
0;ADP784;FAR3BONDEN3_SCALE_2024-07-08_10_05;12.0;FAR3BONDEN3_SCALE;2024-07-08;10;5
0;ADP784;FAR3BONDEN3_SCALE_2024-07-08_5_03;50.0;FAR3BONDEN3_SCALE;2024-07-08;5;3
0;ADN823;FAR3BONDEN3_SCALE_2024-07-09_6_04;238.0;FAR3BONDEN3_SCALE;2024-07-09;6;4
0;ADN823;FAR3BONDEN3_SCALE_2024-07-09_9_07;64.0;FAR3BONDEN3_SCALE;2024-07-09;9;7
0;ADN823;FAR3BONDEN3_SCALE_2024-07-09_4_03;262.0;FAR3BONDEN3_SCALE;2024-07-09;4;3
0;ADN823;FAR3BONDEN3_SCALE_2024-07-09_11_09;54.0;FAR3BONDEN3_SCALE;2024-07-09;11;9
0;ADN823;FAR3BONDEN3_SCALE_2024-07-09_7_05;18.0;FAR3BONDEN3_SCALE;2024-07-09;7;5
0;ADN823;FAR3BONDEN3_SCALE_2024-07-09_7_06;50.0;FAR3BONDEN3_SCALE;2024-07-09;7;6
0;ADG442;FAR3BONDEN3_SCALE_2024-07-10_19_08;112.0;FAR3BONDEN3_SCALE;2024-07-10;19;8
0;ADG442;FAR3BONDEN3_SCALE_2024-07-10_10_02;17.0;FAR3BONDEN3_SCALE;2024-07-10;10;2
0;ADG442;FAR3BONDEN3_SCALE_2024-07-10_15_06;17.0;FAR3BONDEN3_SCALE;2024-07-10;15;6
0;ADN908;FAR3BONDEN3_SCALE_2024-07-10_13_03;10.0;FAR3BONDEN3_SCALE;2024-07-10;13;3
0;ADG442;FAR3BONDEN3_SCALE_2024-07-10_9_01;61.0;FAR3BONDEN3_SCALE;2024-07-10;9;1
0;ADG442;FAR3BONDEN3_SCALE_2024-07-10_8_00;6.0;FAR3BONDEN3_SCALE;2024-07-10;8;0
0;ADG442;FAR3BONDEN3_SCALE_2024-07-10_16_07;23.0;FAR3BONDEN3_SCALE;2024-07-10;16;7
0;ADG442;FAR3BONDEN3_SCALE_2024-07-10_14_05;60.0;FAR3BONDEN3_SCALE;2024-07-10;14;5
0;ADA513;FAR3BONDEN3_SCALE_2024-07-11_10_07;8.0;FAR3BONDEN3_SCALE;2024-07-11;10;7
0;ADA513;FAR3BONDEN3_SCALE_2024-07-11_11_08;61.0;FAR3BONDEN3_SCALE;2024-07-11;11;8
0;ADG442;FAR3BONDEN3_SCALE_2024-07-11_12_11;1.0;FAR3BONDEN3_SCALE;2024-07-11;12;11
0;ADN823;FAR3BONDEN3_SCALE_2024-07-11_20_16;185.0;FAR3BONDEN3_SCALE;2024-07-11;20;16
0;ADN823;FAR3BONDEN3_SCALE_2024-07-11_5_04;31.0;FAR3BONDEN3_SCALE;2024-07-11;5;4
0;ADN908;FAR3BONDEN3_SCALE_2024-07-11_20_17;2.0;FAR3BONDEN3_SCALE;2024-07-11;20;17
0;ADN908;FAR3BONDEN3_SCALE_2024-07-11_22_18;5.0;FAR3BONDEN3_SCALE;2024-07-11;22;18
0;ADP771;FAR3BONDEN3_SCALE_2024-07-11_19_15;29.0;FAR3BONDEN3_SCALE;2024-07-11;19;15
0;ADG442;FAR3BONDEN3_SCALE_2024-07-11_5_03;15.0;FAR3BONDEN3_SCALE;2024-07-11;5;3
0;ADN823;FAR3BONDEN3_SCALE_2024-07-11_4_02;22.0;FAR3BONDEN3_SCALE;2024-07-11;4;2
0;ADG442;FAR3BONDEN3_SCALE_2024-07-11_12_10;47.0;FAR3BONDEN3_SCALE;2024-07-11;12;10
0;ADG442;FAR3BONDEN3_SCALE_2024-07-11_9_06;1.0;FAR3BONDEN3_SCALE;2024-07-11;9;6
0;ADP784;FAR3BONDEN3_SCALE_2024-07-12_21_13;2.0;FAR3BONDEN3_SCALE;2024-07-12;21;13
0;ADG442;FAR3BONDEN3_SCALE_2024-07-12_12_08;2.0;FAR3BONDEN3_SCALE;2024-07-12;12;8
0;ADG442;FAR3BONDEN3_SCALE_2024-07-12_9_03;41.0;FAR3BONDEN3_SCALE;2024-07-12;9;3
0;ADN908;FAR3BONDEN3_SCALE_2024-07-12_9_02;1.0;FAR3BONDEN3_SCALE;2024-07-12;9;2
0;ADN908;FAR3BONDEN3_SCALE_2024-07-12_9_04;5.0;FAR3BONDEN3_SCALE;2024-07-12;9;4
0;ADG442;FAR3BONDEN3_SCALE_2024-07-12_11_07;3.0;FAR3BONDEN3_SCALE;2024-07-12;11;7
0;ADG442;FAR3BONDEN3_SCALE_2024-07-12_12_09;102.0;FAR3BONDEN3_SCALE;2024-07-12;12;9
0;AAR472;FAR3BONDEN3_SCALE_2024-07-13_6_02;5.0;FAR3BONDEN3_SCALE;2024-07-13;6;2
0;ADG442;FAR3BONDEN3_SCALE_2024-07-13_6_01;64.0;FAR3BONDEN3_SCALE;2024-07-13;6;1
0;ADG442;FAR3BONDEN3_SCALE_2024-07-13_11_03;21.0;FAR3BONDEN3_SCALE;2024-07-13;11;3
0;ADE500;FAR3BONDEN3_SCALE_2024-07-13_16_04;63.0;FAR3BONDEN3_SCALE;2024-07-13;16;4
0;ADG442;FAR3BONDEN3_SCALE_2024-07-13_4_00;44.0;FAR3BONDEN3_SCALE;2024-07-13;4;0
0;ABH792;FAR3BONDEN3_SCALE_2024-07-13_17_05;13.0;FAR3BONDEN3_SCALE;2024-07-13;17;5
0;ADP470;FAR3BONDEN3_SCALE_2024-07-14_21_20;5.0;FAR3BONDEN3_SCALE;2024-07-14;21;20
0;ADG442;FAR3BONDEN3_SCALE_2024-07-14_9_07;27.0;FAR3BONDEN3_SCALE;2024-07-14;9;7
0;ADG442;FAR3BONDEN3_SCALE_2024-07-14_13_11;53.0;FAR3BONDEN3_SCALE;2024-07-14;13;11
0;ADP784;FAR3BONDEN3_SCALE_2024-07-14_11_09;13.0;FAR3BONDEN3_SCALE;2024-07-14;11;9
0;ADN823;FAR3BONDEN3_SCALE_2024-07-14_4_00;61.0;FAR3BONDEN3_SCALE;2024-07-14;4;0
0;ADG442;FAR3BONDEN3_SCALE_2024-07-14_19_16;90.0;FAR3BONDEN3_SCALE;2024-07-14;19;16
0;ADG442;FAR3BONDEN3_SCALE_2024-07-14_10_08;143.0;FAR3BONDEN3_SCALE;2024-07-14;10;8
0;ADR423;FAR3BONDEN3_SCALE_2024-07-14_16_14;10.0;FAR3BONDEN3_SCALE;2024-07-14;16;14
0;ADN823;FAR3BONDEN3_SCALE_2024-07-14_5_01;26.0;FAR3BONDEN3_SCALE;2024-07-14;5;1
0;AAR472;FAR3BONDEN3_SCALE_2024-07-14_15_12;13.0;FAR3BONDEN3_SCALE;2024-07-14;15;12
0;ADP784;FAR3BONDEN3_SCALE_2024-07-14_19_19;29.0;FAR3BONDEN3_SCALE;2024-07-14;19;19
0;ACH286;FAR3BONDEN3_SCALE_2024-07-14_6_04;1.0;FAR3BONDEN3_SCALE;2024-07-14;6;4
0;ADN823;FAR3BONDEN3_SCALE_2024-07-14_5_02;199.0;FAR3BONDEN3_SCALE;2024-07-14;5;2
0;ADN908;FAR3BONDEN3_SCALE_2024-07-14_22_22;9.0;FAR3BONDEN3_SCALE;2024-07-14;22;22
0;ADG442;FAR3BONDEN3_SCALE_2024-07-14_18_15;18.0;FAR3BONDEN3_SCALE;2024-07-14;18;15
0;ADG442;FAR3BONDEN3_SCALE_2024-07-14_5_03;2.0;FAR3BONDEN3_SCALE;2024-07-14;5;3
0;ADG442;FAR3BONDEN3_SCALE_2024-07-14_19_18;1.0;FAR3BONDEN3_SCALE;2024-07-14;19;18
0;ADG442;FAR3BONDEN3_SCALE_2024-07-14_7_05;86.0;FAR3BONDEN3_SCALE;2024-07-14;7;5
0;ADP784;FAR3BONDEN3_SCALE_2024-07-14_13_10;6.0;FAR3BONDEN3_SCALE;2024-07-14;13;10
0;ADG442;FAR3BONDEN3_SCALE_2024-07-15_4_02;2.0;FAR3BONDEN3_SCALE;2024-07-15;4;2
0;ADR003;FAR3BONDEN3_SCALE_2024-07-15_18_11;48.0;FAR3BONDEN3_SCALE;2024-07-15;18;11
0;ADP771;FAR3BONDEN3_SCALE_2024-07-15_3_01;2.0;FAR3BONDEN3_SCALE;2024-07-15;3;1
0;ADG442;FAR3BONDEN3_SCALE_2024-07-15_7_05;18.0;FAR3BONDEN3_SCALE;2024-07-15;7;5
0;ADE005;FAR3BONDEN3_SCALE_2024-07-15_18_12;32.0;FAR3BONDEN3_SCALE;2024-07-15;18;12
0;ADP777;FAR3BONDEN3_SCALE_2024-07-15_3_00;4.0;FAR3BONDEN3_SCALE;2024-07-15;3;0
0;ADP784;FAR3BONDEN3_SCALE_2024-07-15_4_03;20.0;FAR3BONDEN3_SCALE;2024-07-15;4;3
0;ADG442;FAR3BONDEN3_SCALE_2024-07-15_5_04;22.0;FAR3BONDEN3_SCALE;2024-07-15;5;4
0;ACP281;FAR3BONDEN3_SCALE_2024-07-16_5_02;18.0;FAR3BONDEN3_SCALE;2024-07-16;5;2
0;ADP784;FAR3BONDEN3_SCALE_2024-07-16_5_01;59.0;FAR3BONDEN3_SCALE;2024-07-16;5;1
0;ADG442;FAR3BONDEN3_SCALE_2024-07-16_11_08;61.0;FAR3BONDEN3_SCALE;2024-07-16;11;8
0;ADN823;FAR3BONDEN3_SCALE_2024-07-16_14_12;52.0;FAR3BONDEN3_SCALE;2024-07-16;14;12
0;ADG442;FAR3BONDEN3_SCALE_2024-07-16_7_03;51.0;FAR3BONDEN3_SCALE;2024-07-16;7;3
0;ADG442;FAR3BONDEN3_SCALE_2024-07-17_7_03;10.0;FAR3BONDEN3_SCALE;2024-07-17;7;3
0;ADP784;FAR3BONDEN3_SCALE_2024-07-17_8_05;1.0;FAR3BONDEN3_SCALE;2024-07-17;8;5
0;ADN908;FAR3BONDEN3_SCALE_2024-07-17_18_13;85.0;FAR3BONDEN3_SCALE;2024-07-17;18;13
0;ADR268;FAR3BONDEN3_SCALE_2024-07-17_10_08;70.0;FAR3BONDEN3_SCALE;2024-07-17;10;8
0;ADP771;FAR3BONDEN3_SCALE_2024-07-17_5_01;5.0;FAR3BONDEN3_SCALE;2024-07-17;5;1
0;ADP771;FAR3BONDEN3_SCALE_2024-07-17_15_10;21.0;FAR3BONDEN3_SCALE;2024-07-17;15;10
0;ADG442;FAR3BONDEN3_SCALE_2024-07-17_6_02;23.0;FAR3BONDEN3_SCALE;2024-07-17;6;2
0;ADN908;FAR3BONDEN3_SCALE_2024-07-17_21_14;2.0;FAR3BONDEN3_SCALE;2024-07-17;21;14
0;ADP875;FAR3BONDEN3_SCALE_2024-07-18_8_07;17.0;FAR3BONDEN3_SCALE;2024-07-18;8;7
0;ADN908;FAR3BONDEN3_SCALE_2024-07-18_5_03;25.0;FAR3BONDEN3_SCALE;2024-07-18;5;3
0;ADE620;FAR3BONDEN3_SCALE_2024-07-18_7_05;1.0;FAR3BONDEN3_SCALE;2024-07-18;7;5
0;ADP784;FAR3BONDEN3_SCALE_2024-07-18_3_00;16.0;FAR3BONDEN3_SCALE;2024-07-18;3;0
0;ACP281;FAR3BONDEN3_SCALE_2024-07-18_7_06;3.0;FAR3BONDEN3_SCALE;2024-07-18;7;6
0;ADN908;FAR3BONDEN3_SCALE_2024-07-18_6_04;26.0;FAR3BONDEN3_SCALE;2024-07-18;6;4
0;ADE500;FAR3BONDEN3_SCALE_2024-07-25_10_03;6.0;FAR3BONDEN3_SCALE;2024-07-25;10;3
0;ADP784;FAR3BONDEN3_SCALE_2024-07-25_10_04;23.0;FAR3BONDEN3_SCALE;2024-07-25;10;4
0;ADN908;FAR3BONDEN3_SCALE_2024-07-26_15_01;4.0;FAR3BONDEN3_SCALE;2024-07-26;15;1
0;ADP791;FAR3BONDEN3_SCALE_2024-07-27_5_00;7.0;FAR3BONDEN3_SCALE;2024-07-27;5;0
0;ADP784;FAR3BONDEN3_SCALE_2024-07-27_16_04;16.0;FAR3BONDEN3_SCALE;2024-07-27;16;4
0;ADP799;FAR3BONDEN3_SCALE_2024-07-27_20_05;31.0;FAR3BONDEN3_SCALE;2024-07-27;20;5
0;ADP784;FAR3BONDEN3_SCALE_2024-07-27_9_03;16.0;FAR3BONDEN3_SCALE;2024-07-27;9;3
0;ADN792;FAR3BONDEN3_SCALE_2024-07-28_20_04;32.0;FAR3BONDEN3_SCALE;2024-07-28;20;4
0;ADE005;FAR3BONDEN3_SCALE_2024-07-28_19_03;16.0;FAR3BONDEN3_SCALE;2024-07-28;19;3
0;ADE005;FAR3BONDEN3_SCALE_2024-07-28_8_01;2.0;FAR3BONDEN3_SCALE;2024-07-28;8;1
0;ADE005;FAR3BONDEN3_SCALE_2024-07-28_10_02;35.0;FAR3BONDEN3_SCALE;2024-07-28;10;2
0;ADE005;FAR3BONDEN3_SCALE_2024-07-29_9_00;10.0;FAR3BONDEN3_SCALE;2024-07-29;9;0
0;ADE009;FAR6_SCALE_2023-05-11_17_30;4.0;FAR6_SCALE;2023-05-11;17;30
0;ADE800;FAR6_SCALE_2023-05-12_16_27;4.0;FAR6_SCALE;2023-05-12;16;27
0;ADP500;FAR6_SCALE_2023-05-21_18_18;1.0;FAR6_SCALE;2023-05-21;18;18
0;ACL210;FAR6_SCALE_2023-06-02_5_48;26.0;FAR6_SCALE;2023-06-02;5;48
0;ADE000;FAR6_SCALE_2023-06-07_12_69;15.0;FAR6_SCALE;2023-06-07;12;69
0;ADE000;FAR6_SCALE_2023-06-19_13_53;6.0;FAR6_SCALE;2023-06-19;13;53
0;ADE019;FAR6_SCALE_2023-06-19_8_49;1.0;FAR6_SCALE;2023-06-19;8;49
0;ADN764;FAR6_SCALE_2023-06-20_11_49;3.0;FAR6_SCALE;2023-06-20;11;49
0;ADE000;FAR6_SCALE_2023-06-20_11_52;1.0;FAR6_SCALE;2023-06-20;11;52
0;ADN764;FAR6_SCALE_2023-06-21_17_69;35.0;FAR6_SCALE;2023-06-21;17;69
0;ADN764;FAR6_SCALE_2023-06-21_6_43;5.0;FAR6_SCALE;2023-06-21;6;43
0;ADE000;FAR6_SCALE_2023-06-21_12_61;1.0;FAR6_SCALE;2023-06-21;12;61
0;ADE000;FAR6_SCALE_2023-06-22_9_68;2.0;FAR6_SCALE;2023-06-22;9;68
0;ADN764;FAR6_SCALE_2023-06-23_9_51;1.0;FAR6_SCALE;2023-06-23;9;51
0;ADN764;FAR6_SCALE_2023-06-23_7_45;7.0;FAR6_SCALE;2023-06-23;7;45
0;ADN764;FAR6_SCALE_2023-06-26_7_78;1.0;FAR6_SCALE;2023-06-26;7;78
0;ADN899;FAR6_SCALE_2023-06-27_8_86;3.0;FAR6_SCALE;2023-06-27;8;86
0;ADN764;FAR6_SCALE_2023-06-30_12_92;1.0;FAR6_SCALE;2023-06-30;12;92
0;ADN763;FAR6_SCALE_2023-06-30_6_78;2.0;FAR6_SCALE;2023-06-30;6;78
0;ADN764;FAR6_SCALE_2023-07-01_15_91;2.0;FAR6_SCALE;2023-07-01;15;91
0;ADN754;FAR6_SCALE_2023-07-01_9_81;1.0;FAR6_SCALE;2023-07-01;9;81
0;ADN764;FAR6_SCALE_2023-07-01_15_89;1.0;FAR6_SCALE;2023-07-01;15;89
0;ADE000;FAR6_SCALE_2023-07-01_7_76;1.0;FAR6_SCALE;2023-07-01;7;76
0;ADN763;FAR6_SCALE_2023-07-01_7_75;8.0;FAR6_SCALE;2023-07-01;7;75
0;ADN764;FAR6_SCALE_2023-07-02_19_43;3.0;FAR6_SCALE;2023-07-02;19;43
0;ADN764;FAR6_SCALE_2023-07-04_10_45;1.0;FAR6_SCALE;2023-07-04;10;45
0;ADP724;FAR6_SCALE_2023-07-05_11_60;1.0;FAR6_SCALE;2023-07-05;11;60
0;ADN764;FAR6_SCALE_2023-07-05_18_71;2.0;FAR6_SCALE;2023-07-05;18;71
0;ADN764;FAR6_SCALE_2023-07-05_19_75;4.0;FAR6_SCALE;2023-07-05;19;75
0;ADN763;FAR6_SCALE_2023-07-06_6_59;4.0;FAR6_SCALE;2023-07-06;6;59
0;ADS155;FAR6_SCALE_2023-07-06_13_65;8.0;FAR6_SCALE;2023-07-06;13;65
0;ADN763;FAR6_SCALE_2023-07-06_4_55;8.0;FAR6_SCALE;2023-07-06;4;55
0;ADS155;FAR6_SCALE_2023-07-07_17_52;20.0;FAR6_SCALE;2023-07-07;17;52
0;ADS155;FAR6_SCALE_2023-07-08_18_52;7.0;FAR6_SCALE;2023-07-08;18;52
0;ADN764;FAR6_SCALE_2023-07-08_10_48;3.0;FAR6_SCALE;2023-07-08;10;48
0;ADS155;FAR6_SCALE_2023-07-09_5_33;1.0;FAR6_SCALE;2023-07-09;5;33
0;ADE019;FAR6_SCALE_2023-07-09_12_48;36.0;FAR6_SCALE;2023-07-09;12;48
0;ADN764;FAR6_SCALE_2023-07-10_13_37;1.0;FAR6_SCALE;2023-07-10;13;37
0;ADS155;FAR6_SCALE_2023-07-10_22_43;3.0;FAR6_SCALE;2023-07-10;22;43
0;ADN764;FAR6_SCALE_2023-07-10_8_25;1.0;FAR6_SCALE;2023-07-10;8;25
0;ADN764;FAR6_SCALE_2023-07-11_14_54;13.0;FAR6_SCALE;2023-07-11;14;54
0;ADS155;FAR6_SCALE_2023-07-12_19_71;4.0;FAR6_SCALE;2023-07-12;19;71
0;ADS155;FAR6_SCALE_2023-07-12_20_77;1.0;FAR6_SCALE;2023-07-12;20;77
0;ACL780;FAR6_SCALE_2023-07-12_19_74;1.0;FAR6_SCALE;2023-07-12;19;74
0;ADS155;FAR6_SCALE_2023-07-12_17_65;49.0;FAR6_SCALE;2023-07-12;17;65
0;ADE019;FAR6_SCALE_2023-07-12_13_52;3.0;FAR6_SCALE;2023-07-12;13;52
0;ADN764;FAR6_SCALE_2023-07-12_8_38;10.0;FAR6_SCALE;2023-07-12;8;38
0;ADE019;FAR6_SCALE_2023-07-12_8_40;7.0;FAR6_SCALE;2023-07-12;8;40
0;ADN764;FAR6_SCALE_2023-07-12_5_30;1.0;FAR6_SCALE;2023-07-12;5;30
0;ADN764;FAR6_SCALE_2023-07-12_6_34;1.0;FAR6_SCALE;2023-07-12;6;34
0;ADN764;FAR6_SCALE_2023-07-13_6_46;1.0;FAR6_SCALE;2023-07-13;6;46
0;ADS155;FAR6_SCALE_2023-07-13_4_40;4.0;FAR6_SCALE;2023-07-13;4;40
0;ADS155;FAR6_SCALE_2023-07-14_8_52;2.0;FAR6_SCALE;2023-07-14;8;52
0;ADS155;FAR6_SCALE_2023-07-14_9_54;8.0;FAR6_SCALE;2023-07-14;9;54
0;ADS155;FAR6_SCALE_2023-07-14_12_61;2.0;FAR6_SCALE;2023-07-14;12;61
0;ADS155;FAR6_SCALE_2023-07-14_7_48;2.0;FAR6_SCALE;2023-07-14;7;48
0;ADS155;FAR6_SCALE_2023-07-14_10_60;1.0;FAR6_SCALE;2023-07-14;10;60
0;ADS155;FAR6_SCALE_2023-07-14_9_57;3.0;FAR6_SCALE;2023-07-14;9;57
0;ADS155;FAR6_SCALE_2023-07-14_8_50;18.0;FAR6_SCALE;2023-07-14;8;50
0;ADS155;FAR6_SCALE_2023-07-14_9_53;7.0;FAR6_SCALE;2023-07-14;9;53
0;ADS155;FAR6_SCALE_2023-07-15_4_17;5.0;FAR6_SCALE;2023-07-15;4;17
0;ADS155;FAR6_SCALE_2023-07-16_20_32;6.0;FAR6_SCALE;2023-07-16;20;32
0;ACL210;FAR6_SCALE_2023-07-16_11_29;6.0;FAR6_SCALE;2023-07-16;11;29
0;ADS155;FAR6_SCALE_2023-07-17_4_41;5.0;FAR6_SCALE;2023-07-17;4;41
0;ADS155;FAR6_SCALE_2023-07-17_9_44;1.0;FAR6_SCALE;2023-07-17;9;44
0;ADN764;FAR6_SCALE_2024-05-18_7_22;6.0;FAR6_SCALE;2024-05-18;7;22
0;ADA513;FAR6_SCALE_2024-05-18_9_30;9.0;FAR6_SCALE;2024-05-18;9;30
0;ADN764;FAR6_SCALE_2024-05-19_13_39;4.0;FAR6_SCALE;2024-05-19;13;39
0;ADN764;FAR6_SCALE_2024-05-19_8_23;3.0;FAR6_SCALE;2024-05-19;8;23
0;ADN764;FAR6_SCALE_2024-05-19_4_04;4.0;FAR6_SCALE;2024-05-19;4;4
0;ADN764;FAR6_SCALE_2024-05-20_5_03;2.0;FAR6_SCALE;2024-05-20;5;3
0;ADD188;FAR6_SCALE_2024-05-21_11_22;1.0;FAR6_SCALE;2024-05-21;11;22
0;ADA513;FAR6_SCALE_2024-05-22_11_08;1.0;FAR6_SCALE;2024-05-22;11;8
0;ADN754;FAR6_SCALE_2024-05-23_9_02;1.0;FAR6_SCALE;2024-05-23;9;2
0;ADR240;FAR6_SCALE_2024-06-03_20_27;3.0;FAR6_SCALE;2024-06-03;20;27
0;ADN763;FAR6_SCALE_2024-06-06_13_27;1.0;FAR6_SCALE;2024-06-06;13;27
0;ADP488;FAR6_SCALE_2024-06-06_21_61;4.0;FAR6_SCALE;2024-06-06;21;61
0;ADP799;FAR6_SCALE_2024-06-06_17_41;8.0;FAR6_SCALE;2024-06-06;17;41
0;ADD700;FAR6_SCALE_2024-06-06_3_05;1.0;FAR6_SCALE;2024-06-06;3;5
0;ADA234;FAR6_SCALE_2024-06-07_4_07;1.0;FAR6_SCALE;2024-06-07;4;7
0;ADR260;FAR6_SCALE_2024-06-07_13_20;2.0;FAR6_SCALE;2024-06-07;13;20
0;ADP708;FAR6_SCALE_2024-06-07_19_33;2.0;FAR6_SCALE;2024-06-07;19;33
0;ADN263;FAR6_SCALE_2024-06-07_17_25;1.0;FAR6_SCALE;2024-06-07;17;25
0;ADN763;FAR6_SCALE_2024-06-07_18_30;6.0;FAR6_SCALE;2024-06-07;18;30
0;ADA240;FAR6_SCALE_2024-06-08_4_10;1.0;FAR6_SCALE;2024-06-08;4;10
0;ADP708;FAR6_SCALE_2024-06-08_19_42;9.0;FAR6_SCALE;2024-06-08;19;42
0;ADP708;FAR6_SCALE_2024-06-09_4_01;5.0;FAR6_SCALE;2024-06-09;4;1
0;ADP708;FAR6_SCALE_2024-06-09_5_10;1.0;FAR6_SCALE;2024-06-09;5;10
0;ADR240;FAR6_SCALE_2024-06-11_6_08;1.0;FAR6_SCALE;2024-06-11;6;8
0;ADR576;FAR6_SCALE_2024-06-11_5_06;1.0;FAR6_SCALE;2024-06-11;5;6
0;ADR234;FAR6_SCALE_2024-06-11_4_01;14.0;FAR6_SCALE;2024-06-11;4;1
0;ADR232;FAR6_SCALE_2024-06-11_7_10;2.0;FAR6_SCALE;2024-06-11;7;10
0;ADN763;FAR6_SCALE_2024-06-12_10_43;3.0;FAR6_SCALE;2024-06-12;10;43
0;ADN763;FAR6_SCALE_2024-06-13_7_11;2.0;FAR6_SCALE;2024-06-13;7;11
0;ADN763;FAR6_SCALE_2024-06-13_5_01;1.0;FAR6_SCALE;2024-06-13;5;1
0;ADE990;FAR6_SCALE_2024-06-13_12_28;3.0;FAR6_SCALE;2024-06-13;12;28
0;ADP488;FAR6_SCALE_2024-06-13_21_44;4.0;FAR6_SCALE;2024-06-13;21;44
0;ADN201;FAR6_SCALE_2024-06-15_14_16;1.0;FAR6_SCALE;2024-06-15;14;16
0;ADN763;FAR6_SCALE_2024-06-15_15_19;7.0;FAR6_SCALE;2024-06-15;15;19
0;ADA513;FAR6_SCALE_2024-06-15_8_06;2.0;FAR6_SCALE;2024-06-15;8;6
0;ADN763;FAR6_SCALE_2024-06-15_19_25;3.0;FAR6_SCALE;2024-06-15;19;25
0;ADN763;FAR6_SCALE_2024-06-15_19_29;3.0;FAR6_SCALE;2024-06-15;19;29
0;ADN792;FAR6_SCALE_2024-06-15_18_23;14.0;FAR6_SCALE;2024-06-15;18;23
0;ADE062;FAR6_SCALE_2024-06-15_15_18;1.0;FAR6_SCALE;2024-06-15;15;18
0;ADN792;FAR6_SCALE_2024-06-15_18_22;8.0;FAR6_SCALE;2024-06-15;18;22
0;ADP488;FAR6_SCALE_2024-06-15_10_08;12.0;FAR6_SCALE;2024-06-15;10;8
0;ADE010;FAR6_SCALE_2024-06-15_14_15;3.0;FAR6_SCALE;2024-06-15;14;15
0;ADN763;FAR6_SCALE_2024-06-15_15_20;2.0;FAR6_SCALE;2024-06-15;15;20
0;ADN763;FAR6_SCALE_2024-06-15_19_26;2.0;FAR6_SCALE;2024-06-15;19;26
0;ADN263;FAR6_SCALE_2024-06-15_15_17;1.0;FAR6_SCALE;2024-06-15;15;17
0;ADN763;FAR6_SCALE_2024-06-15_12_10;27.0;FAR6_SCALE;2024-06-15;12;10
0;ADN763;FAR6_SCALE_2024-06-16_10_17;3.0;FAR6_SCALE;2024-06-16;10;17
0;ADR240;FAR6_SCALE_2024-06-16_4_04;20.0;FAR6_SCALE;2024-06-16;4;4
0;ADN763;FAR6_SCALE_2024-06-16_12_22;2.0;FAR6_SCALE;2024-06-16;12;22
0;ADN792;FAR6_SCALE_2024-06-16_7_10;3.0;FAR6_SCALE;2024-06-16;7;10
0;ADE019;FAR6_SCALE_2024-06-17_13_40;9.0;FAR6_SCALE;2024-06-17;13;40
0;ADN763;FAR6_SCALE_2024-06-17_7_28;5.0;FAR6_SCALE;2024-06-17;7;28
0;ADR240;FAR6_SCALE_2024-06-17_8_30;1.0;FAR6_SCALE;2024-06-17;8;30
0;ADA513;FAR6_SCALE_2024-06-17_4_02;2.0;FAR6_SCALE;2024-06-17;4;2
0;ADP875;FAR6_SCALE_2024-06-17_21_47;2.0;FAR6_SCALE;2024-06-17;21;47
0;ADR240;FAR6_SCALE_2024-06-17_6_16;1.0;FAR6_SCALE;2024-06-17;6;16
0;ADR240;FAR6_SCALE_2024-06-17_8_29;4.0;FAR6_SCALE;2024-06-17;8;29
0;ADE019;FAR6_SCALE_2024-06-17_7_24;1.0;FAR6_SCALE;2024-06-17;7;24
0;ADP875;FAR6_SCALE_2024-06-17_22_49;3.0;FAR6_SCALE;2024-06-17;22;49
0;ADR240;FAR6_SCALE_2024-06-18_14_34;84.0;FAR6_SCALE;2024-06-18;14;34
0;ADP708;FAR6_SCALE_2024-06-18_4_01;1.0;FAR6_SCALE;2024-06-18;4;1
0;ADE019;FAR6_SCALE_2024-06-18_7_13;1.0;FAR6_SCALE;2024-06-18;7;13
0;ADN763;FAR6_SCALE_2024-06-18_12_26;7.0;FAR6_SCALE;2024-06-18;12;26
0;ADP652;FAR6_SCALE_2024-06-18_13_31;4.0;FAR6_SCALE;2024-06-18;13;31
0;ADN763;FAR6_SCALE_2024-06-18_5_04;2.0;FAR6_SCALE;2024-06-18;5;4
0;ADN253;FAR6_SCALE_2024-06-18_5_06;1.0;FAR6_SCALE;2024-06-18;5;6
0;ADP770;FAR6_SCALE_2024-06-19_8_22;1.0;FAR6_SCALE;2024-06-19;8;22
0;ADN763;FAR6_SCALE_2024-06-19_7_10;1.0;FAR6_SCALE;2024-06-19;7;10
0;ADN763;FAR6_SCALE_2024-06-19_9_24;2.0;FAR6_SCALE;2024-06-19;9;24
0;ADN763;FAR6_SCALE_2024-06-19_12_41;5.0;FAR6_SCALE;2024-06-19;12;41
0;ADN763;FAR6_SCALE_2024-06-19_12_40;4.0;FAR6_SCALE;2024-06-19;12;40
0;ADN763;FAR6_SCALE_2024-06-19_10_29;1.0;FAR6_SCALE;2024-06-19;10;29
0;ADN763;FAR6_SCALE_2024-06-19_4_01;1.0;FAR6_SCALE;2024-06-19;4;1
0;ADN763;FAR6_SCALE_2024-06-19_14_44;5.0;FAR6_SCALE;2024-06-19;14;44
0;ADE790;FAR6_SCALE_2024-06-19_7_17;3.0;FAR6_SCALE;2024-06-19;7;17
0;ADE019;FAR6_SCALE_2024-06-19_4_03;1.0;FAR6_SCALE;2024-06-19;4;3
0;ADP770;FAR6_SCALE_2024-06-19_8_21;1.0;FAR6_SCALE;2024-06-19;8;21
0;ADP708;FAR6_SCALE_2024-06-19_10_28;7.0;FAR6_SCALE;2024-06-19;10;28
0;ADE019;FAR6_SCALE_2024-06-19_5_07;4.0;FAR6_SCALE;2024-06-19;5;7
0;ADE990;FAR6_SCALE_2024-06-19_7_16;9.0;FAR6_SCALE;2024-06-19;7;16
0;ADE019;FAR6_SCALE_2024-06-19_4_04;1.0;FAR6_SCALE;2024-06-19;4;4
0;ADN763;FAR6_SCALE_2024-06-20_17_46;1.0;FAR6_SCALE;2024-06-20;17;46
0;ADN763;FAR6_SCALE_2024-06-20_11_29;6.0;FAR6_SCALE;2024-06-20;11;29
0;ADN792;FAR6_SCALE_2024-06-20_17_45;3.0;FAR6_SCALE;2024-06-20;17;45
0;ADP787;FAR6_SCALE_2024-06-20_6_12;2.0;FAR6_SCALE;2024-06-20;6;12
0;ADN763;FAR6_SCALE_2024-06-21_5_10;2.0;FAR6_SCALE;2024-06-21;5;10
0;ADR652;FAR6_SCALE_2024-06-21_9_18;1.0;FAR6_SCALE;2024-06-21;9;18
0;ADN792;FAR6_SCALE_2024-06-21_9_17;8.0;FAR6_SCALE;2024-06-21;9;17
0;ADN763;FAR6_SCALE_2024-06-21_8_13;1.0;FAR6_SCALE;2024-06-21;8;13
0;ADN267;FAR6_SCALE_2024-06-21_12_24;2.0;FAR6_SCALE;2024-06-21;12;24
0;ADN763;FAR6_SCALE_2024-06-22_13_30;3.0;FAR6_SCALE;2024-06-22;13;30
0;ADE019;FAR6_SCALE_2024-06-22_14_43;5.0;FAR6_SCALE;2024-06-22;14;43
0;ADE990;FAR6_SCALE_2024-06-22_11_22;12.0;FAR6_SCALE;2024-06-22;11;22
0;ADP652;FAR6_SCALE_2024-06-22_4_03;4.0;FAR6_SCALE;2024-06-22;4;3
0;ADE019;FAR6_SCALE_2024-06-22_12_28;10.0;FAR6_SCALE;2024-06-22;12;28
0;ADE990;FAR6_SCALE_2024-06-22_14_46;7.0;FAR6_SCALE;2024-06-22;14;46
0;ADR240;FAR6_SCALE_2024-06-22_5_06;7.0;FAR6_SCALE;2024-06-22;5;6
0;ADN763;FAR6_SCALE_2024-06-22_12_29;21.0;FAR6_SCALE;2024-06-22;12;29
0;ADS402;FAR6_SCALE_2024-06-22_7_14;3.0;FAR6_SCALE;2024-06-22;7;14
0;ADE000;FAR6_SCALE_2024-06-22_11_24;5.0;FAR6_SCALE;2024-06-22;11;24
0;ADS402;FAR6_SCALE_2024-06-22_7_13;7.0;FAR6_SCALE;2024-06-22;7;13
0;ADE000;FAR6_SCALE_2024-06-22_11_26;2.0;FAR6_SCALE;2024-06-22;11;26
0;ADE019;FAR6_SCALE_2024-06-22_5_07;1.0;FAR6_SCALE;2024-06-22;5;7
0;ADE086;FAR6_SCALE_2024-06-22_14_41;1.0;FAR6_SCALE;2024-06-22;14;41
0;ADR240;FAR6_SCALE_2024-06-22_14_34;26.0;FAR6_SCALE;2024-06-22;14;34
0;ADN763;FAR6_SCALE_2024-06-22_5_05;4.0;FAR6_SCALE;2024-06-22;5;5
0;ADN763;FAR6_SCALE_2024-06-22_16_56;34.0;FAR6_SCALE;2024-06-22;16;56
0;ADP652;FAR6_SCALE_2024-06-23_15_11;5.0;FAR6_SCALE;2024-06-23;15;11
0;ADN763;FAR6_SCALE_2024-06-23_21_35;1.0;FAR6_SCALE;2024-06-23;21;35
0;ADN763;FAR6_SCALE_2024-06-23_17_20;7.0;FAR6_SCALE;2024-06-23;17;20
0;ADN763;FAR6_SCALE_2024-06-23_17_22;5.0;FAR6_SCALE;2024-06-23;17;22
0;ADP770;FAR6_SCALE_2024-06-23_18_23;75.0;FAR6_SCALE;2024-06-23;18;23
0;ADN763;FAR6_SCALE_2024-06-23_20_34;4.0;FAR6_SCALE;2024-06-23;20;34
0;ADP770;FAR6_SCALE_2024-06-23_17_19;22.0;FAR6_SCALE;2024-06-23;17;19
0;ADP770;FAR6_SCALE_2024-06-23_18_24;50.0;FAR6_SCALE;2024-06-23;18;24
0;ADN763;FAR6_SCALE_2024-06-23_19_30;4.0;FAR6_SCALE;2024-06-23;19;30
0;ADP770;FAR6_SCALE_2024-06-23_19_28;10.0;FAR6_SCALE;2024-06-23;19;28
0;ADE008;FAR6_SCALE_2024-06-23_19_25;11.0;FAR6_SCALE;2024-06-23;19;25
0;ADN250;FAR6_SCALE_2024-06-23_21_36;1.0;FAR6_SCALE;2024-06-23;21;36
0;ADN763;FAR6_SCALE_2024-06-23_19_26;2.0;FAR6_SCALE;2024-06-23;19;26
0;ADP708;FAR6_SCALE_2024-06-23_16_13;4.0;FAR6_SCALE;2024-06-23;16;13
0;ADN868;FAR6_SCALE_2024-06-24_9_36;11.0;FAR6_SCALE;2024-06-24;9;36
0;ADP652;FAR6_SCALE_2024-06-24_15_54;5.0;FAR6_SCALE;2024-06-24;15;54
0;ADP708;FAR6_SCALE_2024-06-24_19_67;14.0;FAR6_SCALE;2024-06-24;19;67
0;ADF652;FAR6_SCALE_2024-06-24_5_21;2.0;FAR6_SCALE;2024-06-24;5;21
0;ADD887;FAR6_SCALE_2024-06-24_3_05;2.0;FAR6_SCALE;2024-06-24;3;5
0;ADP708;FAR6_SCALE_2024-06-24_4_09;3.0;FAR6_SCALE;2024-06-24;4;9
0;ADH770;FAR6_SCALE_2024-06-24_4_10;1.0;FAR6_SCALE;2024-06-24;4;10
0;ADP652;FAR6_SCALE_2024-06-24_15_55;4.0;FAR6_SCALE;2024-06-24;15;55
0;ABP488;FAR6_SCALE_2024-06-24_7_28;2.0;FAR6_SCALE;2024-06-24;7;28
0;ADS402;FAR6_SCALE_2024-06-24_10_41;2.0;FAR6_SCALE;2024-06-24;10;41
0;ACD710;FAR6_SCALE_2024-06-24_21_69;13.0;FAR6_SCALE;2024-06-24;21;69
0;ADR240;FAR6_SCALE_2024-06-24_20_68;22.0;FAR6_SCALE;2024-06-24;20;68
0;ADN764;FAR6_SCALE_2024-06-24_19_65;1.0;FAR6_SCALE;2024-06-24;19;65
0;ADP488;FAR6_SCALE_2024-06-24_4_16;2.0;FAR6_SCALE;2024-06-24;4;16
0;ADN764;FAR6_SCALE_2024-06-25_4_06;3.0;FAR6_SCALE;2024-06-25;4;6
0;ADN763;FAR6_SCALE_2024-06-25_6_22;1.0;FAR6_SCALE;2024-06-25;6;22
0;ADN764;FAR6_SCALE_2024-06-25_4_11;3.0;FAR6_SCALE;2024-06-25;4;11
0;ADN763;FAR6_SCALE_2024-06-25_3_02;2.0;FAR6_SCALE;2024-06-25;3;2
0;ADN763;FAR6_SCALE_2024-06-25_8_28;2.0;FAR6_SCALE;2024-06-25;8;28
0;ADP708;FAR6_SCALE_2024-06-25_5_20;26.0;FAR6_SCALE;2024-06-25;5;20
0;ADS402;FAR6_SCALE_2024-06-25_3_01;1.0;FAR6_SCALE;2024-06-25;3;1
0;ADN763;FAR6_SCALE_2024-06-25_7_24;6.0;FAR6_SCALE;2024-06-25;7;24
0;ADN763;FAR6_SCALE_2024-06-25_8_26;6.0;FAR6_SCALE;2024-06-25;8;26
0;ADP708;FAR6_SCALE_2024-06-25_4_14;11.0;FAR6_SCALE;2024-06-25;4;14
0;ADN763;FAR6_SCALE_2024-06-25_22_58;4.0;FAR6_SCALE;2024-06-25;22;58
0;ADE050;FAR6_SCALE_2024-06-25_3_03;2.0;FAR6_SCALE;2024-06-25;3;3
0;ADN763;FAR6_SCALE_2024-06-25_13_36;5.0;FAR6_SCALE;2024-06-25;13;36
0;ADN763;FAR6_SCALE_2024-06-25_19_41;21.0;FAR6_SCALE;2024-06-25;19;41
0;ADN263;FAR6_SCALE_2024-06-25_13_34;1.0;FAR6_SCALE;2024-06-25;13;34
0;ADP652;FAR6_SCALE_2024-06-25_13_31;3.0;FAR6_SCALE;2024-06-25;13;31
0;ADN763;FAR6_SCALE_2024-06-25_8_27;12.0;FAR6_SCALE;2024-06-25;8;27
0;ADP708;FAR6_SCALE_2024-06-25_5_19;23.0;FAR6_SCALE;2024-06-25;5;19
0;ADA513;FAR6_SCALE_2024-06-25_5_16;6.0;FAR6_SCALE;2024-06-25;5;16
0;ADN763;FAR6_SCALE_2024-06-25_4_08;3.0;FAR6_SCALE;2024-06-25;4;8
0;ADR984;FAR6_SCALE_2024-06-25_22_55;3.0;FAR6_SCALE;2024-06-25;22;55
0;ADA513;FAR6_SCALE_2024-06-25_6_21;3.0;FAR6_SCALE;2024-06-25;6;21
0;ADA513;FAR6_SCALE_2024-06-25_5_18;14.0;FAR6_SCALE;2024-06-25;5;18
0;ADE012;FAR6_SCALE_2024-06-25_9_29;19.0;FAR6_SCALE;2024-06-25;9;29
0;ADN763;FAR6_SCALE_2024-06-25_13_33;2.0;FAR6_SCALE;2024-06-25;13;33
0;ADS402;FAR6_SCALE_2024-06-25_4_07;5.0;FAR6_SCALE;2024-06-25;4;7
0;ADR240;FAR6_SCALE_2024-06-25_5_17;5.0;FAR6_SCALE;2024-06-25;5;17
0;ADP785;FAR6_SCALE_2024-06-26_5_10;12.0;FAR6_SCALE;2024-06-26;5;10
0;ADP488;FAR6_SCALE_2024-06-26_16_42;12.0;FAR6_SCALE;2024-06-26;16;42
0;ADN763;FAR6_SCALE_2024-06-26_6_18;2.0;FAR6_SCALE;2024-06-26;6;18
0;ADN797;FAR6_SCALE_2024-06-26_6_15;1.0;FAR6_SCALE;2024-06-26;6;15
0;ADN763;FAR6_SCALE_2024-06-26_10_29;1.0;FAR6_SCALE;2024-06-26;10;29
0;ADR240;FAR6_SCALE_2024-06-26_13_36;10.0;FAR6_SCALE;2024-06-26;13;36
0;ADN763;FAR6_SCALE_2024-06-26_5_13;3.0;FAR6_SCALE;2024-06-26;5;13
0;ADP652;FAR6_SCALE_2024-06-26_14_37;17.0;FAR6_SCALE;2024-06-26;14;37
0;ADR886;FAR6_SCALE_2024-06-26_5_12;8.0;FAR6_SCALE;2024-06-26;5;12
0;ADA513;FAR6_SCALE_2024-06-26_18_51;2.0;FAR6_SCALE;2024-06-26;18;51
0;ADP887;FAR6_SCALE_2024-06-26_13_35;12.0;FAR6_SCALE;2024-06-26;13;35
0;ADN763;FAR6_SCALE_2024-06-26_4_08;1.0;FAR6_SCALE;2024-06-26;4;8
0;ADR240;FAR6_SCALE_2024-06-26_10_32;5.0;FAR6_SCALE;2024-06-26;10;32
0;ADN703;FAR6_SCALE_2024-06-26_20_55;2.0;FAR6_SCALE;2024-06-26;20;55
0;ADN763;FAR6_SCALE_2024-06-26_3_02;2.0;FAR6_SCALE;2024-06-26;3;2
0;ADR240;FAR6_SCALE_2024-06-26_9_26;3.0;FAR6_SCALE;2024-06-26;9;26
0;ACD710;FAR6_SCALE_2024-06-26_10_28;1.0;FAR6_SCALE;2024-06-26;10;28
0;ADR240;FAR6_SCALE_2024-06-26_10_30;4.0;FAR6_SCALE;2024-06-26;10;30
0;ADN763;FAR6_SCALE_2024-06-26_5_14;9.0;FAR6_SCALE;2024-06-26;5;14
0;ADN763;FAR6_SCALE_2024-06-26_7_19;1.0;FAR6_SCALE;2024-06-26;7;19
0;ADN763;FAR6_SCALE_2024-06-26_8_23;3.0;FAR6_SCALE;2024-06-26;8;23
0;ADN763;FAR6_SCALE_2024-06-26_20_56;1.0;FAR6_SCALE;2024-06-26;20;56
0;ADN763;FAR6_SCALE_2024-06-26_19_53;8.0;FAR6_SCALE;2024-06-26;19;53
0;ADN764;FAR6_SCALE_2024-06-27_10_35;1.0;FAR6_SCALE;2024-06-27;10;35
0;ADN764;FAR6_SCALE_2024-06-27_11_47;2.0;FAR6_SCALE;2024-06-27;11;47
0;ADN764;FAR6_SCALE_2024-06-27_6_09;2.0;FAR6_SCALE;2024-06-27;6;9
0;ADE019;FAR6_SCALE_2024-06-27_11_41;7.0;FAR6_SCALE;2024-06-27;11;41
0;ADN792;FAR6_SCALE_2024-06-27_7_18;21.0;FAR6_SCALE;2024-06-27;7;18
0;ADN764;FAR6_SCALE_2024-06-27_20_80;1.0;FAR6_SCALE;2024-06-27;20;80
0;ADN763;FAR6_SCALE_2024-06-27_11_44;14.0;FAR6_SCALE;2024-06-27;11;44
0;ADN763;FAR6_SCALE_2024-06-27_8_22;8.0;FAR6_SCALE;2024-06-27;8;22
0;ADA513;FAR6_SCALE_2024-06-27_8_25;1.0;FAR6_SCALE;2024-06-27;8;25
0;ADP770;FAR6_SCALE_2024-06-27_4_03;4.0;FAR6_SCALE;2024-06-27;4;3
0;ADN792;FAR6_SCALE_2024-06-27_7_13;27.0;FAR6_SCALE;2024-06-27;7;13
0;ADN764;FAR6_SCALE_2024-06-27_20_78;2.0;FAR6_SCALE;2024-06-27;20;78
0;ADN792;FAR6_SCALE_2024-06-27_15_56;7.0;FAR6_SCALE;2024-06-27;15;56
0;ADR886;FAR6_SCALE_2024-06-27_12_49;54.0;FAR6_SCALE;2024-06-27;12;49
0;ADN792;FAR6_SCALE_2024-06-27_7_15;12.0;FAR6_SCALE;2024-06-27;7;15
0;ADN763;FAR6_SCALE_2024-06-27_8_26;52.0;FAR6_SCALE;2024-06-27;8;26
0;ADN792;FAR6_SCALE_2024-06-27_14_54;3.0;FAR6_SCALE;2024-06-27;14;54
0;ADN792;FAR6_SCALE_2024-06-27_12_51;5.0;FAR6_SCALE;2024-06-27;12;51
0;ADN763;FAR6_SCALE_2024-06-27_11_45;35.0;FAR6_SCALE;2024-06-27;11;45
0;ADR240;FAR6_SCALE_2024-06-27_5_06;6.0;FAR6_SCALE;2024-06-27;5;6
0;ADN764;FAR6_SCALE_2024-06-27_8_30;1.0;FAR6_SCALE;2024-06-27;8;30
0;ADS202;FAR6_SCALE_2024-06-27_20_75;1.0;FAR6_SCALE;2024-06-27;20;75
0;ADN792;FAR6_SCALE_2024-06-27_14_55;35.0;FAR6_SCALE;2024-06-27;14;55
0;ADN763;FAR6_SCALE_2024-06-27_11_46;11.0;FAR6_SCALE;2024-06-27;11;46
0;ADR984;FAR6_SCALE_2024-06-27_11_43;4.0;FAR6_SCALE;2024-06-27;11;43
0;ADR240;FAR6_SCALE_2024-06-27_5_07;1.0;FAR6_SCALE;2024-06-27;5;7
0;ADN764;FAR6_SCALE_2024-06-27_21_90;1.0;FAR6_SCALE;2024-06-27;21;90
0;ADN754;FAR6_SCALE_2024-06-27_8_29;1.0;FAR6_SCALE;2024-06-27;8;29
0;ADE019;FAR6_SCALE_2024-06-27_12_53;2.0;FAR6_SCALE;2024-06-27;12;53
0;ADA513;FAR6_SCALE_2024-06-27_8_21;12.0;FAR6_SCALE;2024-06-27;8;21
0;ADN760;FAR6_SCALE_2024-06-27_20_77;1.0;FAR6_SCALE;2024-06-27;20;77
0;ADN792;FAR6_SCALE_2024-06-27_12_52;7.0;FAR6_SCALE;2024-06-27;12;52
0;ADR240;FAR6_SCALE_2024-06-27_6_08;54.0;FAR6_SCALE;2024-06-27;6;8
0;ADA513;FAR6_SCALE_2024-06-27_6_10;2.0;FAR6_SCALE;2024-06-27;6;10
0;ADN792;FAR6_SCALE_2024-06-27_20_74;4.0;FAR6_SCALE;2024-06-27;20;74
0;ADR240;FAR6_SCALE_2024-06-27_4_04;4.0;FAR6_SCALE;2024-06-27;4;4
0;ADN764;FAR6_SCALE_2024-06-27_10_34;4.0;FAR6_SCALE;2024-06-27;10;34
0;ADN792;FAR6_SCALE_2024-06-27_7_17;9.0;FAR6_SCALE;2024-06-27;7;17
0;ADN792;FAR6_SCALE_2024-06-28_9_37;5.0;FAR6_SCALE;2024-06-28;9;37
0;ADN763;FAR6_SCALE_2024-06-28_9_39;6.0;FAR6_SCALE;2024-06-28;9;39
0;ADN763;FAR6_SCALE_2024-06-28_11_61;4.0;FAR6_SCALE;2024-06-28;11;61
0;ADN754;FAR6_SCALE_2024-06-28_3_05;1.0;FAR6_SCALE;2024-06-28;3;5
0;ADN763;FAR6_SCALE_2024-06-28_11_57;8.0;FAR6_SCALE;2024-06-28;11;57
0;ADP488;FAR6_SCALE_2024-06-28_11_56;6.0;FAR6_SCALE;2024-06-28;11;56
0;ADE019;FAR6_SCALE_2024-06-28_9_38;3.0;FAR6_SCALE;2024-06-28;9;38
0;ADN763;FAR6_SCALE_2024-06-28_20_149;47.0;FAR6_SCALE;2024-06-28;20;149
0;ADP708;FAR6_SCALE_2024-06-28_10_48;75.0;FAR6_SCALE;2024-06-28;10;48
0;ADN763;FAR6_SCALE_2024-06-28_17_102;4.0;FAR6_SCALE;2024-06-28;17;102
0;ADR240;FAR6_SCALE_2024-06-28_17_97;1.0;FAR6_SCALE;2024-06-28;17;97
0;ADE019;FAR6_SCALE_2024-06-28_20_138;1.0;FAR6_SCALE;2024-06-28;20;138
0;ADP875;FAR6_SCALE_2024-06-28_7_27;4.0;FAR6_SCALE;2024-06-28;7;27
0;ADN764;FAR6_SCALE_2024-06-28_9_44;21.0;FAR6_SCALE;2024-06-28;9;44
0;ADA513;FAR6_SCALE_2024-06-28_3_06;3.0;FAR6_SCALE;2024-06-28;3;6
0;ADR240;FAR6_SCALE_2024-06-28_8_28;1.0;FAR6_SCALE;2024-06-28;8;28
0;ADE019;FAR6_SCALE_2024-06-28_20_150;2.0;FAR6_SCALE;2024-06-28;20;150
0;ADE010;FAR6_SCALE_2024-06-28_15_84;4.0;FAR6_SCALE;2024-06-28;15;84
0;ADE017;FAR6_SCALE_2024-06-28_16_91;1.0;FAR6_SCALE;2024-06-28;16;91
0;ADN763;FAR6_SCALE_2024-06-28_18_114;4.0;FAR6_SCALE;2024-06-28;18;114
0;ADN763;FAR6_SCALE_2024-06-28_11_60;14.0;FAR6_SCALE;2024-06-28;11;60
0;ADN792;FAR6_SCALE_2024-06-28_21_157;1.0;FAR6_SCALE;2024-06-28;21;157
0;ADE019;FAR6_SCALE_2024-06-28_19_126;1.0;FAR6_SCALE;2024-06-28;19;126
0;ADN763;FAR6_SCALE_2024-06-28_21_159;5.0;FAR6_SCALE;2024-06-28;21;159
0;ADP652;FAR6_SCALE_2024-06-28_12_64;7.0;FAR6_SCALE;2024-06-28;12;64
0;ADP170;FAR6_SCALE_2024-06-28_19_123;1.0;FAR6_SCALE;2024-06-28;19;123
0;ADA513;FAR6_SCALE_2024-06-28_8_31;2.0;FAR6_SCALE;2024-06-28;8;31
0;ADE059;FAR6_SCALE_2024-06-28_17_108;5.0;FAR6_SCALE;2024-06-28;17;108
0;ADN763;FAR6_SCALE_2024-06-28_11_59;10.0;FAR6_SCALE;2024-06-28;11;59
0;ADP708;FAR6_SCALE_2024-06-28_10_47;7.0;FAR6_SCALE;2024-06-28;10;47
0;ADN792;FAR6_SCALE_2024-06-28_7_23;8.0;FAR6_SCALE;2024-06-28;7;23
0;ADR240;FAR6_SCALE_2024-06-28_13_68;1.0;FAR6_SCALE;2024-06-28;13;68
0;ADE019;FAR6_SCALE_2024-06-28_17_99;4.0;FAR6_SCALE;2024-06-28;17;99
0;ADN764;FAR6_SCALE_2024-06-28_4_12;9.0;FAR6_SCALE;2024-06-28;4;12
0;ADN753;FAR6_SCALE_2024-06-28_7_24;4.0;FAR6_SCALE;2024-06-28;7;24
0;ADN797;FAR6_SCALE_2024-06-28_6_18;1.0;FAR6_SCALE;2024-06-28;6;18
0;ADN763;FAR6_SCALE_2024-06-28_6_19;2.0;FAR6_SCALE;2024-06-28;6;19
0;ADE650;FAR6_SCALE_2024-06-28_12_67;1.0;FAR6_SCALE;2024-06-28;12;67
0;ADR240;FAR6_SCALE_2024-06-28_19_132;10.0;FAR6_SCALE;2024-06-28;19;132
0;ADR022;FAR6_SCALE_2024-06-28_7_25;1.0;FAR6_SCALE;2024-06-28;7;25
0;ADP797;FAR6_SCALE_2024-06-28_20_147;2.0;FAR6_SCALE;2024-06-28;20;147
0;ADN763;FAR6_SCALE_2024-06-28_14_80;4.0;FAR6_SCALE;2024-06-28;14;80
0;ADN794;FAR6_SCALE_2024-06-28_11_52;1.0;FAR6_SCALE;2024-06-28;11;52
0;ADN763;FAR6_SCALE_2024-06-28_20_145;14.0;FAR6_SCALE;2024-06-28;20;145
0;ADN763;FAR6_SCALE_2024-06-28_18_119;14.0;FAR6_SCALE;2024-06-28;18;119
0;ADN763;FAR6_SCALE_2024-06-28_14_76;2.0;FAR6_SCALE;2024-06-28;14;76
0;ADR240;FAR6_SCALE_2024-06-28_19_133;1.0;FAR6_SCALE;2024-06-28;19;133
0;ADN763;FAR6_SCALE_2024-06-28_16_96;32.0;FAR6_SCALE;2024-06-28;16;96
0;ADN792;FAR6_SCALE_2024-06-28_19_130;4.0;FAR6_SCALE;2024-06-28;19;130
0;ADN763;FAR6_SCALE_2024-06-28_9_42;4.0;FAR6_SCALE;2024-06-28;9;42
0;ADN792;FAR6_SCALE_2024-06-28_6_21;1.0;FAR6_SCALE;2024-06-28;6;21
0;ADN763;FAR6_SCALE_2024-06-28_16_95;7.0;FAR6_SCALE;2024-06-28;16;95
0;ADN792;FAR6_SCALE_2024-06-28_3_08;10.0;FAR6_SCALE;2024-06-28;3;8
0;ADP708;FAR6_SCALE_2024-06-28_20_144;21.0;FAR6_SCALE;2024-06-28;20;144
0;ADP488;FAR6_SCALE_2024-06-28_13_71;4.0;FAR6_SCALE;2024-06-28;13;71
0;ADN763;FAR6_SCALE_2024-06-28_12_65;19.0;FAR6_SCALE;2024-06-28;12;65
0;ADN792;FAR6_SCALE_2024-06-28_4_09;16.0;FAR6_SCALE;2024-06-28;4;9
0;ADE019;FAR6_SCALE_2024-06-28_20_152;1.0;FAR6_SCALE;2024-06-28;20;152
0;ADN763;FAR6_SCALE_2024-06-28_15_85;3.0;FAR6_SCALE;2024-06-28;15;85
0;ADN753;FAR6_SCALE_2024-06-28_21_155;2.0;FAR6_SCALE;2024-06-28;21;155
0;ADP652;FAR6_SCALE_2024-06-28_20_151;18.0;FAR6_SCALE;2024-06-28;20;151
0;ADR240;FAR6_SCALE_2024-06-28_8_33;8.0;FAR6_SCALE;2024-06-28;8;33
0;ADR240;FAR6_SCALE_2024-06-28_16_87;8.0;FAR6_SCALE;2024-06-28;16;87
0;ADN764;FAR6_SCALE_2024-06-28_8_32;16.0;FAR6_SCALE;2024-06-28;8;32
0;ADR074;FAR6_SCALE_2024-06-28_13_74;1.0;FAR6_SCALE;2024-06-28;13;74
0;ADN792;FAR6_SCALE_2024-06-28_18_116;19.0;FAR6_SCALE;2024-06-28;18;116
0;ADN763;FAR6_SCALE_2024-06-28_11_62;7.0;FAR6_SCALE;2024-06-28;11;62
0;ADE019;FAR6_SCALE_2024-06-28_9_41;11.0;FAR6_SCALE;2024-06-28;9;41
0;ADN764;FAR6_SCALE_2024-06-28_5_13;1.0;FAR6_SCALE;2024-06-28;5;13
0;ADR240;FAR6_SCALE_2024-06-28_16_86;5.0;FAR6_SCALE;2024-06-28;16;86
0;ADP770;FAR6_SCALE_2024-06-28_18_117;1.0;FAR6_SCALE;2024-06-28;18;117
0;ADN792;FAR6_SCALE_2024-06-28_13_73;1.0;FAR6_SCALE;2024-06-28;13;73
0;ADE019;FAR6_SCALE_2024-06-28_19_134;5.0;FAR6_SCALE;2024-06-28;19;134
0;ADN763;FAR6_SCALE_2024-06-28_16_88;2.0;FAR6_SCALE;2024-06-28;16;88
0;ADN764;FAR6_SCALE_2024-06-28_8_30;9.0;FAR6_SCALE;2024-06-28;8;30
0;ADN764;FAR6_SCALE_2024-06-28_11_54;10.0;FAR6_SCALE;2024-06-28;11;54
0;ADN797;FAR6_SCALE_2024-06-28_9_35;3.0;FAR6_SCALE;2024-06-28;9;35
0;ADR240;FAR6_SCALE_2024-06-28_13_69;13.0;FAR6_SCALE;2024-06-28;13;69
0;ADN792;FAR6_SCALE_2024-06-29_7_51;1.0;FAR6_SCALE;2024-06-29;7;51
0;ADP652;FAR6_SCALE_2024-06-29_8_63;5.0;FAR6_SCALE;2024-06-29;8;63
0;ADN763;FAR6_SCALE_2024-06-29_19_112;7.0;FAR6_SCALE;2024-06-29;19;112
0;ADX881;FAR6_SCALE_2024-06-29_6_48;9.0;FAR6_SCALE;2024-06-29;6;48
0;ADN792;FAR6_SCALE_2024-06-29_7_53;2.0;FAR6_SCALE;2024-06-29;7;53
0;ADN763;FAR6_SCALE_2024-06-29_21_123;7.0;FAR6_SCALE;2024-06-29;21;123
0;ADN192;FAR6_SCALE_2024-06-29_8_65;4.0;FAR6_SCALE;2024-06-29;8;65
0;ADN764;FAR6_SCALE_2024-06-29_5_33;7.0;FAR6_SCALE;2024-06-29;5;33
0;ADN792;FAR6_SCALE_2024-06-29_5_39;2.0;FAR6_SCALE;2024-06-29;5;39
0;ADP652;FAR6_SCALE_2024-06-29_3_17;1.0;FAR6_SCALE;2024-06-29;3;17
0;ADN784;FAR6_SCALE_2024-06-29_7_54;1.0;FAR6_SCALE;2024-06-29;7;54
0;ADN763;FAR6_SCALE_2024-06-29_22_128;6.0;FAR6_SCALE;2024-06-29;22;128
0;ADN792;FAR6_SCALE_2024-06-29_10_78;2.0;FAR6_SCALE;2024-06-29;10;78
0;ADN792;FAR6_SCALE_2024-06-29_13_93;57.0;FAR6_SCALE;2024-06-29;13;93
0;ADN792;FAR6_SCALE_2024-06-29_3_15;2.0;FAR6_SCALE;2024-06-29;3;15
0;ADN792;FAR6_SCALE_2024-06-29_19_113;2.0;FAR6_SCALE;2024-06-29;19;113
0;ADN763;FAR6_SCALE_2024-06-30_6_32;3.0;FAR6_SCALE;2024-06-30;6;32
0;ADP488;FAR6_SCALE_2024-06-30_15_103;6.0;FAR6_SCALE;2024-06-30;15;103
0;ADN763;FAR6_SCALE_2024-06-30_21_149;6.0;FAR6_SCALE;2024-06-30;21;149
0;ADE019;FAR6_SCALE_2024-06-30_14_99;1.0;FAR6_SCALE;2024-06-30;14;99
0;ADR270;FAR6_SCALE_2024-06-30_6_31;1.0;FAR6_SCALE;2024-06-30;6;31
0;ADN753;FAR6_SCALE_2024-06-30_20_146;3.0;FAR6_SCALE;2024-06-30;20;146
0;ADE019;FAR6_SCALE_2024-06-30_14_96;1.0;FAR6_SCALE;2024-06-30;14;96
0;ADE019;FAR6_SCALE_2024-06-30_11_68;2.0;FAR6_SCALE;2024-06-30;11;68
0;ADE016;FAR6_SCALE_2024-06-30_12_80;1.0;FAR6_SCALE;2024-06-30;12;80
0;ADN763;FAR6_SCALE_2024-06-30_19_133;2.0;FAR6_SCALE;2024-06-30;19;133
0;ACP276;FAR6_SCALE_2024-06-30_7_43;2.0;FAR6_SCALE;2024-06-30;7;43
0;ADP887;FAR6_SCALE_2024-06-30_15_101;4.0;FAR6_SCALE;2024-06-30;15;101
0;ADE059;FAR6_SCALE_2024-06-30_9_50;5.0;FAR6_SCALE;2024-06-30;9;50
0;ADE019;FAR6_SCALE_2024-06-30_16_111;5.0;FAR6_SCALE;2024-06-30;16;111
0;ADP708;FAR6_SCALE_2024-06-30_16_106;8.0;FAR6_SCALE;2024-06-30;16;106
0;ADP488;FAR6_SCALE_2024-06-30_10_63;11.0;FAR6_SCALE;2024-06-30;10;63
0;ADR240;FAR6_SCALE_2024-06-30_19_137;2.0;FAR6_SCALE;2024-06-30;19;137
0;ADE019;FAR6_SCALE_2024-06-30_12_81;3.0;FAR6_SCALE;2024-06-30;12;81
0;ADN763;FAR6_SCALE_2024-06-30_21_151;1.0;FAR6_SCALE;2024-06-30;21;151
0;ADP652;FAR6_SCALE_2024-06-30_11_70;4.0;FAR6_SCALE;2024-06-30;11;70
0;ADP708;FAR6_SCALE_2024-06-30_16_108;5.0;FAR6_SCALE;2024-06-30;16;108
0;ADE019;FAR6_SCALE_2024-06-30_13_87;2.0;FAR6_SCALE;2024-06-30;13;87
0;ACH276;FAR6_SCALE_2024-06-30_9_51;3.0;FAR6_SCALE;2024-06-30;9;51
0;ADN763;FAR6_SCALE_2024-06-30_18_127;4.0;FAR6_SCALE;2024-06-30;18;127
0;ADP887;FAR6_SCALE_2024-06-30_17_116;2.0;FAR6_SCALE;2024-06-30;17;116
0;ADN753;FAR6_SCALE_2024-06-30_17_118;1.0;FAR6_SCALE;2024-06-30;17;118
0;ADE010;FAR6_SCALE_2024-06-30_7_38;1.0;FAR6_SCALE;2024-06-30;7;38
0;ADN763;FAR6_SCALE_2024-06-30_20_140;28.0;FAR6_SCALE;2024-06-30;20;140
0;ADN792;FAR6_SCALE_2024-06-30_3_08;5.0;FAR6_SCALE;2024-06-30;3;8
0;ADE610;FAR6_SCALE_2024-06-30_19_136;1.0;FAR6_SCALE;2024-06-30;19;136
0;ADE059;FAR6_SCALE_2024-06-30_19_132;4.0;FAR6_SCALE;2024-06-30;19;132
0;ADN763;FAR6_SCALE_2024-06-30_17_115;5.0;FAR6_SCALE;2024-06-30;17;115
0;ADP488;FAR6_SCALE_2024-06-30_10_61;25.0;FAR6_SCALE;2024-06-30;10;61
0;ADN763;FAR6_SCALE_2024-06-30_22_154;2.0;FAR6_SCALE;2024-06-30;22;154
0;ADE019;FAR6_SCALE_2024-06-30_19_130;2.0;FAR6_SCALE;2024-06-30;19;130
0;ADE019;FAR6_SCALE_2024-06-30_9_56;3.0;FAR6_SCALE;2024-06-30;9;56
0;ADP708;FAR6_SCALE_2024-06-30_16_107;19.0;FAR6_SCALE;2024-06-30;16;107
0;ADP488;FAR6_SCALE_2024-06-30_9_58;5.0;FAR6_SCALE;2024-06-30;9;58
0;ADP708;FAR6_SCALE_2024-06-30_7_40;13.0;FAR6_SCALE;2024-06-30;7;40
0;ADN153;FAR6_SCALE_2024-06-30_22_156;1.0;FAR6_SCALE;2024-06-30;22;156
0;ADP488;FAR6_SCALE_2024-06-30_10_62;7.0;FAR6_SCALE;2024-06-30;10;62
0;ADP708;FAR6_SCALE_2024-06-30_16_109;3.0;FAR6_SCALE;2024-06-30;16;109
0;ADN763;FAR6_SCALE_2024-06-30_8_48;7.0;FAR6_SCALE;2024-06-30;8;48
0;ADN763;FAR6_SCALE_2024-06-30_6_34;6.0;FAR6_SCALE;2024-06-30;6;34
0;ADN763;FAR6_SCALE_2024-06-30_5_23;7.0;FAR6_SCALE;2024-06-30;5;23
0;ADN764;FAR6_SCALE_2024-06-30_21_153;3.0;FAR6_SCALE;2024-06-30;21;153
0;ADN763;FAR6_SCALE_2024-06-30_7_42;3.0;FAR6_SCALE;2024-06-30;7;42
0;ADE019;FAR6_SCALE_2024-06-30_17_114;2.0;FAR6_SCALE;2024-06-30;17;114
0;ADN763;FAR6_SCALE_2024-06-30_4_14;11.0;FAR6_SCALE;2024-06-30;4;14
0;ADP652;FAR6_SCALE_2024-06-30_10_65;25.0;FAR6_SCALE;2024-06-30;10;65
0;ADN763;FAR6_SCALE_2024-06-30_5_24;6.0;FAR6_SCALE;2024-06-30;5;24
0;ADN763;FAR6_SCALE_2024-06-30_18_125;10.0;FAR6_SCALE;2024-06-30;18;125
0;ADN763;FAR6_SCALE_2024-07-01_20_96;5.0;FAR6_SCALE;2024-07-01;20;96
0;ADN792;FAR6_SCALE_2024-07-01_4_08;11.0;FAR6_SCALE;2024-07-01;4;8
0;ADN753;FAR6_SCALE_2024-07-01_19_94;7.0;FAR6_SCALE;2024-07-01;19;94
0;ADN792;FAR6_SCALE_2024-07-01_7_36;13.0;FAR6_SCALE;2024-07-01;7;36
0;ADN792;FAR6_SCALE_2024-07-01_6_28;5.0;FAR6_SCALE;2024-07-01;6;28
0;ADN792;FAR6_SCALE_2024-07-01_7_40;2.0;FAR6_SCALE;2024-07-01;7;40
0;ADN764;FAR6_SCALE_2024-07-01_6_30;3.0;FAR6_SCALE;2024-07-01;6;30
0;ADN263;FAR6_SCALE_2024-07-01_5_19;6.0;FAR6_SCALE;2024-07-01;5;19
0;ADN263;FAR6_SCALE_2024-07-01_21_100;2.0;FAR6_SCALE;2024-07-01;21;100
0;ADN763;FAR6_SCALE_2024-07-01_4_09;2.0;FAR6_SCALE;2024-07-01;4;9
0;ADN763;FAR6_SCALE_2024-07-01_21_98;4.0;FAR6_SCALE;2024-07-01;21;98
0;ADN763;FAR6_SCALE_2024-07-01_7_34;6.0;FAR6_SCALE;2024-07-01;7;34
0;ADN397;FAR6_SCALE_2024-07-01_21_102;1.0;FAR6_SCALE;2024-07-01;21;102
0;ADN792;FAR6_SCALE_2024-07-01_8_43;25.0;FAR6_SCALE;2024-07-01;8;43
0;ADA513;FAR6_SCALE_2024-07-01_9_59;1.0;FAR6_SCALE;2024-07-01;9;59
0;ADN763;FAR6_SCALE_2024-07-02_7_48;3.0;FAR6_SCALE;2024-07-02;7;48
0;ADN763;FAR6_SCALE_2024-07-02_21_139;14.0;FAR6_SCALE;2024-07-02;21;139
0;ADN202;FAR6_SCALE_2024-07-02_3_07;1.0;FAR6_SCALE;2024-07-02;3;7
0;ADR780;FAR6_SCALE_2024-07-02_5_28;3.0;FAR6_SCALE;2024-07-02;5;28
0;ADN763;FAR6_SCALE_2024-07-02_21_137;1.0;FAR6_SCALE;2024-07-02;21;137
0;ADN763;FAR6_SCALE_2024-07-02_22_148;10.0;FAR6_SCALE;2024-07-02;22;148
0;ADN767;FAR6_SCALE_2024-07-02_9_61;3.0;FAR6_SCALE;2024-07-02;9;61
0;ADN763;FAR6_SCALE_2024-07-02_22_144;1.0;FAR6_SCALE;2024-07-02;22;144
0;ADN263;FAR6_SCALE_2024-07-02_8_56;1.0;FAR6_SCALE;2024-07-02;8;56
0;ADN792;FAR6_SCALE_2024-07-02_10_68;7.0;FAR6_SCALE;2024-07-02;10;68
0;ADN763;FAR6_SCALE_2024-07-02_21_141;48.0;FAR6_SCALE;2024-07-02;21;141
0;ADN263;FAR6_SCALE_2024-07-02_11_71;2.0;FAR6_SCALE;2024-07-02;11;71
0;ADN765;FAR6_SCALE_2024-07-02_5_30;2.0;FAR6_SCALE;2024-07-02;5;30
0;ADN792;FAR6_SCALE_2024-07-02_14_91;4.0;FAR6_SCALE;2024-07-02;14;91
0;ADN763;FAR6_SCALE_2024-07-02_8_53;4.0;FAR6_SCALE;2024-07-02;8;53
0;ADN763;FAR6_SCALE_2024-07-02_21_140;5.0;FAR6_SCALE;2024-07-02;21;140
0;ADN763;FAR6_SCALE_2024-07-02_8_52;11.0;FAR6_SCALE;2024-07-02;8;52
0;ADE059;FAR6_SCALE_2024-07-02_20_135;2.0;FAR6_SCALE;2024-07-02;20;135
0;ADN463;FAR6_SCALE_2024-07-02_8_51;1.0;FAR6_SCALE;2024-07-02;8;51
0;ADN287;FAR6_SCALE_2024-07-02_7_47;1.0;FAR6_SCALE;2024-07-02;7;47
0;ADN763;FAR6_SCALE_2024-07-03_9_60;52.0;FAR6_SCALE;2024-07-03;9;60
0;ADN753;FAR6_SCALE_2024-07-03_10_68;4.0;FAR6_SCALE;2024-07-03;10;68
0;ADN763;FAR6_SCALE_2024-07-03_4_25;13.0;FAR6_SCALE;2024-07-03;4;25
0;ADN763;FAR6_SCALE_2024-07-03_3_15;9.0;FAR6_SCALE;2024-07-03;3;15
0;ADN763;FAR6_SCALE_2024-07-03_5_34;5.0;FAR6_SCALE;2024-07-03;5;34
0;ADN763;FAR6_SCALE_2024-07-03_11_70;6.0;FAR6_SCALE;2024-07-03;11;70
0;ADN763;FAR6_SCALE_2024-07-03_10_67;1.0;FAR6_SCALE;2024-07-03;10;67
0;ADN763;FAR6_SCALE_2024-07-03_7_50;2.0;FAR6_SCALE;2024-07-03;7;50
0;ADN763;FAR6_SCALE_2024-07-03_9_61;19.0;FAR6_SCALE;2024-07-03;9;61
0;ADN763;FAR6_SCALE_2024-07-03_11_74;10.0;FAR6_SCALE;2024-07-03;11;74
0;ADE019;FAR6_SCALE_2024-07-03_8_58;1.0;FAR6_SCALE;2024-07-03;8;58
0;ADN763;FAR6_SCALE_2024-07-03_4_18;35.0;FAR6_SCALE;2024-07-03;4;18
0;ADN792;FAR6_SCALE_2024-07-03_8_57;2.0;FAR6_SCALE;2024-07-03;8;57
0;ADD019;FAR6_SCALE_2024-07-03_6_44;1.0;FAR6_SCALE;2024-07-03;6;44
0;ADS402;FAR6_SCALE_2024-07-03_14_81;1.0;FAR6_SCALE;2024-07-03;14;81
0;ADE019;FAR6_SCALE_2024-07-03_5_31;1.0;FAR6_SCALE;2024-07-03;5;31
0;ADN792;FAR6_SCALE_2024-07-03_14_83;9.0;FAR6_SCALE;2024-07-03;14;83
0;ADN763;FAR6_SCALE_2024-07-03_5_30;1.0;FAR6_SCALE;2024-07-03;5;30
0;ADN763;FAR6_SCALE_2024-07-03_7_48;2.0;FAR6_SCALE;2024-07-03;7;48
0;ADE019;FAR6_SCALE_2024-07-03_3_14;1.0;FAR6_SCALE;2024-07-03;3;14
0;ADE019;FAR6_SCALE_2024-07-03_3_16;5.0;FAR6_SCALE;2024-07-03;3;16
0;ADN763;FAR6_SCALE_2024-07-03_7_52;2.0;FAR6_SCALE;2024-07-03;7;52
0;ADN763;FAR6_SCALE_2024-07-03_8_56;1.0;FAR6_SCALE;2024-07-03;8;56
0;ADE019;FAR6_SCALE_2024-07-03_3_13;1.0;FAR6_SCALE;2024-07-03;3;13
0;ADE019;FAR6_SCALE_2024-07-04_13_79;14.0;FAR6_SCALE;2024-07-04;13;79
0;ADN763;FAR6_SCALE_2024-07-04_5_24;2.0;FAR6_SCALE;2024-07-04;5;24
0;ADN763;FAR6_SCALE_2024-07-04_5_25;2.0;FAR6_SCALE;2024-07-04;5;25
0;ADN763;FAR6_SCALE_2024-07-04_18_119;17.0;FAR6_SCALE;2024-07-04;18;119
0;ADN763;FAR6_SCALE_2024-07-04_7_48;4.0;FAR6_SCALE;2024-07-04;7;48
0;ADA513;FAR6_SCALE_2024-07-04_6_33;2.0;FAR6_SCALE;2024-07-04;6;33
0;ADN763;FAR6_SCALE_2024-07-04_7_47;4.0;FAR6_SCALE;2024-07-04;7;47
0;ADE019;FAR6_SCALE_2024-07-04_18_121;1.0;FAR6_SCALE;2024-07-04;18;121
0;ADN763;FAR6_SCALE_2024-07-04_11_68;2.0;FAR6_SCALE;2024-07-04;11;68
0;ADN763;FAR6_SCALE_2024-07-04_5_22;33.0;FAR6_SCALE;2024-07-04;5;22
0;ADN763;FAR6_SCALE_2024-07-04_4_15;15.0;FAR6_SCALE;2024-07-04;4;15
0;ADN763;FAR6_SCALE_2024-07-04_10_63;7.0;FAR6_SCALE;2024-07-04;10;63
0;ADN767;FAR6_SCALE_2024-07-04_18_114;1.0;FAR6_SCALE;2024-07-04;18;114
0;ADN763;FAR6_SCALE_2024-07-04_4_18;8.0;FAR6_SCALE;2024-07-04;4;18
0;ADN763;FAR6_SCALE_2024-07-04_12_72;1.0;FAR6_SCALE;2024-07-04;12;72
0;ADE059;FAR6_SCALE_2024-07-04_13_76;1.0;FAR6_SCALE;2024-07-04;13;76
0;ADN763;FAR6_SCALE_2024-07-04_6_34;3.0;FAR6_SCALE;2024-07-04;6;34
0;ADE159;FAR6_SCALE_2024-07-04_18_118;2.0;FAR6_SCALE;2024-07-04;18;118
0;ADN763;FAR6_SCALE_2024-07-04_12_73;20.0;FAR6_SCALE;2024-07-04;12;73
0;ADE019;FAR6_SCALE_2024-07-04_8_57;1.0;FAR6_SCALE;2024-07-04;8;57
0;ADN753;FAR6_SCALE_2024-07-04_17_110;2.0;FAR6_SCALE;2024-07-04;17;110
0;ADN763;FAR6_SCALE_2024-07-04_16_97;1.0;FAR6_SCALE;2024-07-04;16;97
0;ADN763;FAR6_SCALE_2024-07-04_11_67;116.0;FAR6_SCALE;2024-07-04;11;67
0;ADP488;FAR6_SCALE_2024-07-04_10_61;7.0;FAR6_SCALE;2024-07-04;10;61
0;ADN763;FAR6_SCALE_2024-07-04_4_11;23.0;FAR6_SCALE;2024-07-04;4;11
0;ADE150;FAR6_SCALE_2024-07-04_18_117;1.0;FAR6_SCALE;2024-07-04;18;117
0;ADN763;FAR6_SCALE_2024-07-04_20_132;3.0;FAR6_SCALE;2024-07-04;20;132
0;ADN763;FAR6_SCALE_2024-07-04_8_55;13.0;FAR6_SCALE;2024-07-04;8;55
0;ADN763;FAR6_SCALE_2024-07-04_7_51;10.0;FAR6_SCALE;2024-07-04;7;51
0;ADN763;FAR6_SCALE_2024-07-04_16_101;2.0;FAR6_SCALE;2024-07-04;16;101
0;ADN763;FAR6_SCALE_2024-07-04_10_62;19.0;FAR6_SCALE;2024-07-04;10;62
0;ADN763;FAR6_SCALE_2024-07-04_13_77;28.0;FAR6_SCALE;2024-07-04;13;77
0;ADN763;FAR6_SCALE_2024-07-04_18_111;6.0;FAR6_SCALE;2024-07-04;18;111
0;ADE019;FAR6_SCALE_2024-07-04_19_124;25.0;FAR6_SCALE;2024-07-04;19;124
0;ADN763;FAR6_SCALE_2024-07-04_3_08;6.0;FAR6_SCALE;2024-07-04;3;8
0;ADN763;FAR6_SCALE_2024-07-04_5_32;9.0;FAR6_SCALE;2024-07-04;5;32
0;ADN763;FAR6_SCALE_2024-07-04_14_87;12.0;FAR6_SCALE;2024-07-04;14;87
0;ADP708;FAR6_SCALE_2024-07-04_12_69;4.0;FAR6_SCALE;2024-07-04;12;69
0;ADE019;FAR6_SCALE_2024-07-04_6_37;1.0;FAR6_SCALE;2024-07-04;6;37
0;ADE019;FAR6_SCALE_2024-07-04_20_133;11.0;FAR6_SCALE;2024-07-04;20;133
0;ADN763;FAR6_SCALE_2024-07-04_5_26;46.0;FAR6_SCALE;2024-07-04;5;26
0;ADN763;FAR6_SCALE_2024-07-04_19_130;9.0;FAR6_SCALE;2024-07-04;19;130
0;ADN763;FAR6_SCALE_2024-07-04_19_129;10.0;FAR6_SCALE;2024-07-04;19;129
0;ADN763;FAR6_SCALE_2024-07-05_19_103;21.0;FAR6_SCALE;2024-07-05;19;103
0;ADP793;FAR6_SCALE_2024-07-05_17_90;35.0;FAR6_SCALE;2024-07-05;17;90
0;ADA513;FAR6_SCALE_2024-07-05_15_77;7.0;FAR6_SCALE;2024-07-05;15;77
0;ADF793;FAR6_SCALE_2024-07-05_14_71;1.0;FAR6_SCALE;2024-07-05;14;71
0;ADD894;FAR6_SCALE_2024-07-05_15_73;1.0;FAR6_SCALE;2024-07-05;15;73
0;ADP652;FAR6_SCALE_2024-07-05_6_29;5.0;FAR6_SCALE;2024-07-05;6;29
0;ADP488;FAR6_SCALE_2024-07-05_6_28;1.0;FAR6_SCALE;2024-07-05;6;28
0;ADP793;FAR6_SCALE_2024-07-05_13_68;2.0;FAR6_SCALE;2024-07-05;13;68
0;ADP777;FAR6_SCALE_2024-07-05_17_91;1.0;FAR6_SCALE;2024-07-05;17;91
0;ADN163;FAR6_SCALE_2024-07-05_19_104;1.0;FAR6_SCALE;2024-07-05;19;104
0;ADP793;FAR6_SCALE_2024-07-05_14_70;18.0;FAR6_SCALE;2024-07-05;14;70
0;ADN763;FAR6_SCALE_2024-07-05_19_105;11.0;FAR6_SCALE;2024-07-05;19;105
0;ADP708;FAR6_SCALE_2024-07-05_6_25;1.0;FAR6_SCALE;2024-07-05;6;25
0;ADP793;FAR6_SCALE_2024-07-05_8_46;1.0;FAR6_SCALE;2024-07-05;8;46
0;ADP793;FAR6_SCALE_2024-07-05_17_88;12.0;FAR6_SCALE;2024-07-05;17;88
0;ADN763;FAR6_SCALE_2024-07-06_20_124;1.0;FAR6_SCALE;2024-07-06;20;124
0;ADN763;FAR6_SCALE_2024-07-06_5_17;4.0;FAR6_SCALE;2024-07-06;5;17
0;ADE019;FAR6_SCALE_2024-07-06_21_136;5.0;FAR6_SCALE;2024-07-06;21;136
0;ADN763;FAR6_SCALE_2024-07-06_10_51;6.0;FAR6_SCALE;2024-07-06;10;51
0;ADN763;FAR6_SCALE_2024-07-06_21_132;7.0;FAR6_SCALE;2024-07-06;21;132
0;ADN763;FAR6_SCALE_2024-07-06_10_54;31.0;FAR6_SCALE;2024-07-06;10;54
0;ADN763;FAR6_SCALE_2024-07-06_14_70;3.0;FAR6_SCALE;2024-07-06;14;70
0;ADN763;FAR6_SCALE_2024-07-06_6_36;13.0;FAR6_SCALE;2024-07-06;6;36
0;ADR984;FAR6_SCALE_2024-07-06_7_38;7.0;FAR6_SCALE;2024-07-06;7;38
0;ADN753;FAR6_SCALE_2024-07-06_9_47;1.0;FAR6_SCALE;2024-07-06;9;47
0;ADN763;FAR6_SCALE_2024-07-06_16_88;5.0;FAR6_SCALE;2024-07-06;16;88
0;ADN767;FAR6_SCALE_2024-07-06_8_45;1.0;FAR6_SCALE;2024-07-06;8;45
0;ADN763;FAR6_SCALE_2024-07-06_6_30;3.0;FAR6_SCALE;2024-07-06;6;30
0;ADP887;FAR6_SCALE_2024-07-06_13_69;2.0;FAR6_SCALE;2024-07-06;13;69
0;ADN763;FAR6_SCALE_2024-07-06_14_73;24.0;FAR6_SCALE;2024-07-06;14;73
0;ADN763;FAR6_SCALE_2024-07-06_19_113;14.0;FAR6_SCALE;2024-07-06;19;113
0;ADN763;FAR6_SCALE_2024-07-06_21_134;3.0;FAR6_SCALE;2024-07-06;21;134
0;ADN763;FAR6_SCALE_2024-07-06_5_14;10.0;FAR6_SCALE;2024-07-06;5;14
0;ADE019;FAR6_SCALE_2024-07-06_14_74;1.0;FAR6_SCALE;2024-07-06;14;74
0;ADN763;FAR6_SCALE_2024-07-06_14_76;23.0;FAR6_SCALE;2024-07-06;14;76
0;ADE059;FAR6_SCALE_2024-07-06_12_65;1.0;FAR6_SCALE;2024-07-06;12;65
0;ADE010;FAR6_SCALE_2024-07-06_21_131;1.0;FAR6_SCALE;2024-07-06;21;131
0;ADN783;FAR6_SCALE_2024-07-06_9_50;1.0;FAR6_SCALE;2024-07-06;9;50
0;ADN223;FAR6_SCALE_2024-07-06_19_114;1.0;FAR6_SCALE;2024-07-06;19;114
0;ADN763;FAR6_SCALE_2024-07-06_5_22;3.0;FAR6_SCALE;2024-07-06;5;22
0;ADN763;FAR6_SCALE_2024-07-06_14_77;2.0;FAR6_SCALE;2024-07-06;14;77
0;ADN763;FAR6_SCALE_2024-07-06_16_90;9.0;FAR6_SCALE;2024-07-06;16;90
0;ADE019;FAR6_SCALE_2024-07-06_4_11;2.0;FAR6_SCALE;2024-07-06;4;11
0;ADN763;FAR6_SCALE_2024-07-06_10_52;1.0;FAR6_SCALE;2024-07-06;10;52
0;ADE019;FAR6_SCALE_2024-07-06_19_115;3.0;FAR6_SCALE;2024-07-06;19;115
0;ADN763;FAR6_SCALE_2024-07-06_14_75;1.0;FAR6_SCALE;2024-07-06;14;75
0;ADN763;FAR6_SCALE_2024-07-06_10_53;20.0;FAR6_SCALE;2024-07-06;10;53
0;ADN753;FAR6_SCALE_2024-07-06_7_42;1.0;FAR6_SCALE;2024-07-06;7;42
0;ADN187;FAR6_SCALE_2024-07-07_22_83;1.0;FAR6_SCALE;2024-07-07;22;83
0;ADP791;FAR6_SCALE_2024-07-07_22_84;1.0;FAR6_SCALE;2024-07-07;22;84
0;ADP793;FAR6_SCALE_2024-07-07_13_41;2.0;FAR6_SCALE;2024-07-07;13;41
0;ADP793;FAR6_SCALE_2024-07-07_12_39;5.0;FAR6_SCALE;2024-07-07;12;39
0;ADN263;FAR6_SCALE_2024-07-07_21_78;1.0;FAR6_SCALE;2024-07-07;21;78
0;ADN763;FAR6_SCALE_2024-07-07_21_79;10.0;FAR6_SCALE;2024-07-07;21;79
0;ADN753;FAR6_SCALE_2024-07-07_5_17;3.0;FAR6_SCALE;2024-07-07;5;17
0;ADP793;FAR6_SCALE_2024-07-07_13_43;5.0;FAR6_SCALE;2024-07-07;13;43
0;ADN792;FAR6_SCALE_2024-07-07_5_19;4.0;FAR6_SCALE;2024-07-07;5;19
0;ADN763;FAR6_SCALE_2024-07-07_22_85;4.0;FAR6_SCALE;2024-07-07;22;85
0;ADN763;FAR6_SCALE_2024-07-07_21_76;2.0;FAR6_SCALE;2024-07-07;21;76
0;ADP785;FAR6_SCALE_2024-07-08_7_28;13.0;FAR6_SCALE;2024-07-08;7;28
0;ADN763;FAR6_SCALE_2024-07-08_4_14;1.0;FAR6_SCALE;2024-07-08;4;14
0;ADE012;FAR6_SCALE_2024-07-08_11_54;4.0;FAR6_SCALE;2024-07-08;11;54
0;ADE019;FAR6_SCALE_2024-07-08_13_63;2.0;FAR6_SCALE;2024-07-08;13;63
0;ADE019;FAR6_SCALE_2024-07-08_12_59;14.0;FAR6_SCALE;2024-07-08;12;59
0;ADN753;FAR6_SCALE_2024-07-08_21_113;1.0;FAR6_SCALE;2024-07-08;21;113
0;ADP488;FAR6_SCALE_2024-07-08_15_77;41.0;FAR6_SCALE;2024-07-08;15;77
0;ADN792;FAR6_SCALE_2024-07-08_7_32;22.0;FAR6_SCALE;2024-07-08;7;32
0;ADE019;FAR6_SCALE_2024-07-08_13_68;12.0;FAR6_SCALE;2024-07-08;13;68
0;ADN763;FAR6_SCALE_2024-07-08_17_91;3.0;FAR6_SCALE;2024-07-08;17;91
0;ADP793;FAR6_SCALE_2024-07-08_22_122;1.0;FAR6_SCALE;2024-07-08;22;122
0;ADN763;FAR6_SCALE_2024-07-08_20_107;1.0;FAR6_SCALE;2024-07-08;20;107
0;ADE019;FAR6_SCALE_2024-07-08_14_71;5.0;FAR6_SCALE;2024-07-08;14;71
0;ADE019;FAR6_SCALE_2024-07-08_15_74;3.0;FAR6_SCALE;2024-07-08;15;74
0;ADE018;FAR6_SCALE_2024-07-08_10_49;1.0;FAR6_SCALE;2024-07-08;10;49
0;ADN259;FAR6_SCALE_2024-07-08_7_31;1.0;FAR6_SCALE;2024-07-08;7;31
0;ADE019;FAR6_SCALE_2024-07-08_11_53;2.0;FAR6_SCALE;2024-07-08;11;53
0;ADN763;FAR6_SCALE_2024-07-08_18_99;3.0;FAR6_SCALE;2024-07-08;18;99
0;ADP793;FAR6_SCALE_2024-07-08_22_125;4.0;FAR6_SCALE;2024-07-08;22;125
0;ADE019;FAR6_SCALE_2024-07-08_13_65;1.0;FAR6_SCALE;2024-07-08;13;65
0;ADE012;FAR6_SCALE_2024-07-08_11_55;6.0;FAR6_SCALE;2024-07-08;11;55
0;ADE019;FAR6_SCALE_2024-07-08_10_48;3.0;FAR6_SCALE;2024-07-08;10;48
0;ADN763;FAR6_SCALE_2024-07-08_7_27;30.0;FAR6_SCALE;2024-07-08;7;27
0;ADN763;FAR6_SCALE_2024-07-08_5_17;14.0;FAR6_SCALE;2024-07-08;5;17
0;ADN763;FAR6_SCALE_2024-07-08_7_29;20.0;FAR6_SCALE;2024-07-08;7;29
0;ADN763;FAR6_SCALE_2024-07-08_17_90;31.0;FAR6_SCALE;2024-07-08;17;90
0;ADP488;FAR6_SCALE_2024-07-08_11_50;16.0;FAR6_SCALE;2024-07-08;11;50
0;ADN253;FAR6_SCALE_2024-07-08_21_110;1.0;FAR6_SCALE;2024-07-08;21;110
0;ADN753;FAR6_SCALE_2024-07-08_3_10;1.0;FAR6_SCALE;2024-07-08;3;10
0;ADE019;FAR6_SCALE_2024-07-08_11_52;7.0;FAR6_SCALE;2024-07-08;11;52
0;ADN763;FAR6_SCALE_2024-07-08_5_18;2.0;FAR6_SCALE;2024-07-08;5;18
0;ADN763;FAR6_SCALE_2024-07-08_21_114;8.0;FAR6_SCALE;2024-07-08;21;114
0;ADE019;FAR6_SCALE_2024-07-08_14_69;11.0;FAR6_SCALE;2024-07-08;14;69
0;ADE019;FAR6_SCALE_2024-07-08_9_44;3.0;FAR6_SCALE;2024-07-08;9;44
0;ADR406;FAR6_SCALE_2024-07-09_19_93;14.0;FAR6_SCALE;2024-07-09;19;93
0;ADR406;FAR6_SCALE_2024-07-09_22_98;1.0;FAR6_SCALE;2024-07-09;22;98
0;ADP771;FAR6_SCALE_2024-07-09_15_81;4.0;FAR6_SCALE;2024-07-09;15;81
0;ADN764;FAR6_SCALE_2024-07-09_18_91;1.0;FAR6_SCALE;2024-07-09;18;91
0;ADP771;FAR6_SCALE_2024-07-09_20_94;1.0;FAR6_SCALE;2024-07-09;20;94
0;ADP793;FAR6_SCALE_2024-07-09_12_68;46.0;FAR6_SCALE;2024-07-09;12;68
0;ADN767;FAR6_SCALE_2024-07-09_5_17;1.0;FAR6_SCALE;2024-07-09;5;17
0;ADN763;FAR6_SCALE_2024-07-09_4_11;2.0;FAR6_SCALE;2024-07-09;4;11
0;ADN763;FAR6_SCALE_2024-07-09_6_25;5.0;FAR6_SCALE;2024-07-09;6;25
0;ADN753;FAR6_SCALE_2024-07-09_5_16;2.0;FAR6_SCALE;2024-07-09;5;16
0;ADP793;FAR6_SCALE_2024-07-09_11_62;13.0;FAR6_SCALE;2024-07-09;11;62
0;ADN753;FAR6_SCALE_2024-07-09_5_19;3.0;FAR6_SCALE;2024-07-09;5;19
0;ADN763;FAR6_SCALE_2024-07-09_4_09;2.0;FAR6_SCALE;2024-07-09;4;9
0;ADH713;FAR6_SCALE_2024-07-09_5_18;1.0;FAR6_SCALE;2024-07-09;5;18
0;ADE059;FAR6_SCALE_2024-07-09_18_90;9.0;FAR6_SCALE;2024-07-09;18;90
0;ADN763;FAR6_SCALE_2024-07-09_4_15;8.0;FAR6_SCALE;2024-07-09;4;15
0;ADN763;FAR6_SCALE_2024-07-09_4_12;2.0;FAR6_SCALE;2024-07-09;4;12
0;ADE050;FAR6_SCALE_2024-07-09_16_84;3.0;FAR6_SCALE;2024-07-09;16;84
0;ADP771;FAR6_SCALE_2024-07-09_21_96;10.0;FAR6_SCALE;2024-07-09;21;96
0;ADE019;FAR6_SCALE_2024-07-10_11_72;3.0;FAR6_SCALE;2024-07-10;11;72
0;ADN763;FAR6_SCALE_2024-07-10_15_100;9.0;FAR6_SCALE;2024-07-10;15;100
0;ADN753;FAR6_SCALE_2024-07-10_4_11;1.0;FAR6_SCALE;2024-07-10;4;11
0;ADE019;FAR6_SCALE_2024-07-10_13_85;2.0;FAR6_SCALE;2024-07-10;13;85
0;ADN763;FAR6_SCALE_2024-07-10_9_64;19.0;FAR6_SCALE;2024-07-10;9;64
0;ADN763;FAR6_SCALE_2024-07-10_20_140;13.0;FAR6_SCALE;2024-07-10;20;140
0;ADR264;FAR6_SCALE_2024-07-10_8_55;3.0;FAR6_SCALE;2024-07-10;8;55
0;ADN763;FAR6_SCALE_2024-07-10_7_48;4.0;FAR6_SCALE;2024-07-10;7;48
0;ADN763;FAR6_SCALE_2024-07-10_11_74;17.0;FAR6_SCALE;2024-07-10;11;74
0;ADR984;FAR6_SCALE_2024-07-10_3_01;2.0;FAR6_SCALE;2024-07-10;3;1
0;ABR264;FAR6_SCALE_2024-07-10_8_56;1.0;FAR6_SCALE;2024-07-10;8;56
0;ADN763;FAR6_SCALE_2024-07-10_6_27;8.0;FAR6_SCALE;2024-07-10;6;27
0;ADN764;FAR6_SCALE_2024-07-10_3_04;3.0;FAR6_SCALE;2024-07-10;3;4
0;ADE019;FAR6_SCALE_2024-07-10_7_42;14.0;FAR6_SCALE;2024-07-10;7;42
0;ADP799;FAR6_SCALE_2024-07-10_8_52;6.0;FAR6_SCALE;2024-07-10;8;52
0;ADN763;FAR6_SCALE_2024-07-10_4_13;60.0;FAR6_SCALE;2024-07-10;4;13
0;ADE019;FAR6_SCALE_2024-07-10_5_24;1.0;FAR6_SCALE;2024-07-10;5;24
0;ADE019;FAR6_SCALE_2024-07-10_7_41;13.0;FAR6_SCALE;2024-07-10;7;41
0;ADN763;FAR6_SCALE_2024-07-10_6_32;24.0;FAR6_SCALE;2024-07-10;6;32
0;ADR476;FAR6_SCALE_2024-07-10_5_26;1.0;FAR6_SCALE;2024-07-10;5;26
0;ADN763;FAR6_SCALE_2024-07-10_5_23;28.0;FAR6_SCALE;2024-07-10;5;23
0;ADE019;FAR6_SCALE_2024-07-10_12_84;8.0;FAR6_SCALE;2024-07-10;12;84
0;ADE019;FAR6_SCALE_2024-07-10_12_83;32.0;FAR6_SCALE;2024-07-10;12;83
0;ADN763;FAR6_SCALE_2024-07-10_5_18;4.0;FAR6_SCALE;2024-07-10;5;18
0;ADN763;FAR6_SCALE_2024-07-10_20_142;4.0;FAR6_SCALE;2024-07-10;20;142
0;ADN763;FAR6_SCALE_2024-07-10_6_28;34.0;FAR6_SCALE;2024-07-10;6;28
0;ADP488;FAR6_SCALE_2024-07-10_6_31;3.0;FAR6_SCALE;2024-07-10;6;31
0;ADE019;FAR6_SCALE_2024-07-10_20_131;1.0;FAR6_SCALE;2024-07-10;20;131
0;ADE019;FAR6_SCALE_2024-07-10_9_63;1.0;FAR6_SCALE;2024-07-10;9;63
0;ADP771;FAR6_SCALE_2024-07-10_5_17;8.0;FAR6_SCALE;2024-07-10;5;17
0;ADN763;FAR6_SCALE_2024-07-10_4_10;14.0;FAR6_SCALE;2024-07-10;4;10
0;ADN763;FAR6_SCALE_2024-07-10_20_133;1.0;FAR6_SCALE;2024-07-10;20;133
0;ADN763;FAR6_SCALE_2024-07-10_8_54;39.0;FAR6_SCALE;2024-07-10;8;54
0;ADP793;FAR6_SCALE_2024-07-10_19_127;37.0;FAR6_SCALE;2024-07-10;19;127
0;ADP793;FAR6_SCALE_2024-07-10_21_149;1.0;FAR6_SCALE;2024-07-10;21;149
0;ADP793;FAR6_SCALE_2024-07-10_15_101;6.0;FAR6_SCALE;2024-07-10;15;101
0;ADE019;FAR6_SCALE_2024-07-10_8_53;2.0;FAR6_SCALE;2024-07-10;8;53
0;ADE010;FAR6_SCALE_2024-07-10_5_19;1.0;FAR6_SCALE;2024-07-10;5;19
0;ADE019;FAR6_SCALE_2024-07-10_6_34;1.0;FAR6_SCALE;2024-07-10;6;34
0;ADE019;FAR6_SCALE_2024-07-10_4_12;1.0;FAR6_SCALE;2024-07-10;4;12
0;ADE019;FAR6_SCALE_2024-07-11_6_26;1.0;FAR6_SCALE;2024-07-11;6;26
0;ADE067;FAR6_SCALE_2024-07-11_21_79;1.0;FAR6_SCALE;2024-07-11;21;79
0;ADN763;FAR6_SCALE_2024-07-11_5_19;19.0;FAR6_SCALE;2024-07-11;5;19
0;ADR274;FAR6_SCALE_2024-07-11_15_61;15.0;FAR6_SCALE;2024-07-11;15;61
0;ADR224;FAR6_SCALE_2024-07-11_16_62;1.0;FAR6_SCALE;2024-07-11;16;62
0;ADA513;FAR6_SCALE_2024-07-11_20_68;2.0;FAR6_SCALE;2024-07-11;20;68
0;ADE010;FAR6_SCALE_2024-07-11_7_39;1.0;FAR6_SCALE;2024-07-11;7;39
0;ADE019;FAR6_SCALE_2024-07-11_6_28;3.0;FAR6_SCALE;2024-07-11;6;28
0;ADE059;FAR6_SCALE_2024-07-11_10_57;4.0;FAR6_SCALE;2024-07-11;10;57
0;ADE650;FAR6_SCALE_2024-07-11_10_53;1.0;FAR6_SCALE;2024-07-11;10;53
0;ADN763;FAR6_SCALE_2024-07-11_4_07;3.0;FAR6_SCALE;2024-07-11;4;7
0;ADP652;FAR6_SCALE_2024-07-11_14_60;45.0;FAR6_SCALE;2024-07-11;14;60
0;ADE059;FAR6_SCALE_2024-07-11_10_55;3.0;FAR6_SCALE;2024-07-11;10;55
0;ADA513;FAR6_SCALE_2024-07-11_13_59;6.0;FAR6_SCALE;2024-07-11;13;59
0;ADN763;FAR6_SCALE_2024-07-11_4_12;7.0;FAR6_SCALE;2024-07-11;4;12
0;ADN763;FAR6_SCALE_2024-07-11_4_11;2.0;FAR6_SCALE;2024-07-11;4;11
0;ADN763;FAR6_SCALE_2024-07-11_4_13;2.0;FAR6_SCALE;2024-07-11;4;13
0;ADE159;FAR6_SCALE_2024-07-11_20_71;1.0;FAR6_SCALE;2024-07-11;20;71
0;ADN763;FAR6_SCALE_2024-07-11_5_21;4.0;FAR6_SCALE;2024-07-11;5;21
0;ADE059;FAR6_SCALE_2024-07-11_10_54;2.0;FAR6_SCALE;2024-07-11;10;54
0;ADE050;FAR6_SCALE_2024-07-12_4_08;2.0;FAR6_SCALE;2024-07-12;4;8
0;ADP793;FAR6_SCALE_2024-07-12_12_79;52.0;FAR6_SCALE;2024-07-12;12;79
0;ADE019;FAR6_SCALE_2024-07-12_7_35;1.0;FAR6_SCALE;2024-07-12;7;35
0;ADE010;FAR6_SCALE_2024-07-12_6_24;1.0;FAR6_SCALE;2024-07-12;6;24
0;ADP488;FAR6_SCALE_2024-07-12_4_13;4.0;FAR6_SCALE;2024-07-12;4;13
0;ADN763;FAR6_SCALE_2024-07-12_5_16;4.0;FAR6_SCALE;2024-07-12;5;16
0;ADR007;FAR6_SCALE_2024-07-12_15_87;1.0;FAR6_SCALE;2024-07-12;15;87
0;ADE019;FAR6_SCALE_2024-07-12_7_36;2.0;FAR6_SCALE;2024-07-12;7;36
0;ADE019;FAR6_SCALE_2024-07-12_7_33;4.0;FAR6_SCALE;2024-07-12;7;33
0;ADN763;FAR6_SCALE_2024-07-12_5_23;17.0;FAR6_SCALE;2024-07-12;5;23
0;ADN753;FAR6_SCALE_2024-07-12_4_06;1.0;FAR6_SCALE;2024-07-12;4;6
0;ADN694;FAR6_SCALE_2024-07-12_4_09;1.0;FAR6_SCALE;2024-07-12;4;9
0;ADP785;FAR6_SCALE_2024-07-12_8_47;10.0;FAR6_SCALE;2024-07-12;8;47
0;ADN763;FAR6_SCALE_2024-07-12_8_40;31.0;FAR6_SCALE;2024-07-12;8;40
0;ADE019;FAR6_SCALE_2024-07-12_11_74;2.0;FAR6_SCALE;2024-07-12;11;74
0;ADN763;FAR6_SCALE_2024-07-12_4_07;5.0;FAR6_SCALE;2024-07-12;4;7
0;ADN763;FAR6_SCALE_2024-07-12_8_51;1.0;FAR6_SCALE;2024-07-12;8;51
0;ADN763;FAR6_SCALE_2024-07-12_5_17;9.0;FAR6_SCALE;2024-07-12;5;17
0;ADN763;FAR6_SCALE_2024-07-12_8_52;2.0;FAR6_SCALE;2024-07-12;8;52
0;ADP791;FAR6_SCALE_2024-07-12_13_84;9.0;FAR6_SCALE;2024-07-12;13;84
0;ADE310;FAR6_SCALE_2024-07-12_7_30;1.0;FAR6_SCALE;2024-07-12;7;30
0;ADE019;FAR6_SCALE_2024-07-12_7_39;6.0;FAR6_SCALE;2024-07-12;7;39
0;ADE019;FAR6_SCALE_2024-07-12_6_25;3.0;FAR6_SCALE;2024-07-12;6;25
0;ADE019;FAR6_SCALE_2024-07-12_9_57;2.0;FAR6_SCALE;2024-07-12;9;57
0;ADN203;FAR6_SCALE_2024-07-12_3_01;1.0;FAR6_SCALE;2024-07-12;3;1
0;ADP791;FAR6_SCALE_2024-07-12_13_85;3.0;FAR6_SCALE;2024-07-12;13;85
0;ADN763;FAR6_SCALE_2024-07-12_6_28;45.0;FAR6_SCALE;2024-07-12;6;28
0;ADE019;FAR6_SCALE_2024-07-12_12_80;2.0;FAR6_SCALE;2024-07-12;12;80
0;ADN763;FAR6_SCALE_2024-07-12_7_38;12.0;FAR6_SCALE;2024-07-12;7;38
0;ADE059;FAR6_SCALE_2024-07-12_4_10;2.0;FAR6_SCALE;2024-07-12;4;10
0;ADP793;FAR6_SCALE_2024-07-12_11_70;26.0;FAR6_SCALE;2024-07-12;11;70
0;ADN763;FAR6_SCALE_2024-07-12_4_11;3.0;FAR6_SCALE;2024-07-12;4;11
0;ADP793;FAR6_SCALE_2024-07-12_8_44;1.0;FAR6_SCALE;2024-07-12;8;44
0;ADF793;FAR6_SCALE_2024-07-12_8_42;2.0;FAR6_SCALE;2024-07-12;8;42
0;ADE510;FAR6_SCALE_2024-07-12_8_48;1.0;FAR6_SCALE;2024-07-12;8;48
0;ADE019;FAR6_SCALE_2024-07-12_9_58;3.0;FAR6_SCALE;2024-07-12;9;58
0;ADN763;FAR6_SCALE_2024-07-12_9_55;21.0;FAR6_SCALE;2024-07-12;9;55
0;ADE059;FAR6_SCALE_2024-07-12_15_86;1.0;FAR6_SCALE;2024-07-12;15;86
0;ADE010;FAR6_SCALE_2024-07-13_8_49;1.0;FAR6_SCALE;2024-07-13;8;49
0;ADN263;FAR6_SCALE_2024-07-13_4_12;1.0;FAR6_SCALE;2024-07-13;4;12
0;ACL210;FAR6_SCALE_2024-07-13_12_64;16.0;FAR6_SCALE;2024-07-13;12;64
0;ADE019;FAR6_SCALE_2024-07-13_4_07;2.0;FAR6_SCALE;2024-07-13;4;7
0;ADN763;FAR6_SCALE_2024-07-13_4_08;4.0;FAR6_SCALE;2024-07-13;4;8
0;ADN763;FAR6_SCALE_2024-07-13_5_19;6.0;FAR6_SCALE;2024-07-13;5;19
0;ACL210;FAR6_SCALE_2024-07-13_12_65;2.0;FAR6_SCALE;2024-07-13;12;65
0;ABE019;FAR6_SCALE_2024-07-13_8_48;1.0;FAR6_SCALE;2024-07-13;8;48
0;ADE071;FAR6_SCALE_2024-07-13_10_55;10.0;FAR6_SCALE;2024-07-13;10;55
0;ADN763;FAR6_SCALE_2024-07-13_7_30;3.0;FAR6_SCALE;2024-07-13;7;30
0;ADP771;FAR6_SCALE_2024-07-13_5_21;7.0;FAR6_SCALE;2024-07-13;5;21
0;ADN763;FAR6_SCALE_2024-07-13_4_11;1.0;FAR6_SCALE;2024-07-13;4;11
0;ADP793;FAR6_SCALE_2024-07-13_4_03;11.0;FAR6_SCALE;2024-07-13;4;3
0;ADP770;FAR6_SCALE_2024-07-13_11_58;17.0;FAR6_SCALE;2024-07-13;11;58
0;ADP770;FAR6_SCALE_2024-07-13_11_57;11.0;FAR6_SCALE;2024-07-13;11;57
0;ADN763;FAR6_SCALE_2024-07-13_5_14;3.0;FAR6_SCALE;2024-07-13;5;14
0;ADN763;FAR6_SCALE_2024-07-13_6_24;19.0;FAR6_SCALE;2024-07-13;6;24
0;ADE019;FAR6_SCALE_2024-07-13_5_15;1.0;FAR6_SCALE;2024-07-13;5;15
0;ADE800;FAR6_SCALE_2024-07-13_8_42;1.0;FAR6_SCALE;2024-07-13;8;42
0;ADE019;FAR6_SCALE_2024-07-13_8_46;1.0;FAR6_SCALE;2024-07-13;8;46
0;ADP771;FAR6_SCALE_2024-07-13_13_66;7.0;FAR6_SCALE;2024-07-13;13;66
0;ADN763;FAR6_SCALE_2024-07-13_6_25;2.0;FAR6_SCALE;2024-07-13;6;25
0;ADE008;FAR6_SCALE_2024-07-13_6_29;4.0;FAR6_SCALE;2024-07-13;6;29
0;ADE019;FAR6_SCALE_2024-07-13_5_20;6.0;FAR6_SCALE;2024-07-13;5;20
0;ADE010;FAR6_SCALE_2024-07-13_8_44;1.0;FAR6_SCALE;2024-07-13;8;44
0;ADP771;FAR6_SCALE_2024-07-13_12_62;2.0;FAR6_SCALE;2024-07-13;12;62
0;ADE019;FAR6_SCALE_2024-07-14_21_85;3.0;FAR6_SCALE;2024-07-14;21;85
0;ADN763;FAR6_SCALE_2024-07-14_6_18;1.0;FAR6_SCALE;2024-07-14;6;18
0;ADN763;FAR6_SCALE_2024-07-14_8_31;21.0;FAR6_SCALE;2024-07-14;8;31
0;ADN763;FAR6_SCALE_2024-07-14_21_89;8.0;FAR6_SCALE;2024-07-14;21;89
0;ADE650;FAR6_SCALE_2024-07-14_5_12;2.0;FAR6_SCALE;2024-07-14;5;12
0;ADP793;FAR6_SCALE_2024-07-14_6_27;4.0;FAR6_SCALE;2024-07-14;6;27
0;ADR421;FAR6_SCALE_2024-07-14_5_07;8.0;FAR6_SCALE;2024-07-14;5;7
0;ADN763;FAR6_SCALE_2024-07-14_9_37;10.0;FAR6_SCALE;2024-07-14;9;37
0;ADN763;FAR6_SCALE_2024-07-14_6_26;2.0;FAR6_SCALE;2024-07-14;6;26
0;ADN763;FAR6_SCALE_2024-07-14_20_84;10.0;FAR6_SCALE;2024-07-14;20;84
0;ADP793;FAR6_SCALE_2024-07-14_6_24;10.0;FAR6_SCALE;2024-07-14;6;24
0;ADN763;FAR6_SCALE_2024-07-14_7_30;5.0;FAR6_SCALE;2024-07-14;7;30
0;ADR421;FAR6_SCALE_2024-07-14_5_08;1.0;FAR6_SCALE;2024-07-14;5;8
0;ADN763;FAR6_SCALE_2024-07-14_12_49;13.0;FAR6_SCALE;2024-07-14;12;49
0;ADN763;FAR6_SCALE_2024-07-14_21_93;4.0;FAR6_SCALE;2024-07-14;21;93
0;ADN763;FAR6_SCALE_2024-07-14_9_33;12.0;FAR6_SCALE;2024-07-14;9;33
0;ADN763;FAR6_SCALE_2024-07-14_10_43;2.0;FAR6_SCALE;2024-07-14;10;43
0;ADN763;FAR6_SCALE_2024-07-14_19_76;2.0;FAR6_SCALE;2024-07-14;19;76
0;ADE057;FAR6_SCALE_2024-07-15_11_67;1.0;FAR6_SCALE;2024-07-15;11;67
0;ADE019;FAR6_SCALE_2024-07-15_9_59;4.0;FAR6_SCALE;2024-07-15;9;59
0;ADP770;FAR6_SCALE_2024-07-15_5_24;3.0;FAR6_SCALE;2024-07-15;5;24
0;ADE008;FAR6_SCALE_2024-07-15_10_63;1.0;FAR6_SCALE;2024-07-15;10;63
0;ADE019;FAR6_SCALE_2024-07-15_14_73;2.0;FAR6_SCALE;2024-07-15;14;73
0;ADE019;FAR6_SCALE_2024-07-15_12_71;9.0;FAR6_SCALE;2024-07-15;12;71
0;ADN763;FAR6_SCALE_2024-07-15_4_15;1.0;FAR6_SCALE;2024-07-15;4;15
0;ADP793;FAR6_SCALE_2024-07-15_7_47;21.0;FAR6_SCALE;2024-07-15;7;47
0;ADE010;FAR6_SCALE_2024-07-15_9_62;5.0;FAR6_SCALE;2024-07-15;9;62
0;ADE019;FAR6_SCALE_2024-07-15_7_49;5.0;FAR6_SCALE;2024-07-15;7;49
0;ADP793;FAR6_SCALE_2024-07-15_6_40;14.0;FAR6_SCALE;2024-07-15;6;40
0;ADN751;FAR6_SCALE_2024-07-15_6_33;3.0;FAR6_SCALE;2024-07-15;6;33
0;ADR770;FAR6_SCALE_2024-07-15_5_22;2.0;FAR6_SCALE;2024-07-15;5;22
0;ADN769;FAR6_SCALE_2024-07-15_8_52;2.0;FAR6_SCALE;2024-07-15;8;52
0;ADN763;FAR6_SCALE_2024-07-15_4_16;3.0;FAR6_SCALE;2024-07-15;4;16
0;ADE312;FAR6_SCALE_2024-07-15_3_08;1.0;FAR6_SCALE;2024-07-15;3;8
0;ADE057;FAR6_SCALE_2024-07-15_11_68;7.0;FAR6_SCALE;2024-07-15;11;68
0;ADE019;FAR6_SCALE_2024-07-15_8_55;10.0;FAR6_SCALE;2024-07-15;8;55
0;ADE650;FAR6_SCALE_2024-07-15_12_70;1.0;FAR6_SCALE;2024-07-15;12;70
0;ADN763;FAR6_SCALE_2024-07-15_4_13;9.0;FAR6_SCALE;2024-07-15;4;13
0;ADA513;FAR6_SCALE_2024-07-15_3_10;1.0;FAR6_SCALE;2024-07-15;3;10
0;ADP770;FAR6_SCALE_2024-07-15_5_23;3.0;FAR6_SCALE;2024-07-15;5;23
0;ADE019;FAR6_SCALE_2024-07-16_9_27;2.0;FAR6_SCALE;2024-07-16;9;27
0;ADE019;FAR6_SCALE_2024-07-16_4_13;2.0;FAR6_SCALE;2024-07-16;4;13
0;ADR274;FAR6_SCALE_2024-07-16_6_19;116.0;FAR6_SCALE;2024-07-16;6;19
0;ADE019;FAR6_SCALE_2024-07-16_14_33;1.0;FAR6_SCALE;2024-07-16;14;33
0;ADE019;FAR6_SCALE_2024-07-16_4_06;8.0;FAR6_SCALE;2024-07-16;4;6
0;ADN763;FAR6_SCALE_2024-07-16_4_11;7.0;FAR6_SCALE;2024-07-16;4;11
0;ADE019;FAR6_SCALE_2024-07-16_9_29;21.0;FAR6_SCALE;2024-07-16;9;29
0;ADR007;FAR6_SCALE_2024-07-16_17_40;17.0;FAR6_SCALE;2024-07-16;17;40
0;ADE019;FAR6_SCALE_2024-07-16_14_34;1.0;FAR6_SCALE;2024-07-16;14;34
0;ADN763;FAR6_SCALE_2024-07-16_4_09;3.0;FAR6_SCALE;2024-07-16;4;9
0;ADN763;FAR6_SCALE_2024-07-16_4_15;3.0;FAR6_SCALE;2024-07-16;4;15
0;ADN763;FAR6_SCALE_2024-07-16_4_10;1.0;FAR6_SCALE;2024-07-16;4;10
0;ADN763;FAR6_SCALE_2024-07-17_6_15;7.0;FAR6_SCALE;2024-07-17;6;15
0;ADP777;FAR6_SCALE_2024-07-17_9_33;3.0;FAR6_SCALE;2024-07-17;9;33
0;ADP771;FAR6_SCALE_2024-07-17_9_32;17.0;FAR6_SCALE;2024-07-17;9;32
0;ADE057;FAR6_SCALE_2024-07-17_7_18;3.0;FAR6_SCALE;2024-07-17;7;18
0;ADP771;FAR6_SCALE_2024-07-17_9_34;8.0;FAR6_SCALE;2024-07-17;9;34
0;ADP771;FAR6_SCALE_2024-07-17_8_28;5.0;FAR6_SCALE;2024-07-17;8;28
0;ADP771;FAR6_SCALE_2024-07-17_11_41;8.0;FAR6_SCALE;2024-07-17;11;41
0;ADP771;FAR6_SCALE_2024-07-17_9_31;2.0;FAR6_SCALE;2024-07-17;9;31
0;ADP791;FAR6_SCALE_2024-07-17_10_36;13.0;FAR6_SCALE;2024-07-17;10;36
0;ADN763;FAR6_SCALE_2024-07-17_6_06;25.0;FAR6_SCALE;2024-07-17;6;6
0;ADA513;FAR6_SCALE_2024-07-17_11_42;6.0;FAR6_SCALE;2024-07-17;11;42
0;ADA513;FAR6_SCALE_2024-07-17_17_63;1.0;FAR6_SCALE;2024-07-17;17;63
0;ADN797;FAR6_SCALE_2024-07-18_8_25;4.0;FAR6_SCALE;2024-07-18;8;25
0;ADN763;FAR6_SCALE_2024-07-18_4_07;11.0;FAR6_SCALE;2024-07-18;4;7
0;ADP785;FAR6_SCALE_2024-07-18_7_21;3.0;FAR6_SCALE;2024-07-18;7;21
0;ADP793;FAR6_SCALE_2024-07-25_12_01;7.0;FAR6_SCALE;2024-07-25;12;1
0;ADP793;FAR6_SCALE_2024-07-27_6_02;9.0;FAR6_SCALE;2024-07-27;6;2
0;ADD609;FAR6_SCALE_2024-07-27_7_06;3.0;FAR6_SCALE;2024-07-27;7;6
0;ADP793;FAR6_SCALE_2024-07-27_11_11;13.0;FAR6_SCALE;2024-07-27;11;11
0;ADP791;FAR6_SCALE_2024-07-27_10_08;11.0;FAR6_SCALE;2024-07-27;10;8
0;ADP793;FAR6_SCALE_2024-07-27_7_04;8.0;FAR6_SCALE;2024-07-27;7;4
0;ADN763;FAR6_SCALE_2024-07-28_4_11;7.0;FAR6_SCALE;2024-07-28;4;11
0;ADP793;FAR6_SCALE_2024-07-28_6_20;64.0;FAR6_SCALE;2024-07-28;6;20
0;ADE290;FAR6_SCALE_2024-07-28_6_22;7.0;FAR6_SCALE;2024-07-28;6;22
0;ADP793;FAR6_SCALE_2024-07-28_5_18;7.0;FAR6_SCALE;2024-07-28;5;18
0;ADP785;FAR6_SCALE_2024-07-28_4_09;23.0;FAR6_SCALE;2024-07-28;4;9
0;ADP875;FAR6_SCALE_2024-07-28_11_28;10.0;FAR6_SCALE;2024-07-28;11;28
0;ADP785;FAR6_SCALE_2024-07-28_4_07;30.0;FAR6_SCALE;2024-07-28;4;7
0;ADP875;FAR6_SCALE_2024-07-28_11_27;22.0;FAR6_SCALE;2024-07-28;11;27
0;ADP708;FAR6_SCALE_2024-07-28_14_31;4.0;FAR6_SCALE;2024-07-28;14;31
0;ADP488;FAR6_SCALE_2024-07-29_5_00;3.0;FAR6_SCALE;2024-07-29;5;0
0;ADP488;FAR6_SCALE_2024-07-31_7_00;9.0;FAR6_SCALE;2024-07-31;7;0
0;ADE008;FAR6BONDEN6_SCALE_2023-05-08_10_05;10.0;FAR6BONDEN6_SCALE;2023-05-08;10;5
0;ADE000;FAR6BONDEN6_SCALE_2023-05-09_21_16;3.0;FAR6BONDEN6_SCALE;2023-05-09;21;16
0;ADE009;FAR6BONDEN6_SCALE_2023-05-09_21_17;9.0;FAR6BONDEN6_SCALE;2023-05-09;21;17
0;ADE800;FAR6BONDEN6_SCALE_2023-05-12_19_09;4.0;FAR6BONDEN6_SCALE;2023-05-12;19;9
0;ACP276;FAR6BONDEN6_SCALE_2023-05-13_11_15;8.0;FAR6BONDEN6_SCALE;2023-05-13;11;15
0;ACP276;FAR6BONDEN6_SCALE_2023-05-15_21_15;10.0;FAR6BONDEN6_SCALE;2023-05-15;21;15
0;ACP276;FAR6BONDEN6_SCALE_2023-05-21_13_06;14.0;FAR6BONDEN6_SCALE;2023-05-21;13;6
0;ACP276;FAR6BONDEN6_SCALE_2023-05-21_11_02;18.0;FAR6BONDEN6_SCALE;2023-05-21;11;2
0;ACP276;FAR6BONDEN6_SCALE_2023-05-21_10_01;1.0;FAR6BONDEN6_SCALE;2023-05-21;10;1
0;ADE000;FAR6BONDEN6_SCALE_2023-05-23_11_14;34.0;FAR6BONDEN6_SCALE;2023-05-23;11;14
0;ACP276;FAR6BONDEN6_SCALE_2023-05-24_6_23;18.0;FAR6BONDEN6_SCALE;2023-05-24;6;23
0;ACP276;FAR6BONDEN6_SCALE_2023-05-24_7_24;24.0;FAR6BONDEN6_SCALE;2023-05-24;7;24
0;ADP352;FAR6BONDEN6_SCALE_2023-05-25_5_24;5.0;FAR6BONDEN6_SCALE;2023-05-25;5;24
0;ADE008;FAR6BONDEN6_SCALE_2023-05-26_13_13;46.0;FAR6BONDEN6_SCALE;2023-05-26;13;13
0;ACP276;FAR6BONDEN6_SCALE_2023-05-26_8_09;41.0;FAR6BONDEN6_SCALE;2023-05-26;8;9
0;ADF002;FAR6BONDEN6_SCALE_2023-05-26_12_11;1.0;FAR6BONDEN6_SCALE;2023-05-26;12;11
0;ADD609;FAR6BONDEN6_SCALE_2023-05-26_13_12;11.0;FAR6BONDEN6_SCALE;2023-05-26;13;12
0;ACP276;FAR6BONDEN6_SCALE_2023-05-26_8_10;17.0;FAR6BONDEN6_SCALE;2023-05-26;8;10
0;ADN784;FAR6BONDEN6_SCALE_2023-05-29_14_78;46.0;FAR6BONDEN6_SCALE;2023-05-29;14;78
0;ADN784;FAR6BONDEN6_SCALE_2023-05-29_14_77;63.0;FAR6BONDEN6_SCALE;2023-05-29;14;77
0;ADN609;FAR6BONDEN6_SCALE_2023-05-29_4_71;20.0;FAR6BONDEN6_SCALE;2023-05-29;4;71
0;ADN784;FAR6BONDEN6_SCALE_2023-05-29_14_76;2.0;FAR6BONDEN6_SCALE;2023-05-29;14;76
0;ADG445;FAR6BONDEN6_SCALE_2023-05-29_4_72;6.0;FAR6BONDEN6_SCALE;2023-05-29;4;72
0;ADG445;FAR6BONDEN6_SCALE_2023-05-30_4_14;15.0;FAR6BONDEN6_SCALE;2023-05-30;4;14
0;ADN784;FAR6BONDEN6_SCALE_2023-05-31_14_82;63.0;FAR6BONDEN6_SCALE;2023-05-31;14;82
0;ACP276;FAR6BONDEN6_SCALE_2023-05-31_12_76;10.0;FAR6BONDEN6_SCALE;2023-05-31;12;76
0;ADN784;FAR6BONDEN6_SCALE_2023-05-31_14_78;81.0;FAR6BONDEN6_SCALE;2023-05-31;14;78
0;ADN784;FAR6BONDEN6_SCALE_2023-05-31_13_77;93.0;FAR6BONDEN6_SCALE;2023-05-31;13;77
0;ACP920;FAR6BONDEN6_SCALE_2023-05-31_7_69;2.0;FAR6BONDEN6_SCALE;2023-05-31;7;69
0;ACP923;FAR6BONDEN6_SCALE_2023-05-31_11_75;2.0;FAR6BONDEN6_SCALE;2023-05-31;11;75
0;ACP276;FAR6BONDEN6_SCALE_2023-05-31_3_67;9.0;FAR6BONDEN6_SCALE;2023-05-31;3;67
0;ACR276;FAR6BONDEN6_SCALE_2023-05-31_9_73;2.0;FAR6BONDEN6_SCALE;2023-05-31;9;73
0;ADE036;FAR6BONDEN6_SCALE_2023-06-01_10_32;34.0;FAR6BONDEN6_SCALE;2023-06-01;10;32
0;ADE018;FAR6BONDEN6_SCALE_2023-06-01_16_34;46.0;FAR6BONDEN6_SCALE;2023-06-01;16;34
0;ADE018;FAR6BONDEN6_SCALE_2023-06-02_13_34;7.0;FAR6BONDEN6_SCALE;2023-06-02;13;34
0;ACP276;FAR6BONDEN6_SCALE_2023-06-02_21_47;4.0;FAR6BONDEN6_SCALE;2023-06-02;21;47
0;ACP276;FAR6BONDEN6_SCALE_2023-06-02_7_32;9.0;FAR6BONDEN6_SCALE;2023-06-02;7;32
0;ADN899;FAR6BONDEN6_SCALE_2023-06-02_14_35;23.0;FAR6BONDEN6_SCALE;2023-06-02;14;35
0;ACP200;FAR6BONDEN6_SCALE_2023-06-03_21_83;1.0;FAR6BONDEN6_SCALE;2023-06-03;21;83
0;ADE019;FAR6BONDEN6_SCALE_2023-06-04_18_28;4.0;FAR6BONDEN6_SCALE;2023-06-04;18;28
0;ADE039;FAR6BONDEN6_SCALE_2023-06-04_12_26;19.0;FAR6BONDEN6_SCALE;2023-06-04;12;26
0;ADN784;FAR6BONDEN6_SCALE_2023-06-05_18_31;2.0;FAR6BONDEN6_SCALE;2023-06-05;18;31
0;ADN784;FAR6BONDEN6_SCALE_2023-06-05_12_29;95.0;FAR6BONDEN6_SCALE;2023-06-05;12;29
0;ADA843;FAR6BONDEN6_SCALE_2023-06-05_3_21;4.0;FAR6BONDEN6_SCALE;2023-06-05;3;21
0;ADE019;FAR6BONDEN6_SCALE_2023-06-05_12_30;15.0;FAR6BONDEN6_SCALE;2023-06-05;12;30
0;ADD600;FAR6BONDEN6_SCALE_2023-06-05_4_23;3.0;FAR6BONDEN6_SCALE;2023-06-05;4;23
0;ADN792;FAR6BONDEN6_SCALE_2023-06-05_4_24;37.0;FAR6BONDEN6_SCALE;2023-06-05;4;24
0;ADE000;FAR6BONDEN6_SCALE_2023-06-05_5_25;7.0;FAR6BONDEN6_SCALE;2023-06-05;5;25
0;ADE000;FAR6BONDEN6_SCALE_2023-06-05_7_27;19.0;FAR6BONDEN6_SCALE;2023-06-05;7;27
0;ADN784;FAR6BONDEN6_SCALE_2023-06-06_12_41;69.0;FAR6BONDEN6_SCALE;2023-06-06;12;41
0;ADA843;FAR6BONDEN6_SCALE_2023-06-07_21_61;10.0;FAR6BONDEN6_SCALE;2023-06-07;21;61
0;ADA513;FAR6BONDEN6_SCALE_2023-06-07_4_58;13.0;FAR6BONDEN6_SCALE;2023-06-07;4;58
0;ADE000;FAR6BONDEN6_SCALE_2023-06-07_19_60;1.0;FAR6BONDEN6_SCALE;2023-06-07;19;60
0;ACH276;FAR6BONDEN6_SCALE_2023-06-09_17_59;2.0;FAR6BONDEN6_SCALE;2023-06-09;17;59
0;ADN784;FAR6BONDEN6_SCALE_2023-06-09_8_51;16.0;FAR6BONDEN6_SCALE;2023-06-09;8;51
0;ADN784;FAR6BONDEN6_SCALE_2023-06-09_6_47;83.0;FAR6BONDEN6_SCALE;2023-06-09;6;47
0;ADN784;FAR6BONDEN6_SCALE_2023-06-09_5_43;55.0;FAR6BONDEN6_SCALE;2023-06-09;5;43
0;ADN784;FAR6BONDEN6_SCALE_2023-06-09_6_44;69.0;FAR6BONDEN6_SCALE;2023-06-09;6;44
0;ADN784;FAR6BONDEN6_SCALE_2023-06-09_8_52;10.0;FAR6BONDEN6_SCALE;2023-06-09;8;52
0;ADN792;FAR6BONDEN6_SCALE_2023-06-09_10_54;8.0;FAR6BONDEN6_SCALE;2023-06-09;10;54
0;ADN792;FAR6BONDEN6_SCALE_2023-06-09_5_41;6.0;FAR6BONDEN6_SCALE;2023-06-09;5;41
0;ADN784;FAR6BONDEN6_SCALE_2023-06-09_12_56;15.0;FAR6BONDEN6_SCALE;2023-06-09;12;56
0;ADN784;FAR6BONDEN6_SCALE_2023-06-09_5_42;24.0;FAR6BONDEN6_SCALE;2023-06-09;5;42
0;ADN784;FAR6BONDEN6_SCALE_2023-06-09_6_48;40.0;FAR6BONDEN6_SCALE;2023-06-09;6;48
0;ADA513;FAR6BONDEN6_SCALE_2023-06-09_16_58;21.0;FAR6BONDEN6_SCALE;2023-06-09;16;58
0;ADN763;FAR6BONDEN6_SCALE_2023-06-10_5_24;82.0;FAR6BONDEN6_SCALE;2023-06-10;5;24
0;ADA513;FAR6BONDEN6_SCALE_2023-06-10_4_16;34.0;FAR6BONDEN6_SCALE;2023-06-10;4;16
0;ADE018;FAR6BONDEN6_SCALE_2023-06-10_13_27;11.0;FAR6BONDEN6_SCALE;2023-06-10;13;27
0;ADA513;FAR6BONDEN6_SCALE_2023-06-10_4_17;17.0;FAR6BONDEN6_SCALE;2023-06-10;4;17
0;ADE000;FAR6BONDEN6_SCALE_2023-06-10_14_28;73.0;FAR6BONDEN6_SCALE;2023-06-10;14;28
0;ADE000;FAR6BONDEN6_SCALE_2023-06-10_12_25;4.0;FAR6BONDEN6_SCALE;2023-06-10;12;25
0;ADE018;FAR6BONDEN6_SCALE_2023-06-10_13_26;1.0;FAR6BONDEN6_SCALE;2023-06-10;13;26
0;ADN792;FAR6BONDEN6_SCALE_2023-06-11_7_33;9.0;FAR6BONDEN6_SCALE;2023-06-11;7;33
0;ADA513;FAR6BONDEN6_SCALE_2023-06-11_4_29;13.0;FAR6BONDEN6_SCALE;2023-06-11;4;29
0;ADE000;FAR6BONDEN6_SCALE_2023-06-11_6_30;4.0;FAR6BONDEN6_SCALE;2023-06-11;6;30
0;ADP500;FAR6BONDEN6_SCALE_2023-06-11_21_35;25.0;FAR6BONDEN6_SCALE;2023-06-11;21;35
0;ADN784;FAR6BONDEN6_SCALE_2023-06-12_18_62;6.0;FAR6BONDEN6_SCALE;2023-06-12;18;62
0;ADN792;FAR6BONDEN6_SCALE_2023-06-12_7_56;10.0;FAR6BONDEN6_SCALE;2023-06-12;7;56
0;ADE019;FAR6BONDEN6_SCALE_2023-06-12_16_61;16.0;FAR6BONDEN6_SCALE;2023-06-12;16;61
0;ADE000;FAR6BONDEN6_SCALE_2023-06-12_7_55;3.0;FAR6BONDEN6_SCALE;2023-06-12;7;55
0;ADE000;FAR6BONDEN6_SCALE_2023-06-12_4_53;19.0;FAR6BONDEN6_SCALE;2023-06-12;4;53
0;ADN792;FAR6BONDEN6_SCALE_2023-06-12_7_57;6.0;FAR6BONDEN6_SCALE;2023-06-12;7;57
0;ADE000;FAR6BONDEN6_SCALE_2023-06-12_9_58;24.0;FAR6BONDEN6_SCALE;2023-06-12;9;58
0;ADN784;FAR6BONDEN6_SCALE_2023-06-12_14_60;168.0;FAR6BONDEN6_SCALE;2023-06-12;14;60
0;ADN784;FAR6BONDEN6_SCALE_2023-06-12_11_59;62.0;FAR6BONDEN6_SCALE;2023-06-12;11;59
0;ADN789;FAR6BONDEN6_SCALE_2023-06-12_19_64;5.0;FAR6BONDEN6_SCALE;2023-06-12;19;64
0;ADN789;FAR6BONDEN6_SCALE_2023-06-13_12_52;86.0;FAR6BONDEN6_SCALE;2023-06-13;12;52
0;ADE000;FAR6BONDEN6_SCALE_2023-06-13_10_50;43.0;FAR6BONDEN6_SCALE;2023-06-13;10;50
0;ADE000;FAR6BONDEN6_SCALE_2023-06-13_7_47;10.0;FAR6BONDEN6_SCALE;2023-06-13;7;47
0;ADA513;FAR6BONDEN6_SCALE_2023-06-13_10_51;51.0;FAR6BONDEN6_SCALE;2023-06-13;10;51
0;ADP276;FAR6BONDEN6_SCALE_2023-06-13_12_55;24.0;FAR6BONDEN6_SCALE;2023-06-13;12;55
0;ADE000;FAR6BONDEN6_SCALE_2023-06-13_12_53;18.0;FAR6BONDEN6_SCALE;2023-06-13;12;53
0;ADN784;FAR6BONDEN6_SCALE_2023-06-13_14_58;29.0;FAR6BONDEN6_SCALE;2023-06-13;14;58
0;ADP500;FAR6BONDEN6_SCALE_2023-06-13_21_60;18.0;FAR6BONDEN6_SCALE;2023-06-13;21;60
0;ADN784;FAR6BONDEN6_SCALE_2023-06-13_9_49;154.0;FAR6BONDEN6_SCALE;2023-06-13;9;49
0;ADP500;FAR6BONDEN6_SCALE_2023-06-13_21_59;9.0;FAR6BONDEN6_SCALE;2023-06-13;21;59
0;ADN789;FAR6BONDEN6_SCALE_2023-06-13_14_57;102.0;FAR6BONDEN6_SCALE;2023-06-13;14;57
0;ADN784;FAR6BONDEN6_SCALE_2023-06-13_14_56;48.0;FAR6BONDEN6_SCALE;2023-06-13;14;56
0;ADA513;FAR6BONDEN6_SCALE_2023-06-14_5_38;44.0;FAR6BONDEN6_SCALE;2023-06-14;5;38
0;ADE019;FAR6BONDEN6_SCALE_2023-06-14_12_51;2.0;FAR6BONDEN6_SCALE;2023-06-14;12;51
0;ADN609;FAR6BONDEN6_SCALE_2023-06-14_11_45;85.0;FAR6BONDEN6_SCALE;2023-06-14;11;45
0;ADN609;FAR6BONDEN6_SCALE_2023-06-14_10_39;46.0;FAR6BONDEN6_SCALE;2023-06-14;10;39
0;ADE010;FAR6BONDEN6_SCALE_2023-06-14_11_43;1.0;FAR6BONDEN6_SCALE;2023-06-14;11;43
0;ADE019;FAR6BONDEN6_SCALE_2023-06-14_14_54;112.0;FAR6BONDEN6_SCALE;2023-06-14;14;54
0;ADN609;FAR6BONDEN6_SCALE_2023-06-14_12_50;29.0;FAR6BONDEN6_SCALE;2023-06-14;12;50
0;ADN784;FAR6BONDEN6_SCALE_2023-06-14_10_42;7.0;FAR6BONDEN6_SCALE;2023-06-14;10;42
0;ADN784;FAR6BONDEN6_SCALE_2023-06-14_18_56;59.0;FAR6BONDEN6_SCALE;2023-06-14;18;56
0;ADE010;FAR6BONDEN6_SCALE_2023-06-14_11_44;3.0;FAR6BONDEN6_SCALE;2023-06-14;11;44
0;ADE019;FAR6BONDEN6_SCALE_2023-06-14_11_49;55.0;FAR6BONDEN6_SCALE;2023-06-14;11;49
0;ADE018;FAR6BONDEN6_SCALE_2023-06-14_13_53;108.0;FAR6BONDEN6_SCALE;2023-06-14;13;53
0;ADE018;FAR6BONDEN6_SCALE_2023-06-14_11_46;9.0;FAR6BONDEN6_SCALE;2023-06-14;11;46
0;ADE019;FAR6BONDEN6_SCALE_2023-06-15_16_54;3.0;FAR6BONDEN6_SCALE;2023-06-15;16;54
0;ADE019;FAR6BONDEN6_SCALE_2023-06-15_14_52;16.0;FAR6BONDEN6_SCALE;2023-06-15;14;52
0;ADE019;FAR6BONDEN6_SCALE_2023-06-15_13_51;59.0;FAR6BONDEN6_SCALE;2023-06-15;13;51
0;ADN789;FAR6BONDEN6_SCALE_2023-06-15_18_59;4.0;FAR6BONDEN6_SCALE;2023-06-15;18;59
0;ADE019;FAR6BONDEN6_SCALE_2023-06-15_16_56;33.0;FAR6BONDEN6_SCALE;2023-06-15;16;56
0;ADD600;FAR6BONDEN6_SCALE_2023-06-15_11_50;5.0;FAR6BONDEN6_SCALE;2023-06-15;11;50
0;ADE019;FAR6BONDEN6_SCALE_2023-06-15_16_53;67.0;FAR6BONDEN6_SCALE;2023-06-15;16;53
0;ADP276;FAR6BONDEN6_SCALE_2023-06-16_18_57;13.0;FAR6BONDEN6_SCALE;2023-06-16;18;57
0;ADE019;FAR6BONDEN6_SCALE_2023-06-16_15_52;42.0;FAR6BONDEN6_SCALE;2023-06-16;15;52
0;ADN784;FAR6BONDEN6_SCALE_2023-06-16_17_55;60.0;FAR6BONDEN6_SCALE;2023-06-16;17;55
0;ADE000;FAR6BONDEN6_SCALE_2023-06-16_7_40;6.0;FAR6BONDEN6_SCALE;2023-06-16;7;40
0;ADP276;FAR6BONDEN6_SCALE_2023-06-16_14_51;2.0;FAR6BONDEN6_SCALE;2023-06-16;14;51
0;ADE000;FAR6BONDEN6_SCALE_2023-06-16_7_39;4.0;FAR6BONDEN6_SCALE;2023-06-16;7;39
0;ADP276;FAR6BONDEN6_SCALE_2023-06-16_21_61;16.0;FAR6BONDEN6_SCALE;2023-06-16;21;61
0;ADE019;FAR6BONDEN6_SCALE_2023-06-16_11_49;6.0;FAR6BONDEN6_SCALE;2023-06-16;11;49
0;ADE019;FAR6BONDEN6_SCALE_2023-06-16_17_54;14.0;FAR6BONDEN6_SCALE;2023-06-16;17;54
0;ADE019;FAR6BONDEN6_SCALE_2023-06-16_7_42;3.0;FAR6BONDEN6_SCALE;2023-06-16;7;42
0;ADN784;FAR6BONDEN6_SCALE_2023-06-16_9_48;7.0;FAR6BONDEN6_SCALE;2023-06-16;9;48
0;ADE019;FAR6BONDEN6_SCALE_2023-06-16_15_53;2.0;FAR6BONDEN6_SCALE;2023-06-16;15;53
0;ADE000;FAR6BONDEN6_SCALE_2023-06-16_12_50;30.0;FAR6BONDEN6_SCALE;2023-06-16;12;50
0;ADE019;FAR6BONDEN6_SCALE_2023-06-16_17_56;35.0;FAR6BONDEN6_SCALE;2023-06-16;17;56
0;ADN787;FAR6BONDEN6_SCALE_2023-06-17_13_37;14.0;FAR6BONDEN6_SCALE;2023-06-17;13;37
0;ADN763;FAR6BONDEN6_SCALE_2023-06-17_11_33;3.0;FAR6BONDEN6_SCALE;2023-06-17;11;33
0;ADP500;FAR6BONDEN6_SCALE_2023-06-17_6_22;41.0;FAR6BONDEN6_SCALE;2023-06-17;6;22
0;ADN784;FAR6BONDEN6_SCALE_2023-06-17_10_31;43.0;FAR6BONDEN6_SCALE;2023-06-17;10;31
0;ADN784;FAR6BONDEN6_SCALE_2023-06-17_6_21;37.0;FAR6BONDEN6_SCALE;2023-06-17;6;21
0;ADE000;FAR6BONDEN6_SCALE_2023-06-17_9_26;39.0;FAR6BONDEN6_SCALE;2023-06-17;9;26
0;ADE019;FAR6BONDEN6_SCALE_2023-06-17_8_23;18.0;FAR6BONDEN6_SCALE;2023-06-17;8;23
0;ADE019;FAR6BONDEN6_SCALE_2023-06-17_16_41;9.0;FAR6BONDEN6_SCALE;2023-06-17;16;41
0;ADE019;FAR6BONDEN6_SCALE_2023-06-17_19_43;15.0;FAR6BONDEN6_SCALE;2023-06-17;19;43
0;ADE019;FAR6BONDEN6_SCALE_2023-06-17_9_27;67.0;FAR6BONDEN6_SCALE;2023-06-17;9;27
0;ADE019;FAR6BONDEN6_SCALE_2023-06-17_15_40;6.0;FAR6BONDEN6_SCALE;2023-06-17;15;40
0;ADA513;FAR6BONDEN6_SCALE_2023-06-17_4_20;20.0;FAR6BONDEN6_SCALE;2023-06-17;4;20
0;ADA513;FAR6BONDEN6_SCALE_2023-06-17_10_30;32.0;FAR6BONDEN6_SCALE;2023-06-17;10;30
0;ADE019;FAR6BONDEN6_SCALE_2023-06-17_19_44;10.0;FAR6BONDEN6_SCALE;2023-06-17;19;44
0;ADE019;FAR6BONDEN6_SCALE_2023-06-17_11_35;9.0;FAR6BONDEN6_SCALE;2023-06-17;11;35
0;ADN784;FAR6BONDEN6_SCALE_2023-06-17_3_19;67.0;FAR6BONDEN6_SCALE;2023-06-17;3;19
0;ADP500;FAR6BONDEN6_SCALE_2023-06-17_9_25;1.0;FAR6BONDEN6_SCALE;2023-06-17;9;25
0;ADE019;FAR6BONDEN6_SCALE_2023-06-17_10_29;40.0;FAR6BONDEN6_SCALE;2023-06-17;10;29
0;ADE018;FAR6BONDEN6_SCALE_2023-06-17_16_42;23.0;FAR6BONDEN6_SCALE;2023-06-17;16;42
0;ADE019;FAR6BONDEN6_SCALE_2023-06-17_11_32;27.0;FAR6BONDEN6_SCALE;2023-06-17;11;32
0;ADN763;FAR6BONDEN6_SCALE_2023-06-17_11_34;8.0;FAR6BONDEN6_SCALE;2023-06-17;11;34
0;ADE018;FAR6BONDEN6_SCALE_2023-06-17_15_39;10.0;FAR6BONDEN6_SCALE;2023-06-17;15;39
0;ADE019;FAR6BONDEN6_SCALE_2023-06-18_16_63;87.0;FAR6BONDEN6_SCALE;2023-06-18;16;63
0;ADN789;FAR6BONDEN6_SCALE_2023-06-18_10_57;18.0;FAR6BONDEN6_SCALE;2023-06-18;10;57
0;ADA513;FAR6BONDEN6_SCALE_2023-06-18_4_54;2.0;FAR6BONDEN6_SCALE;2023-06-18;4;54
0;ADE019;FAR6BONDEN6_SCALE_2023-06-18_15_62;189.0;FAR6BONDEN6_SCALE;2023-06-18;15;62
0;ADE018;FAR6BONDEN6_SCALE_2023-06-18_5_55;8.0;FAR6BONDEN6_SCALE;2023-06-18;5;55
0;ADE018;FAR6BONDEN6_SCALE_2023-06-18_12_58;29.0;FAR6BONDEN6_SCALE;2023-06-18;12;58
0;ADE019;FAR6BONDEN6_SCALE_2023-06-18_17_64;96.0;FAR6BONDEN6_SCALE;2023-06-18;17;64
0;ADE019;FAR6BONDEN6_SCALE_2023-06-18_13_60;31.0;FAR6BONDEN6_SCALE;2023-06-18;13;60
0;ADE019;FAR6BONDEN6_SCALE_2023-06-18_14_61;4.0;FAR6BONDEN6_SCALE;2023-06-18;14;61
0;ADN787;FAR6BONDEN6_SCALE_2023-06-19_8_30;10.0;FAR6BONDEN6_SCALE;2023-06-19;8;30
0;ADN792;FAR6BONDEN6_SCALE_2023-06-19_5_29;4.0;FAR6BONDEN6_SCALE;2023-06-19;5;29
0;ADN784;FAR6BONDEN6_SCALE_2023-06-19_14_35;2.0;FAR6BONDEN6_SCALE;2023-06-19;14;35
0;ADE019;FAR6BONDEN6_SCALE_2023-06-19_15_36;121.0;FAR6BONDEN6_SCALE;2023-06-19;15;36
0;ADN784;FAR6BONDEN6_SCALE_2023-06-19_16_37;68.0;FAR6BONDEN6_SCALE;2023-06-19;16;37
0;ADN784;FAR6BONDEN6_SCALE_2023-06-19_17_38;44.0;FAR6BONDEN6_SCALE;2023-06-19;17;38
0;ADE019;FAR6BONDEN6_SCALE_2023-06-20_12_31;50.0;FAR6BONDEN6_SCALE;2023-06-20;12;31
0;ADP500;FAR6BONDEN6_SCALE_2023-06-20_20_35;1.0;FAR6BONDEN6_SCALE;2023-06-20;20;35
0;ADE010;FAR6BONDEN6_SCALE_2023-06-20_15_34;1.0;FAR6BONDEN6_SCALE;2023-06-20;15;34
0;ADE019;FAR6BONDEN6_SCALE_2023-06-20_4_25;14.0;FAR6BONDEN6_SCALE;2023-06-20;4;25
0;ADE010;FAR6BONDEN6_SCALE_2023-06-20_8_28;1.0;FAR6BONDEN6_SCALE;2023-06-20;8;28
0;ADE019;FAR6BONDEN6_SCALE_2023-06-20_14_33;33.0;FAR6BONDEN6_SCALE;2023-06-20;14;33
0;ADE019;FAR6BONDEN6_SCALE_2023-06-20_5_26;33.0;FAR6BONDEN6_SCALE;2023-06-20;5;26
0;ADN784;FAR6BONDEN6_SCALE_2023-06-20_6_27;39.0;FAR6BONDEN6_SCALE;2023-06-20;6;27
0;ADN792;FAR6BONDEN6_SCALE_2023-06-20_9_29;54.0;FAR6BONDEN6_SCALE;2023-06-20;9;29
0;ADN784;FAR6BONDEN6_SCALE_2023-06-20_10_30;8.0;FAR6BONDEN6_SCALE;2023-06-20;10;30
0;ADE019;FAR6BONDEN6_SCALE_2023-06-20_13_32;64.0;FAR6BONDEN6_SCALE;2023-06-20;13;32
0;ADA513;FAR6BONDEN6_SCALE_2023-06-21_21_38;3.0;FAR6BONDEN6_SCALE;2023-06-21;21;38
0;ADN792;FAR6BONDEN6_SCALE_2023-06-21_7_28;7.0;FAR6BONDEN6_SCALE;2023-06-21;7;28
0;ADE010;FAR6BONDEN6_SCALE_2023-06-21_9_31;20.0;FAR6BONDEN6_SCALE;2023-06-21;9;31
0;ADE019;FAR6BONDEN6_SCALE_2023-06-21_6_27;11.0;FAR6BONDEN6_SCALE;2023-06-21;6;27
0;ADE019;FAR6BONDEN6_SCALE_2023-06-21_12_35;34.0;FAR6BONDEN6_SCALE;2023-06-21;12;35
0;ADE019;FAR6BONDEN6_SCALE_2023-06-21_7_29;61.0;FAR6BONDEN6_SCALE;2023-06-21;7;29
0;ADE019;FAR6BONDEN6_SCALE_2023-06-21_8_30;44.0;FAR6BONDEN6_SCALE;2023-06-21;8;30
0;ADE059;FAR6BONDEN6_SCALE_2023-06-22_6_49;1.0;FAR6BONDEN6_SCALE;2023-06-22;6;49
0;ADN784;FAR6BONDEN6_SCALE_2023-06-22_14_57;85.0;FAR6BONDEN6_SCALE;2023-06-22;14;57
0;ADE100;FAR6BONDEN6_SCALE_2023-06-22_12_55;4.0;FAR6BONDEN6_SCALE;2023-06-22;12;55
0;ADE000;FAR6BONDEN6_SCALE_2023-06-22_15_58;43.0;FAR6BONDEN6_SCALE;2023-06-22;15;58
0;ACP276;FAR6BONDEN6_SCALE_2023-06-23_8_29;6.0;FAR6BONDEN6_SCALE;2023-06-23;8;29
0;ADN792;FAR6BONDEN6_SCALE_2023-06-23_3_26;39.0;FAR6BONDEN6_SCALE;2023-06-23;3;26
0;ADE000;FAR6BONDEN6_SCALE_2023-06-23_4_27;8.0;FAR6BONDEN6_SCALE;2023-06-23;4;27
0;ADE019;FAR6BONDEN6_SCALE_2023-06-23_14_37;1.0;FAR6BONDEN6_SCALE;2023-06-23;14;37
0;ACP422;FAR6BONDEN6_SCALE_2023-06-23_8_30;2.0;FAR6BONDEN6_SCALE;2023-06-23;8;30
0;ADE019;FAR6BONDEN6_SCALE_2023-06-23_14_38;35.0;FAR6BONDEN6_SCALE;2023-06-23;14;38
0;ACP276;FAR6BONDEN6_SCALE_2023-06-23_13_36;28.0;FAR6BONDEN6_SCALE;2023-06-23;13;36
0;ADE019;FAR6BONDEN6_SCALE_2023-06-23_16_39;25.0;FAR6BONDEN6_SCALE;2023-06-23;16;39
0;ADE013;FAR6BONDEN6_SCALE_2023-06-23_13_35;3.0;FAR6BONDEN6_SCALE;2023-06-23;13;35
0;ADE019;FAR6BONDEN6_SCALE_2023-06-24_11_44;55.0;FAR6BONDEN6_SCALE;2023-06-24;11;44
0;ADN784;FAR6BONDEN6_SCALE_2023-06-24_6_37;57.0;FAR6BONDEN6_SCALE;2023-06-24;6;37
0;ADE008;FAR6BONDEN6_SCALE_2023-06-24_14_50;1.0;FAR6BONDEN6_SCALE;2023-06-24;14;50
0;ADE019;FAR6BONDEN6_SCALE_2023-06-24_14_49;12.0;FAR6BONDEN6_SCALE;2023-06-24;14;49
0;ADE019;FAR6BONDEN6_SCALE_2023-06-24_12_45;50.0;FAR6BONDEN6_SCALE;2023-06-24;12;45
0;ADE019;FAR6BONDEN6_SCALE_2023-06-24_13_47;23.0;FAR6BONDEN6_SCALE;2023-06-24;13;47
0;ADE019;FAR6BONDEN6_SCALE_2023-06-24_5_36;28.0;FAR6BONDEN6_SCALE;2023-06-24;5;36
0;ADE019;FAR6BONDEN6_SCALE_2023-06-25_13_29;1.0;FAR6BONDEN6_SCALE;2023-06-25;13;29
0;ADE019;FAR6BONDEN6_SCALE_2023-06-25_12_28;41.0;FAR6BONDEN6_SCALE;2023-06-25;12;28
0;ADE019;FAR6BONDEN6_SCALE_2023-06-25_11_26;18.0;FAR6BONDEN6_SCALE;2023-06-25;11;26
0;ADE019;FAR6BONDEN6_SCALE_2023-06-25_7_20;8.0;FAR6BONDEN6_SCALE;2023-06-25;7;20
0;ADE019;FAR6BONDEN6_SCALE_2023-06-25_10_24;2.0;FAR6BONDEN6_SCALE;2023-06-25;10;24
0;ADE019;FAR6BONDEN6_SCALE_2023-06-25_12_27;44.0;FAR6BONDEN6_SCALE;2023-06-25;12;27
0;ADE019;FAR6BONDEN6_SCALE_2023-06-25_14_30;6.0;FAR6BONDEN6_SCALE;2023-06-25;14;30
0;ADA513;FAR6BONDEN6_SCALE_2023-06-26_3_51;25.0;FAR6BONDEN6_SCALE;2023-06-26;3;51
0;ADE019;FAR6BONDEN6_SCALE_2023-06-26_7_56;4.0;FAR6BONDEN6_SCALE;2023-06-26;7;56
0;ADE010;FAR6BONDEN6_SCALE_2023-06-26_7_55;8.0;FAR6BONDEN6_SCALE;2023-06-26;7;55
0;ADE019;FAR6BONDEN6_SCALE_2023-06-26_6_54;10.0;FAR6BONDEN6_SCALE;2023-06-26;6;54
0;ADE919;FAR6BONDEN6_SCALE_2023-06-26_8_59;6.0;FAR6BONDEN6_SCALE;2023-06-26;8;59
0;ADE019;FAR6BONDEN6_SCALE_2023-06-26_12_61;24.0;FAR6BONDEN6_SCALE;2023-06-26;12;61
0;ADE019;FAR6BONDEN6_SCALE_2023-06-26_6_53;11.0;FAR6BONDEN6_SCALE;2023-06-26;6;53
0;ADE019;FAR6BONDEN6_SCALE_2023-06-26_11_60;5.0;FAR6BONDEN6_SCALE;2023-06-26;11;60
0;ADA513;FAR6BONDEN6_SCALE_2023-06-27_9_64;43.0;FAR6BONDEN6_SCALE;2023-06-27;9;64
0;ACP276;FAR6BONDEN6_SCALE_2023-06-27_9_68;8.0;FAR6BONDEN6_SCALE;2023-06-27;9;68
0;ADA513;FAR6BONDEN6_SCALE_2023-06-27_9_66;20.0;FAR6BONDEN6_SCALE;2023-06-27;9;66
0;ACP276;FAR6BONDEN6_SCALE_2023-06-27_10_70;23.0;FAR6BONDEN6_SCALE;2023-06-27;10;70
0;ACP276;FAR6BONDEN6_SCALE_2023-06-27_10_71;2.0;FAR6BONDEN6_SCALE;2023-06-27;10;71
0;ADE610;FAR6BONDEN6_SCALE_2023-06-28_14_83;3.0;FAR6BONDEN6_SCALE;2023-06-28;14;83
0;ADA513;FAR6BONDEN6_SCALE_2023-06-28_7_70;16.0;FAR6BONDEN6_SCALE;2023-06-28;7;70
0;ADA513;FAR6BONDEN6_SCALE_2023-06-28_4_62;10.0;FAR6BONDEN6_SCALE;2023-06-28;4;62
0;ACP276;FAR6BONDEN6_SCALE_2023-06-28_7_69;5.0;FAR6BONDEN6_SCALE;2023-06-28;7;69
0;ADA513;FAR6BONDEN6_SCALE_2023-06-28_5_65;13.0;FAR6BONDEN6_SCALE;2023-06-28;5;65
0;ADE011;FAR6BONDEN6_SCALE_2023-06-28_4_64;20.0;FAR6BONDEN6_SCALE;2023-06-28;4;64
0;ADE019;FAR6BONDEN6_SCALE_2023-06-28_15_84;4.0;FAR6BONDEN6_SCALE;2023-06-28;15;84
0;ACP276;FAR6BONDEN6_SCALE_2023-06-28_6_68;3.0;FAR6BONDEN6_SCALE;2023-06-28;6;68
0;ADE010;FAR6BONDEN6_SCALE_2023-06-28_8_71;3.0;FAR6BONDEN6_SCALE;2023-06-28;8;71
0;ADE010;FAR6BONDEN6_SCALE_2023-06-28_11_75;1.0;FAR6BONDEN6_SCALE;2023-06-28;11;75
0;ADE011;FAR6BONDEN6_SCALE_2023-06-28_4_63;2.0;FAR6BONDEN6_SCALE;2023-06-28;4;63
0;ADE010;FAR6BONDEN6_SCALE_2023-06-30_8_54;11.0;FAR6BONDEN6_SCALE;2023-06-30;8;54
0;ADE019;FAR6BONDEN6_SCALE_2023-06-30_17_64;8.0;FAR6BONDEN6_SCALE;2023-06-30;17;64
0;ADE610;FAR6BONDEN6_SCALE_2023-06-30_8_55;2.0;FAR6BONDEN6_SCALE;2023-06-30;8;55
0;ADE019;FAR6BONDEN6_SCALE_2023-06-30_12_60;1.0;FAR6BONDEN6_SCALE;2023-06-30;12;60
0;ADN794;FAR6BONDEN6_SCALE_2023-07-03_3_12;110.0;FAR6BONDEN6_SCALE;2023-07-03;3;12
0;ADP488;FAR6BONDEN6_SCALE_2023-07-03_5_13;15.0;FAR6BONDEN6_SCALE;2023-07-03;5;13
0;ADP996;FAR6BONDEN6_SCALE_2023-07-05_9_49;3.0;FAR6BONDEN6_SCALE;2023-07-05;9;49
0;ADP150;FAR6BONDEN6_SCALE_2023-07-07_8_32;2.0;FAR6BONDEN6_SCALE;2023-07-07;8;32
0;ADA513;FAR6BONDEN6_SCALE_2023-07-08_8_27;8.0;FAR6BONDEN6_SCALE;2023-07-08;8;27
0;ADN794;FAR6BONDEN6_SCALE_2023-07-08_16_32;13.0;FAR6BONDEN6_SCALE;2023-07-08;16;32
0;ADG445;FAR6BONDEN6_SCALE_2023-07-09_14_28;11.0;FAR6BONDEN6_SCALE;2023-07-09;14;28
0;ADN784;FAR6BONDEN6_SCALE_2023-07-11_11_16;12.0;FAR6BONDEN6_SCALE;2023-07-11;11;16
0;ADB000;FAR6BONDEN6_SCALE_2023-07-12_12_13;2.0;FAR6BONDEN6_SCALE;2023-07-12;12;13
0;ADE250;FAR6BONDEN6_SCALE_2023-07-12_17_20;2.0;FAR6BONDEN6_SCALE;2023-07-12;17;20
0;ADG425;FAR6BONDEN6_SCALE_2023-07-13_15_21;1.0;FAR6BONDEN6_SCALE;2023-07-13;15;21
0;ADG425;FAR6BONDEN6_SCALE_2023-07-13_13_17;1.0;FAR6BONDEN6_SCALE;2023-07-13;13;17
0;ADN794;FAR6BONDEN6_SCALE_2023-07-13_13_16;1.0;FAR6BONDEN6_SCALE;2023-07-13;13;16
0;ADS155;FAR6BONDEN6_SCALE_2023-07-14_13_40;3.0;FAR6BONDEN6_SCALE;2023-07-14;13;40
0;ADP488;FAR6BONDEN6_SCALE_2023-07-14_13_39;3.0;FAR6BONDEN6_SCALE;2023-07-14;13;39
0;ADN794;FAR6BONDEN6_SCALE_2023-07-14_17_41;4.0;FAR6BONDEN6_SCALE;2023-07-14;17;41
0;ADG425;FAR6BONDEN6_SCALE_2023-07-15_11_08;1.0;FAR6BONDEN6_SCALE;2023-07-15;11;8
0;ACL200;FAR6BONDEN6_SCALE_2023-07-15_11_09;1.0;FAR6BONDEN6_SCALE;2023-07-15;11;9
0;ADP488;FAR6BONDEN6_SCALE_2023-07-16_17_20;1.0;FAR6BONDEN6_SCALE;2023-07-16;17;20
0;ACL210;FAR6BONDEN6_SCALE_2023-07-16_4_18;14.0;FAR6BONDEN6_SCALE;2023-07-16;4;18
0;ADR003;FAR6BONDEN6_SCALE_2023-07-19_13_34;3.0;FAR6BONDEN6_SCALE;2023-07-19;13;34
0;ADR003;FAR6BONDEN6_SCALE_2023-07-19_13_35;13.0;FAR6BONDEN6_SCALE;2023-07-19;13;35
0;ACL210;FAR6BONDEN6_SCALE_2023-07-21_17_36;4.0;FAR6BONDEN6_SCALE;2023-07-21;17;36
0;ADN783;FAR6BONDEN6_SCALE_2023-07-22_16_31;19.0;FAR6BONDEN6_SCALE;2023-07-22;16;31
0;ACL210;FAR6BONDEN6_SCALE_2023-07-22_13_28;5.0;FAR6BONDEN6_SCALE;2023-07-22;13;28
0;ADE010;FAR6BONDEN6_SCALE_2023-07-24_7_06;1.0;FAR6BONDEN6_SCALE;2023-07-24;7;6
0;ADP488;FAR6BONDEN6_SCALE_2024-05-17_18_09;1.0;FAR6BONDEN6_SCALE;2024-05-17;18;9
0;ADA513;FAR6BONDEN6_SCALE_2024-05-21_17_06;11.0;FAR6BONDEN6_SCALE;2024-05-21;17;6
0;ADD602;FAR6BONDEN6_SCALE_2024-05-24_20_19;1.0;FAR6BONDEN6_SCALE;2024-05-24;20;19
0;ADE008;FAR6BONDEN6_SCALE_2024-05-24_15_15;1.0;FAR6BONDEN6_SCALE;2024-05-24;15;15
0;ADE039;FAR6BONDEN6_SCALE_2024-05-25_6_10;24.0;FAR6BONDEN6_SCALE;2024-05-25;6;10
0;ADE039;FAR6BONDEN6_SCALE_2024-05-27_14_11;171.0;FAR6BONDEN6_SCALE;2024-05-27;14;11
0;ADE039;FAR6BONDEN6_SCALE_2024-05-27_17_12;6.0;FAR6BONDEN6_SCALE;2024-05-27;17;12
0;ADE071;FAR6BONDEN6_SCALE_2024-05-28_15_28;7.0;FAR6BONDEN6_SCALE;2024-05-28;15;28
0;ADE039;FAR6BONDEN6_SCALE_2024-05-28_19_29;58.0;FAR6BONDEN6_SCALE;2024-05-28;19;29
0;ADE039;FAR6BONDEN6_SCALE_2024-05-29_18_21;133.0;FAR6BONDEN6_SCALE;2024-05-29;18;21
0;ADE800;FAR6BONDEN6_SCALE_2024-06-01_15_23;14.0;FAR6BONDEN6_SCALE;2024-06-01;15;23
0;ADE039;FAR6BONDEN6_SCALE_2024-06-01_3_17;8.0;FAR6BONDEN6_SCALE;2024-06-01;3;17
0;ADP793;FAR6BONDEN6_SCALE_2024-06-01_13_20;1.0;FAR6BONDEN6_SCALE;2024-06-01;13;20
0;ADE008;FAR6BONDEN6_SCALE_2024-06-01_17_25;1.0;FAR6BONDEN6_SCALE;2024-06-01;17;25
0;ADE008;FAR6BONDEN6_SCALE_2024-06-01_14_21;9.0;FAR6BONDEN6_SCALE;2024-06-01;14;21
0;ADS249;FAR6BONDEN6_SCALE_2024-06-01_14_22;129.0;FAR6BONDEN6_SCALE;2024-06-01;14;22
0;ADE039;FAR6BONDEN6_SCALE_2024-06-01_7_18;27.0;FAR6BONDEN6_SCALE;2024-06-01;7;18
0;ADE800;FAR6BONDEN6_SCALE_2024-06-01_12_19;76.0;FAR6BONDEN6_SCALE;2024-06-01;12;19
0;ADE039;FAR6BONDEN6_SCALE_2024-06-02_17_24;88.0;FAR6BONDEN6_SCALE;2024-06-02;17;24
0;ADE039;FAR6BONDEN6_SCALE_2024-06-02_15_23;135.0;FAR6BONDEN6_SCALE;2024-06-02;15;23
0;ACP276;FAR6BONDEN6_SCALE_2024-06-02_5_19;21.0;FAR6BONDEN6_SCALE;2024-06-02;5;19
0;ADE039;FAR6BONDEN6_SCALE_2024-06-03_16_26;1.0;FAR6BONDEN6_SCALE;2024-06-03;16;26
0;ADE039;FAR6BONDEN6_SCALE_2024-06-04_4_20;7.0;FAR6BONDEN6_SCALE;2024-06-04;4;20
0;ADE019;FAR6BONDEN6_SCALE_2024-06-05_16_44;15.0;FAR6BONDEN6_SCALE;2024-06-05;16;44
0;ADE800;FAR6BONDEN6_SCALE_2024-06-05_12_43;23.0;FAR6BONDEN6_SCALE;2024-06-05;12;43
0;ADE800;FAR6BONDEN6_SCALE_2024-06-05_10_42;13.0;FAR6BONDEN6_SCALE;2024-06-05;10;42
0;ADE019;FAR6BONDEN6_SCALE_2024-06-05_7_41;20.0;FAR6BONDEN6_SCALE;2024-06-05;7;41
0;ADE008;FAR6BONDEN6_SCALE_2024-06-06_9_27;6.0;FAR6BONDEN6_SCALE;2024-06-06;9;27
0;ADS402;FAR6BONDEN6_SCALE_2024-06-06_14_30;3.0;FAR6BONDEN6_SCALE;2024-06-06;14;30
0;ADP782;FAR6BONDEN6_SCALE_2024-06-06_19_33;18.0;FAR6BONDEN6_SCALE;2024-06-06;19;33
0;ADE800;FAR6BONDEN6_SCALE_2024-06-07_19_31;2.0;FAR6BONDEN6_SCALE;2024-06-07;19;31
0;ADE019;FAR6BONDEN6_SCALE_2024-06-07_7_30;75.0;FAR6BONDEN6_SCALE;2024-06-07;7;30
0;ADP708;FAR6BONDEN6_SCALE_2024-06-07_21_33;1.0;FAR6BONDEN6_SCALE;2024-06-07;21;33
0;ADE039;FAR6BONDEN6_SCALE_2024-06-08_15_34;5.0;FAR6BONDEN6_SCALE;2024-06-08;15;34
0;ADE800;FAR6BONDEN6_SCALE_2024-06-09_10_74;22.0;FAR6BONDEN6_SCALE;2024-06-09;10;74
0;ADE620;FAR6BONDEN6_SCALE_2024-06-09_4_64;1.0;FAR6BONDEN6_SCALE;2024-06-09;4;64
0;ADS402;FAR6BONDEN6_SCALE_2024-06-09_13_78;6.0;FAR6BONDEN6_SCALE;2024-06-09;13;78
0;ADP708;FAR6BONDEN6_SCALE_2024-06-09_5_65;1.0;FAR6BONDEN6_SCALE;2024-06-09;5;65
0;ADE800;FAR6BONDEN6_SCALE_2024-06-09_11_76;11.0;FAR6BONDEN6_SCALE;2024-06-09;11;76
0;ADE020;FAR6BONDEN6_SCALE_2024-06-09_16_79;2.0;FAR6BONDEN6_SCALE;2024-06-09;16;79
0;ACD017;FAR6BONDEN6_SCALE_2024-06-11_4_44;1.0;FAR6BONDEN6_SCALE;2024-06-11;4;44
0;ADE800;FAR6BONDEN6_SCALE_2024-06-11_10_45;20.0;FAR6BONDEN6_SCALE;2024-06-11;10;45
0;ADP708;FAR6BONDEN6_SCALE_2024-06-12_11_48;6.0;FAR6BONDEN6_SCALE;2024-06-12;11;48
0;ADP708;FAR6BONDEN6_SCALE_2024-06-12_13_49;3.0;FAR6BONDEN6_SCALE;2024-06-12;13;49
0;ADP708;FAR6BONDEN6_SCALE_2024-06-12_11_47;12.0;FAR6BONDEN6_SCALE;2024-06-12;11;47
0;ADP708;FAR6BONDEN6_SCALE_2024-06-12_10_45;1.0;FAR6BONDEN6_SCALE;2024-06-12;10;45
0;ADP802;FAR6BONDEN6_SCALE_2024-06-12_8_43;1.0;FAR6BONDEN6_SCALE;2024-06-12;8;43
0;ADP708;FAR6BONDEN6_SCALE_2024-06-12_11_46;1.0;FAR6BONDEN6_SCALE;2024-06-12;11;46
0;ADP833;FAR6BONDEN6_SCALE_2024-06-13_18_30;2.0;FAR6BONDEN6_SCALE;2024-06-13;18;30
0;ACP276;FAR6BONDEN6_SCALE_2024-06-14_20_45;1.0;FAR6BONDEN6_SCALE;2024-06-14;20;45
0;ADN753;FAR6BONDEN6_SCALE_2024-06-14_6_41;1.0;FAR6BONDEN6_SCALE;2024-06-14;6;41
0;ADP652;FAR6BONDEN6_SCALE_2024-06-14_3_40;1.0;FAR6BONDEN6_SCALE;2024-06-14;3;40
0;ACD710;FAR6BONDEN6_SCALE_2024-06-15_18_34;17.0;FAR6BONDEN6_SCALE;2024-06-15;18;34
0;ADE019;FAR6BONDEN6_SCALE_2024-06-15_12_33;42.0;FAR6BONDEN6_SCALE;2024-06-15;12;33
0;ADP708;FAR6BONDEN6_SCALE_2024-06-16_7_16;1.0;FAR6BONDEN6_SCALE;2024-06-16;7;16
0;ADE600;FAR6BONDEN6_SCALE_2024-06-16_11_18;1.0;FAR6BONDEN6_SCALE;2024-06-16;11;18
0;ADE019;FAR6BONDEN6_SCALE_2024-06-16_13_19;16.0;FAR6BONDEN6_SCALE;2024-06-16;13;19
0;ADP708;FAR6BONDEN6_SCALE_2024-06-17_15_45;9.0;FAR6BONDEN6_SCALE;2024-06-17;15;45
0;ADP708;FAR6BONDEN6_SCALE_2024-06-17_15_46;1.0;FAR6BONDEN6_SCALE;2024-06-17;15;46
0;ADP708;FAR6BONDEN6_SCALE_2024-06-17_18_48;7.0;FAR6BONDEN6_SCALE;2024-06-17;18;48
0;ADE019;FAR6BONDEN6_SCALE_2024-06-17_13_42;49.0;FAR6BONDEN6_SCALE;2024-06-17;13;42
0;ADE019;FAR6BONDEN6_SCALE_2024-06-17_14_44;20.0;FAR6BONDEN6_SCALE;2024-06-17;14;44
0;ADE019;FAR6BONDEN6_SCALE_2024-06-17_12_41;12.0;FAR6BONDEN6_SCALE;2024-06-17;12;41
0;ACC710;FAR6BONDEN6_SCALE_2024-06-17_13_43;12.0;FAR6BONDEN6_SCALE;2024-06-17;13;43
0;ADP708;FAR6BONDEN6_SCALE_2024-06-18_5_41;4.0;FAR6BONDEN6_SCALE;2024-06-18;5;41
0;ADR240;FAR6BONDEN6_SCALE_2024-06-18_17_51;6.0;FAR6BONDEN6_SCALE;2024-06-18;17;51
0;ADP708;FAR6BONDEN6_SCALE_2024-06-18_5_42;2.0;FAR6BONDEN6_SCALE;2024-06-18;5;42
0;ACP276;FAR6BONDEN6_SCALE_2024-06-18_9_45;9.0;FAR6BONDEN6_SCALE;2024-06-18;9;45
0;ADE019;FAR6BONDEN6_SCALE_2024-06-18_16_50;111.0;FAR6BONDEN6_SCALE;2024-06-18;16;50
0;ADP708;FAR6BONDEN6_SCALE_2024-06-19_20_41;3.0;FAR6BONDEN6_SCALE;2024-06-19;20;41
0;ADP708;FAR6BONDEN6_SCALE_2024-06-19_22_44;9.0;FAR6BONDEN6_SCALE;2024-06-19;22;44
0;ADP708;FAR6BONDEN6_SCALE_2024-06-19_14_33;2.0;FAR6BONDEN6_SCALE;2024-06-19;14;33
0;ADE019;FAR6BONDEN6_SCALE_2024-06-19_14_34;2.0;FAR6BONDEN6_SCALE;2024-06-19;14;34
0;ADP708;FAR6BONDEN6_SCALE_2024-06-19_6_30;1.0;FAR6BONDEN6_SCALE;2024-06-19;6;30
0;ACP276;FAR6BONDEN6_SCALE_2024-06-19_15_35;47.0;FAR6BONDEN6_SCALE;2024-06-19;15;35
0;ADP708;FAR6BONDEN6_SCALE_2024-06-19_18_36;3.0;FAR6BONDEN6_SCALE;2024-06-19;18;36
0;ADP708;FAR6BONDEN6_SCALE_2024-06-20_3_44;10.0;FAR6BONDEN6_SCALE;2024-06-20;3;44
0;ADP708;FAR6BONDEN6_SCALE_2024-06-20_5_48;1.0;FAR6BONDEN6_SCALE;2024-06-20;5;48
0;ADN753;FAR6BONDEN6_SCALE_2024-06-20_16_58;1.0;FAR6BONDEN6_SCALE;2024-06-20;16;58
0;ADF620;FAR6BONDEN6_SCALE_2024-06-20_16_59;1.0;FAR6BONDEN6_SCALE;2024-06-20;16;59
0;ADP208;FAR6BONDEN6_SCALE_2024-06-20_2_43;1.0;FAR6BONDEN6_SCALE;2024-06-20;2;43
0;ADP875;FAR6BONDEN6_SCALE_2024-06-20_18_62;10.0;FAR6BONDEN6_SCALE;2024-06-20;18;62
0;ADE019;FAR6BONDEN6_SCALE_2024-06-21_10_56;47.0;FAR6BONDEN6_SCALE;2024-06-21;10;56
0;ADP708;FAR6BONDEN6_SCALE_2024-06-21_17_59;39.0;FAR6BONDEN6_SCALE;2024-06-21;17;59
0;ADN763;FAR6BONDEN6_SCALE_2024-06-21_4_40;15.0;FAR6BONDEN6_SCALE;2024-06-21;4;40
0;ADE039;FAR6BONDEN6_SCALE_2024-06-21_8_52;13.0;FAR6BONDEN6_SCALE;2024-06-21;8;52
0;ADN763;FAR6BONDEN6_SCALE_2024-06-21_10_55;9.0;FAR6BONDEN6_SCALE;2024-06-21;10;55
0;ADN763;FAR6BONDEN6_SCALE_2024-06-21_4_43;4.0;FAR6BONDEN6_SCALE;2024-06-21;4;43
0;ADE610;FAR6BONDEN6_SCALE_2024-06-21_9_53;12.0;FAR6BONDEN6_SCALE;2024-06-21;9;53
0;ADN763;FAR6BONDEN6_SCALE_2024-06-21_8_50;2.0;FAR6BONDEN6_SCALE;2024-06-21;8;50
0;ADE019;FAR6BONDEN6_SCALE_2024-06-21_3_37;3.0;FAR6BONDEN6_SCALE;2024-06-21;3;37
0;ADP708;FAR6BONDEN6_SCALE_2024-06-21_19_60;1.0;FAR6BONDEN6_SCALE;2024-06-21;19;60
0;ADN763;FAR6BONDEN6_SCALE_2024-06-21_4_45;14.0;FAR6BONDEN6_SCALE;2024-06-21;4;45
0;ADE130;FAR6BONDEN6_SCALE_2024-06-21_9_54;3.0;FAR6BONDEN6_SCALE;2024-06-21;9;54
0;ADP708;FAR6BONDEN6_SCALE_2024-06-21_3_39;2.0;FAR6BONDEN6_SCALE;2024-06-21;3;39
0;ADE019;FAR6BONDEN6_SCALE_2024-06-21_3_38;4.0;FAR6BONDEN6_SCALE;2024-06-21;3;38
0;ADE019;FAR6BONDEN6_SCALE_2024-06-21_8_51;10.0;FAR6BONDEN6_SCALE;2024-06-21;8;51
0;ADP708;FAR6BONDEN6_SCALE_2024-06-21_4_42;8.0;FAR6BONDEN6_SCALE;2024-06-21;4;42
0;ADP708;FAR6BONDEN6_SCALE_2024-06-21_5_46;2.0;FAR6BONDEN6_SCALE;2024-06-21;5;46
0;ADE019;FAR6BONDEN6_SCALE_2024-06-21_4_44;66.0;FAR6BONDEN6_SCALE;2024-06-21;4;44
0;ADN763;FAR6BONDEN6_SCALE_2024-06-21_11_57;43.0;FAR6BONDEN6_SCALE;2024-06-21;11;57
0;ADP708;FAR6BONDEN6_SCALE_2024-06-22_4_42;2.0;FAR6BONDEN6_SCALE;2024-06-22;4;42
0;ADP708;FAR6BONDEN6_SCALE_2024-06-22_5_46;2.0;FAR6BONDEN6_SCALE;2024-06-22;5;46
0;ADP708;FAR6BONDEN6_SCALE_2024-06-22_5_43;9.0;FAR6BONDEN6_SCALE;2024-06-22;5;43
0;ADE019;FAR6BONDEN6_SCALE_2024-06-22_18_60;34.0;FAR6BONDEN6_SCALE;2024-06-22;18;60
0;ADE019;FAR6BONDEN6_SCALE_2024-06-22_11_49;55.0;FAR6BONDEN6_SCALE;2024-06-22;11;49
0;ADE019;FAR6BONDEN6_SCALE_2024-06-22_11_51;11.0;FAR6BONDEN6_SCALE;2024-06-22;11;51
0;ADJ905;FAR6BONDEN6_SCALE_2024-06-22_15_55;4.0;FAR6BONDEN6_SCALE;2024-06-22;15;55
0;ADP708;FAR6BONDEN6_SCALE_2024-06-22_11_50;4.0;FAR6BONDEN6_SCALE;2024-06-22;11;50
0;ADE019;FAR6BONDEN6_SCALE_2024-06-22_15_56;5.0;FAR6BONDEN6_SCALE;2024-06-22;15;56
0;ADP708;FAR6BONDEN6_SCALE_2024-06-22_3_41;9.0;FAR6BONDEN6_SCALE;2024-06-22;3;41
0;ADE019;FAR6BONDEN6_SCALE_2024-06-22_5_44;19.0;FAR6BONDEN6_SCALE;2024-06-22;5;44
0;ADE019;FAR6BONDEN6_SCALE_2024-06-22_5_45;24.0;FAR6BONDEN6_SCALE;2024-06-22;5;45
0;ADE039;FAR6BONDEN6_SCALE_2024-06-22_17_58;32.0;FAR6BONDEN6_SCALE;2024-06-22;17;58
0;ADP708;FAR6BONDEN6_SCALE_2024-06-22_7_47;26.0;FAR6BONDEN6_SCALE;2024-06-22;7;47
0;ADE019;FAR6BONDEN6_SCALE_2024-06-22_16_57;119.0;FAR6BONDEN6_SCALE;2024-06-22;16;57
0;ADE019;FAR6BONDEN6_SCALE_2024-06-22_13_52;58.0;FAR6BONDEN6_SCALE;2024-06-22;13;52
0;ADP708;FAR6BONDEN6_SCALE_2024-06-24_5_46;19.0;FAR6BONDEN6_SCALE;2024-06-24;5;46
0;ADP708;FAR6BONDEN6_SCALE_2024-06-24_19_51;5.0;FAR6BONDEN6_SCALE;2024-06-24;19;51
0;ADP708;FAR6BONDEN6_SCALE_2024-06-24_2_41;2.0;FAR6BONDEN6_SCALE;2024-06-24;2;41
0;ADP652;FAR6BONDEN6_SCALE_2024-06-24_5_45;4.0;FAR6BONDEN6_SCALE;2024-06-24;5;45
0;ADP708;FAR6BONDEN6_SCALE_2024-06-24_11_49;39.0;FAR6BONDEN6_SCALE;2024-06-24;11;49
0;ADP708;FAR6BONDEN6_SCALE_2024-06-24_9_48;1.0;FAR6BONDEN6_SCALE;2024-06-24;9;48
0;ADP708;FAR6BONDEN6_SCALE_2024-06-24_15_50;2.0;FAR6BONDEN6_SCALE;2024-06-24;15;50
0;ADP708;FAR6BONDEN6_SCALE_2024-06-24_4_43;3.0;FAR6BONDEN6_SCALE;2024-06-24;4;43
0;ADP708;FAR6BONDEN6_SCALE_2024-06-24_4_42;49.0;FAR6BONDEN6_SCALE;2024-06-24;4;42
0;ADP708;FAR6BONDEN6_SCALE_2024-06-25_10_35;1.0;FAR6BONDEN6_SCALE;2024-06-25;10;35
0;ADP708;FAR6BONDEN6_SCALE_2024-06-25_4_33;4.0;FAR6BONDEN6_SCALE;2024-06-25;4;33
0;ADN763;FAR6BONDEN6_SCALE_2024-06-26_7_40;9.0;FAR6BONDEN6_SCALE;2024-06-26;7;40
0;ADP708;FAR6BONDEN6_SCALE_2024-06-26_17_44;5.0;FAR6BONDEN6_SCALE;2024-06-26;17;44
0;ADN763;FAR6BONDEN6_SCALE_2024-06-26_6_38;2.0;FAR6BONDEN6_SCALE;2024-06-26;6;38
0;ADP708;FAR6BONDEN6_SCALE_2024-06-26_16_43;19.0;FAR6BONDEN6_SCALE;2024-06-26;16;43
0;ADE039;FAR6BONDEN6_SCALE_2024-06-26_12_42;96.0;FAR6BONDEN6_SCALE;2024-06-26;12;42
0;ADN763;FAR6BONDEN6_SCALE_2024-06-26_7_39;3.0;FAR6BONDEN6_SCALE;2024-06-26;7;39
0;ADP708;FAR6BONDEN6_SCALE_2024-06-27_5_17;20.0;FAR6BONDEN6_SCALE;2024-06-27;5;17
0;ADP488;FAR6BONDEN6_SCALE_2024-06-27_14_22;18.0;FAR6BONDEN6_SCALE;2024-06-27;14;22
0;ADE019;FAR6BONDEN6_SCALE_2024-06-27_10_21;60.0;FAR6BONDEN6_SCALE;2024-06-27;10;21
0;ADP708;FAR6BONDEN6_SCALE_2024-06-28_8_30;20.0;FAR6BONDEN6_SCALE;2024-06-28;8;30
0;ADA517;FAR6BONDEN6_SCALE_2024-06-28_6_29;5.0;FAR6BONDEN6_SCALE;2024-06-28;6;29
0;ADP708;FAR6BONDEN6_SCALE_2024-06-28_13_34;24.0;FAR6BONDEN6_SCALE;2024-06-28;13;34
0;ADA513;FAR6BONDEN6_SCALE_2024-06-28_6_28;126.0;FAR6BONDEN6_SCALE;2024-06-28;6;28
0;ADA513;FAR6BONDEN6_SCALE_2024-06-29_13_55;8.0;FAR6BONDEN6_SCALE;2024-06-29;13;55
0;ACH276;FAR6BONDEN6_SCALE_2024-06-29_11_53;2.0;FAR6BONDEN6_SCALE;2024-06-29;11;53
0;ADA513;FAR6BONDEN6_SCALE_2024-06-29_14_56;101.0;FAR6BONDEN6_SCALE;2024-06-29;14;56
0;ADP708;FAR6BONDEN6_SCALE_2024-06-30_16_49;5.0;FAR6BONDEN6_SCALE;2024-06-30;16;49
0;ADA513;FAR6BONDEN6_SCALE_2024-06-30_5_36;5.0;FAR6BONDEN6_SCALE;2024-06-30;5;36
0;ADE019;FAR6BONDEN6_SCALE_2024-06-30_16_50;39.0;FAR6BONDEN6_SCALE;2024-06-30;16;50
0;ADA513;FAR6BONDEN6_SCALE_2024-06-30_3_33;4.0;FAR6BONDEN6_SCALE;2024-06-30;3;33
0;ADE010;FAR6BONDEN6_SCALE_2024-06-30_18_53;2.0;FAR6BONDEN6_SCALE;2024-06-30;18;53
0;ADA513;FAR6BONDEN6_SCALE_2024-06-30_3_35;34.0;FAR6BONDEN6_SCALE;2024-06-30;3;35
0;ADE019;FAR6BONDEN6_SCALE_2024-06-30_17_51;6.0;FAR6BONDEN6_SCALE;2024-06-30;17;51
0;ADE019;FAR6BONDEN6_SCALE_2024-06-30_12_45;43.0;FAR6BONDEN6_SCALE;2024-06-30;12;45
0;ADE019;FAR6BONDEN6_SCALE_2024-06-30_14_47;82.0;FAR6BONDEN6_SCALE;2024-06-30;14;47
0;ADE019;FAR6BONDEN6_SCALE_2024-06-30_11_43;37.0;FAR6BONDEN6_SCALE;2024-06-30;11;43
0;ADE019;FAR6BONDEN6_SCALE_2024-06-30_6_38;229.0;FAR6BONDEN6_SCALE;2024-06-30;6;38
0;ADA513;FAR6BONDEN6_SCALE_2024-06-30_3_34;19.0;FAR6BONDEN6_SCALE;2024-06-30;3;34
0;ADA513;FAR6BONDEN6_SCALE_2024-06-30_7_40;42.0;FAR6BONDEN6_SCALE;2024-06-30;7;40
0;ADA513;FAR6BONDEN6_SCALE_2024-07-01_8_55;1.0;FAR6BONDEN6_SCALE;2024-07-01;8;55
0;ADA513;FAR6BONDEN6_SCALE_2024-07-01_7_54;20.0;FAR6BONDEN6_SCALE;2024-07-01;7;54
0;ADE019;FAR6BONDEN6_SCALE_2024-07-01_7_53;26.0;FAR6BONDEN6_SCALE;2024-07-01;7;53
0;ADR263;FAR6BONDEN6_SCALE_2024-07-01_5_51;5.0;FAR6BONDEN6_SCALE;2024-07-01;5;51
0;ADA512;FAR6BONDEN6_SCALE_2024-07-01_10_61;1.0;FAR6BONDEN6_SCALE;2024-07-01;10;61
0;ADE010;FAR6BONDEN6_SCALE_2024-07-01_4_48;3.0;FAR6BONDEN6_SCALE;2024-07-01;4;48
0;ADE019;FAR6BONDEN6_SCALE_2024-07-01_4_46;4.0;FAR6BONDEN6_SCALE;2024-07-01;4;46
0;ADE019;FAR6BONDEN6_SCALE_2024-07-02_15_49;15.0;FAR6BONDEN6_SCALE;2024-07-02;15;49
0;ADP872;FAR6BONDEN6_SCALE_2024-07-02_21_53;1.0;FAR6BONDEN6_SCALE;2024-07-02;21;53
0;ACD710;FAR6BONDEN6_SCALE_2024-07-02_14_48;3.0;FAR6BONDEN6_SCALE;2024-07-02;14;48
0;ADA513;FAR6BONDEN6_SCALE_2024-07-02_5_44;3.0;FAR6BONDEN6_SCALE;2024-07-02;5;44
0;ADA513;FAR6BONDEN6_SCALE_2024-07-03_18_53;2.0;FAR6BONDEN6_SCALE;2024-07-03;18;53
0;ADE019;FAR6BONDEN6_SCALE_2024-07-03_4_43;9.0;FAR6BONDEN6_SCALE;2024-07-03;4;43
0;ADE019;FAR6BONDEN6_SCALE_2024-07-03_8_50;10.0;FAR6BONDEN6_SCALE;2024-07-03;8;50
0;ADP768;FAR6BONDEN6_SCALE_2024-07-03_11_52;10.0;FAR6BONDEN6_SCALE;2024-07-03;11;52
0;ADE019;FAR6BONDEN6_SCALE_2024-07-03_5_44;12.0;FAR6BONDEN6_SCALE;2024-07-03;5;44
0;ADA513;FAR6BONDEN6_SCALE_2024-07-04_9_51;28.0;FAR6BONDEN6_SCALE;2024-07-04;9;51
0;ADA513;FAR6BONDEN6_SCALE_2024-07-05_4_77;3.0;FAR6BONDEN6_SCALE;2024-07-05;4;77
0;ADA513;FAR6BONDEN6_SCALE_2024-07-05_20_108;10.0;FAR6BONDEN6_SCALE;2024-07-05;20;108
0;ADA513;FAR6BONDEN6_SCALE_2024-07-05_6_84;10.0;FAR6BONDEN6_SCALE;2024-07-05;6;84
0;ADE019;FAR6BONDEN6_SCALE_2024-07-05_4_76;10.0;FAR6BONDEN6_SCALE;2024-07-05;4;76
0;ADE019;FAR6BONDEN6_SCALE_2024-07-06_21_53;1.0;FAR6BONDEN6_SCALE;2024-07-06;21;53
0;ADE019;FAR6BONDEN6_SCALE_2024-07-06_10_49;1.0;FAR6BONDEN6_SCALE;2024-07-06;10;49
0;ADP708;FAR6BONDEN6_SCALE_2024-07-07_22_117;3.0;FAR6BONDEN6_SCALE;2024-07-07;22;117
0;ADX653;FAR6BONDEN6_SCALE_2024-07-07_17_108;1.0;FAR6BONDEN6_SCALE;2024-07-07;17;108
0;ADR271;FAR6BONDEN6_SCALE_2024-07-07_21_113;1.0;FAR6BONDEN6_SCALE;2024-07-07;21;113
0;ADA513;FAR6BONDEN6_SCALE_2024-07-07_8_100;27.0;FAR6BONDEN6_SCALE;2024-07-07;8;100
0;ADP708;FAR6BONDEN6_SCALE_2024-07-07_23_118;2.0;FAR6BONDEN6_SCALE;2024-07-07;23;118
0;ADE019;FAR6BONDEN6_SCALE_2024-07-08_15_44;22.0;FAR6BONDEN6_SCALE;2024-07-08;15;44
0;ACD710;FAR6BONDEN6_SCALE_2024-07-08_14_43;2.0;FAR6BONDEN6_SCALE;2024-07-08;14;43
0;ACD710;FAR6BONDEN6_SCALE_2024-07-08_21_46;13.0;FAR6BONDEN6_SCALE;2024-07-08;21;46
0;ACE210;FAR6BONDEN6_SCALE_2024-07-08_21_45;1.0;FAR6BONDEN6_SCALE;2024-07-08;21;45
0;ADE019;FAR6BONDEN6_SCALE_2024-07-08_13_42;56.0;FAR6BONDEN6_SCALE;2024-07-08;13;42
0;ADE019;FAR6BONDEN6_SCALE_2024-07-08_7_39;12.0;FAR6BONDEN6_SCALE;2024-07-08;7;39
0;ADR271;FAR6BONDEN6_SCALE_2024-07-09_16_45;3.0;FAR6BONDEN6_SCALE;2024-07-09;16;45
0;ACH281;FAR6BONDEN6_SCALE_2024-07-09_4_29;1.0;FAR6BONDEN6_SCALE;2024-07-09;4;29
0;ADR984;FAR6BONDEN6_SCALE_2024-07-09_22_48;18.0;FAR6BONDEN6_SCALE;2024-07-09;22;48
0;ADA515;FAR6BONDEN6_SCALE_2024-07-09_5_36;2.0;FAR6BONDEN6_SCALE;2024-07-09;5;36
0;ADP771;FAR6BONDEN6_SCALE_2024-07-09_20_46;5.0;FAR6BONDEN6_SCALE;2024-07-09;20;46
0;ADP768;FAR6BONDEN6_SCALE_2024-07-09_14_43;26.0;FAR6BONDEN6_SCALE;2024-07-09;14;43
0;ADE019;FAR6BONDEN6_SCALE_2024-07-09_7_37;116.0;FAR6BONDEN6_SCALE;2024-07-09;7;37
0;ADP771;FAR6BONDEN6_SCALE_2024-07-09_15_44;6.0;FAR6BONDEN6_SCALE;2024-07-09;15;44
0;ADP771;FAR6BONDEN6_SCALE_2024-07-09_12_41;8.0;FAR6BONDEN6_SCALE;2024-07-09;12;41
0;ADE019;FAR6BONDEN6_SCALE_2024-07-10_6_25;70.0;FAR6BONDEN6_SCALE;2024-07-10;6;25
0;ADE019;FAR6BONDEN6_SCALE_2024-07-10_7_27;26.0;FAR6BONDEN6_SCALE;2024-07-10;7;27
0;ADE008;FAR6BONDEN6_SCALE_2024-07-10_6_26;25.0;FAR6BONDEN6_SCALE;2024-07-10;6;26
0;ADE019;FAR6BONDEN6_SCALE_2024-07-10_7_28;17.0;FAR6BONDEN6_SCALE;2024-07-10;7;28
0;ADE019;FAR6BONDEN6_SCALE_2024-07-10_20_33;5.0;FAR6BONDEN6_SCALE;2024-07-10;20;33
0;ADE019;FAR6BONDEN6_SCALE_2024-07-10_21_34;27.0;FAR6BONDEN6_SCALE;2024-07-10;21;34
0;ADE019;FAR6BONDEN6_SCALE_2024-07-11_8_42;47.0;FAR6BONDEN6_SCALE;2024-07-11;8;42
0;ADE019;FAR6BONDEN6_SCALE_2024-07-11_5_37;69.0;FAR6BONDEN6_SCALE;2024-07-11;5;37
0;ADE019;FAR6BONDEN6_SCALE_2024-07-11_6_41;45.0;FAR6BONDEN6_SCALE;2024-07-11;6;41
0;ADA513;FAR6BONDEN6_SCALE_2024-07-11_16_46;15.0;FAR6BONDEN6_SCALE;2024-07-11;16;46
0;ADA513;FAR6BONDEN6_SCALE_2024-07-11_17_47;25.0;FAR6BONDEN6_SCALE;2024-07-11;17;47
0;ADN763;FAR6BONDEN6_SCALE_2024-07-11_4_35;14.0;FAR6BONDEN6_SCALE;2024-07-11;4;35
0;ADE019;FAR6BONDEN6_SCALE_2024-07-11_9_43;1.0;FAR6BONDEN6_SCALE;2024-07-11;9;43
0;ADA513;FAR6BONDEN6_SCALE_2024-07-11_18_48;53.0;FAR6BONDEN6_SCALE;2024-07-11;18;48
0;ADR984;FAR6BONDEN6_SCALE_2024-07-11_9_44;28.0;FAR6BONDEN6_SCALE;2024-07-11;9;44
0;ADE019;FAR6BONDEN6_SCALE_2024-07-11_3_34;51.0;FAR6BONDEN6_SCALE;2024-07-11;3;34
0;ADE019;FAR6BONDEN6_SCALE_2024-07-12_12_33;14.0;FAR6BONDEN6_SCALE;2024-07-12;12;33
0;ADA517;FAR6BONDEN6_SCALE_2024-07-12_3_29;8.0;FAR6BONDEN6_SCALE;2024-07-12;3;29
0;ADA517;FAR6BONDEN6_SCALE_2024-07-12_3_30;3.0;FAR6BONDEN6_SCALE;2024-07-12;3;30
0;ACL210;FAR6BONDEN6_SCALE_2024-07-12_13_34;2.0;FAR6BONDEN6_SCALE;2024-07-12;13;34
0;ADE019;FAR6BONDEN6_SCALE_2024-07-12_8_32;18.0;FAR6BONDEN6_SCALE;2024-07-12;8;32
0;ADN778;FAR6BONDEN6_SCALE_2024-07-12_4_31;13.0;FAR6BONDEN6_SCALE;2024-07-12;4;31
0;ADE019;FAR6BONDEN6_SCALE_2024-07-13_8_27;77.0;FAR6BONDEN6_SCALE;2024-07-13;8;27
0;ADE008;FAR6BONDEN6_SCALE_2024-07-13_5_25;36.0;FAR6BONDEN6_SCALE;2024-07-13;5;25
0;ACD710;FAR6BONDEN6_SCALE_2024-07-13_11_31;20.0;FAR6BONDEN6_SCALE;2024-07-13;11;31
0;ACJ969;FAR6BONDEN6_SCALE_2024-07-13_5_23;1.0;FAR6BONDEN6_SCALE;2024-07-13;5;23
0;ADE019;FAR6BONDEN6_SCALE_2024-07-13_4_21;11.0;FAR6BONDEN6_SCALE;2024-07-13;4;21
0;ADA513;FAR6BONDEN6_SCALE_2024-07-14_20_58;4.0;FAR6BONDEN6_SCALE;2024-07-14;20;58
0;ADR790;FAR6BONDEN6_SCALE_2024-07-14_5_46;3.0;FAR6BONDEN6_SCALE;2024-07-14;5;46
0;ADA513;FAR6BONDEN6_SCALE_2024-07-14_22_60;32.0;FAR6BONDEN6_SCALE;2024-07-14;22;60
0;ADE019;FAR6BONDEN6_SCALE_2024-07-14_20_57;10.0;FAR6BONDEN6_SCALE;2024-07-14;20;57
0;ADP782;FAR6BONDEN6_SCALE_2024-07-14_21_59;8.0;FAR6BONDEN6_SCALE;2024-07-14;21;59
0;ADE008;FAR6BONDEN6_SCALE_2024-07-15_11_35;4.0;FAR6BONDEN6_SCALE;2024-07-15;11;35
0;ADA513;FAR6BONDEN6_SCALE_2024-07-15_4_28;18.0;FAR6BONDEN6_SCALE;2024-07-15;4;28
0;ADA513;FAR6BONDEN6_SCALE_2024-07-15_3_27;7.0;FAR6BONDEN6_SCALE;2024-07-15;3;27
0;ADE019;FAR6BONDEN6_SCALE_2024-07-15_8_31;25.0;FAR6BONDEN6_SCALE;2024-07-15;8;31
0;ADE019;FAR6BONDEN6_SCALE_2024-07-15_4_29;21.0;FAR6BONDEN6_SCALE;2024-07-15;4;29
0;ADE019;FAR6BONDEN6_SCALE_2024-07-15_6_30;43.0;FAR6BONDEN6_SCALE;2024-07-15;6;30
0;ADA513;FAR6BONDEN6_SCALE_2024-07-16_5_23;3.0;FAR6BONDEN6_SCALE;2024-07-16;5;23
0;ADE019;FAR6BONDEN6_SCALE_2024-07-16_4_21;19.0;FAR6BONDEN6_SCALE;2024-07-16;4;21
0;ADP771;FAR6BONDEN6_SCALE_2024-07-16_18_26;2.0;FAR6BONDEN6_SCALE;2024-07-16;18;26
0;ADP771;FAR6BONDEN6_SCALE_2024-07-17_16_36;90.0;FAR6BONDEN6_SCALE;2024-07-17;16;36
0;ADE250;FAR6BONDEN6_SCALE_2024-07-17_4_29;3.0;FAR6BONDEN6_SCALE;2024-07-17;4;29
0;ADA513;FAR6BONDEN6_SCALE_2024-07-17_11_33;19.0;FAR6BONDEN6_SCALE;2024-07-17;11;33
0;ACL210;FAR6BONDEN6_SCALE_2024-07-17_21_38;8.0;FAR6BONDEN6_SCALE;2024-07-17;21;38
0;ADA513;FAR6BONDEN6_SCALE_2024-07-17_14_34;15.0;FAR6BONDEN6_SCALE;2024-07-17;14;34
0;ADA513;FAR6BONDEN6_SCALE_2024-07-17_15_35;61.0;FAR6BONDEN6_SCALE;2024-07-17;15;35
0;ADX614;FAR6BONDEN6_SCALE_2024-07-18_5_44;2.0;FAR6BONDEN6_SCALE;2024-07-18;5;44
0;ADA513;FAR6BONDEN6_SCALE_2024-07-18_6_47;16.0;FAR6BONDEN6_SCALE;2024-07-18;6;47
0;ADE056;FAR6BONDEN6_SCALE_2024-07-26_20_02;4.0;FAR6BONDEN6_SCALE;2024-07-26;20;2
0;ADD609;FAR6BONDEN6_SCALE_2024-07-28_6_07;87.0;FAR6BONDEN6_SCALE;2024-07-28;6;7
0;ADP708;FAR6BONDEN6_SCALE_2024-07-28_14_10;33.0;FAR6BONDEN6_SCALE;2024-07-28;14;10
0;ADP875;FAR6BONDEN6_SCALE_2024-07-28_11_09;29.0;FAR6BONDEN6_SCALE;2024-07-28;11;9
0;ADR408;FAR6BONDEN6_SCALE_2024-07-29_10_04;8.0;FAR6BONDEN6_SCALE;2024-07-29;10;4
0;ADP825;ROST2_SCALE_2024-05-15_20_25;6.0;ROST2_SCALE;2024-05-15;20;25
0;ADP771;ROST2_SCALE_2024-05-16_18_13;6.0;ROST2_SCALE;2024-05-16;18;13
0;ADP771;ROST2_SCALE_2024-05-16_16_08;6.0;ROST2_SCALE;2024-05-16;16;8
0;ADN789;ROST2_SCALE_2024-05-26_16_22;1.0;ROST2_SCALE;2024-05-26;16;22
0;ADP715;ROST2_SCALE_2024-05-26_20_24;1.0;ROST2_SCALE;2024-05-26;20;24
0;ADP790;ROST2_SCALE_2024-06-02_22_37;1.0;ROST2_SCALE;2024-06-02;22;37
0;ADN785;ROST2_SCALE_2024-06-04_18_45;19.0;ROST2_SCALE;2024-06-04;18;45
0;ADN823;ROST2_SCALE_2024-06-04_14_38;31.0;ROST2_SCALE;2024-06-04;14;38
0;ADP771;ROST2_SCALE_2024-06-04_18_44;11.0;ROST2_SCALE;2024-06-04;18;44
0;ADP771;ROST2_SCALE_2024-06-04_16_41;3.0;ROST2_SCALE;2024-06-04;16;41
0;ADP784;ROST2_SCALE_2024-06-09_10_109;4.0;ROST2_SCALE;2024-06-09;10;109
0;ADN871;ROST2_SCALE_2024-06-09_19_129;3.0;ROST2_SCALE;2024-06-09;19;129
0;ADP790;ROST2_SCALE_2024-06-13_3_40;15.0;ROST2_SCALE;2024-06-13;3;40
0;ADP790;ROST2_SCALE_2024-06-14_7_55;1.0;ROST2_SCALE;2024-06-14;7;55
0;ADR185;ROST2_SCALE_2024-06-15_11_62;1.0;ROST2_SCALE;2024-06-15;11;62
0;ADP275;ROST2_SCALE_2024-06-16_4_25;1.0;ROST2_SCALE;2024-06-16;4;25
0;ADN823;ROST2_SCALE_2024-06-17_8_56;13.0;ROST2_SCALE;2024-06-17;8;56
0;ADP780;ROST2_SCALE_2024-06-18_20_109;3.0;ROST2_SCALE;2024-06-18;20;109
0;ADP771;ROST2_SCALE_2024-06-18_18_98;15.0;ROST2_SCALE;2024-06-18;18;98
0;ADP771;ROST2_SCALE_2024-06-18_10_73;4.0;ROST2_SCALE;2024-06-18;10;73
0;ADP771;ROST2_SCALE_2024-06-18_17_96;2.0;ROST2_SCALE;2024-06-18;17;96
0;ADP180;ROST2_SCALE_2024-06-18_20_108;4.0;ROST2_SCALE;2024-06-18;20;108
0;ADP100;ROST2_SCALE_2024-06-18_17_94;5.0;ROST2_SCALE;2024-06-18;17;94
0;ADS552;ROST2_SCALE_2024-06-19_18_76;4.0;ROST2_SCALE;2024-06-19;18;76
0;ADS118;ROST2_SCALE_2024-06-19_20_81;2.0;ROST2_SCALE;2024-06-19;20;81
0;ADX547;ROST2_SCALE_2024-06-21_18_87;9.0;ROST2_SCALE;2024-06-21;18;87
0;ADP180;ROST2_SCALE_2024-06-21_14_79;9.0;ROST2_SCALE;2024-06-21;14;79
0;ADR984;ROST2_SCALE_2024-06-21_5_65;6.0;ROST2_SCALE;2024-06-21;5;65
0;ADN785;ROST2_SCALE_2024-06-27_17_46;3.0;ROST2_SCALE;2024-06-27;17;46
0;ADN659;ROST2_SCALE_2024-06-28_12_72;1.0;ROST2_SCALE;2024-06-28;12;72
0;ADN659;ROST2_SCALE_2024-06-28_7_44;7.0;ROST2_SCALE;2024-06-28;7;44
0;ADP775;ROST2_SCALE_2024-06-29_9_87;1.0;ROST2_SCALE;2024-06-29;9;87
0;ADX097;ROST2_SCALE_2024-06-29_6_79;2.0;ROST2_SCALE;2024-06-29;6;79
0;ADP723;ROST2_SCALE_2024-06-30_10_99;1.0;ROST2_SCALE;2024-06-30;10;99
0;ADP771;ROST2_SCALE_2024-06-30_17_117;7.0;ROST2_SCALE;2024-06-30;17;117
0;ADP875;ROST2_SCALE_2024-07-01_5_78;1.0;ROST2_SCALE;2024-07-01;5;78
0;ADN659;ROST2_SCALE_2024-07-03_10_77;12.0;ROST2_SCALE;2024-07-03;10;77
0;ADP775;ROST2_SCALE_2024-07-04_12_80;1.0;ROST2_SCALE;2024-07-04;12;80
0;ADP875;ROST2_SCALE_2024-07-04_8_71;5.0;ROST2_SCALE;2024-07-04;8;71
0;ADN659;ROST2_SCALE_2024-07-05_5_122;7.0;ROST2_SCALE;2024-07-05;5;122
0;ADN659;ROST2_SCALE_2024-07-05_7_133;1.0;ROST2_SCALE;2024-07-05;7;133
0;ADN659;ROST2_SCALE_2024-07-05_6_128;5.0;ROST2_SCALE;2024-07-05;6;128
0;ADN659;ROST2_SCALE_2024-07-05_5_121;6.0;ROST2_SCALE;2024-07-05;5;121
0;ADN659;ROST2_SCALE_2024-07-05_6_129;4.0;ROST2_SCALE;2024-07-05;6;129
0;ADN659;ROST2_SCALE_2024-07-05_19_162;3.0;ROST2_SCALE;2024-07-05;19;162
0;ADP790;ROST2_SCALE_2024-07-06_16_99;2.0;ROST2_SCALE;2024-07-06;16;99
0;ADN304;ROST2_SCALE_2024-07-06_4_56;1.0;ROST2_SCALE;2024-07-06;4;56
0;ADP790;ROST2_SCALE_2024-07-06_16_101;10.0;ROST2_SCALE;2024-07-06;16;101
0;ADP790;ROST2_SCALE_2024-07-06_16_100;2.0;ROST2_SCALE;2024-07-06;16;100
0;ADP790;ROST2_SCALE_2024-07-08_7_72;28.0;ROST2_SCALE;2024-07-08;7;72
0;ADP784;ROST2_SCALE_2024-07-08_9_84;6.0;ROST2_SCALE;2024-07-08;9;84
0;ADP825;ROST2_SCALE_2024-07-08_9_83;6.0;ROST2_SCALE;2024-07-08;9;83
0;ADN778;ROST2_SCALE_2024-07-08_20_165;18.0;ROST2_SCALE;2024-07-08;20;165
0;ADN778;ROST2_SCALE_2024-07-08_8_75;13.0;ROST2_SCALE;2024-07-08;8;75
0;ADN659;ROST2_SCALE_2024-07-09_5_65;4.0;ROST2_SCALE;2024-07-09;5;65
0;ADP870;ROST2_SCALE_2024-07-09_19_157;1.0;ROST2_SCALE;2024-07-09;19;157
0;ADN659;ROST2_SCALE_2024-07-09_9_82;5.0;ROST2_SCALE;2024-07-09;9;82
0;ADN659;ROST2_SCALE_2024-07-10_8_48;2.0;ROST2_SCALE;2024-07-10;8;48
0;ADP784;ROST2_SCALE_2024-07-10_20_101;3.0;ROST2_SCALE;2024-07-10;20;101
0;ADN659;ROST2_SCALE_2024-07-10_10_58;19.0;ROST2_SCALE;2024-07-10;10;58
0;ADP790;ROST2_SCALE_2024-07-11_20_177;92.0;ROST2_SCALE;2024-07-11;20;177
0;ADP790;ROST2_SCALE_2024-07-11_4_63;5.0;ROST2_SCALE;2024-07-11;4;63
0;ADP790;ROST2_SCALE_2024-07-11_20_176;59.0;ROST2_SCALE;2024-07-11;20;176
0;ADP790;ROST2_SCALE_2024-07-11_15_145;29.0;ROST2_SCALE;2024-07-11;15;145
0;ADP790;ROST2_SCALE_2024-07-11_12_123;2.0;ROST2_SCALE;2024-07-11;12;123
0;ADP790;ROST2_SCALE_2024-07-11_15_141;1.0;ROST2_SCALE;2024-07-11;15;141
0;ADX247;ROST2_SCALE_2024-07-11_20_174;3.0;ROST2_SCALE;2024-07-11;20;174
0;ADN659;ROST2_SCALE_2024-07-11_19_159;2.0;ROST2_SCALE;2024-07-11;19;159
0;ADS062;ROST2_SCALE_2024-07-11_8_97;1.0;ROST2_SCALE;2024-07-11;8;97
0;ADA875;ROST2_SCALE_2024-07-12_16_97;3.0;ROST2_SCALE;2024-07-12;16;97
0;ADP875;ROST2_SCALE_2024-07-12_5_54;18.0;ROST2_SCALE;2024-07-12;5;54
0;ADP875;ROST2_SCALE_2024-07-12_5_52;14.0;ROST2_SCALE;2024-07-12;5;52
0;ADP790;ROST2_SCALE_2024-07-13_11_79;3.0;ROST2_SCALE;2024-07-13;11;79
0;ADP790;ROST2_SCALE_2024-07-13_11_78;5.0;ROST2_SCALE;2024-07-13;11;78
0;ADP490;ROST2_SCALE_2024-07-13_15_101;1.0;ROST2_SCALE;2024-07-13;15;101
0;ADP790;ROST2_SCALE_2024-07-13_11_77;1.0;ROST2_SCALE;2024-07-13;11;77
0;ADP790;ROST2_SCALE_2024-07-13_11_80;3.0;ROST2_SCALE;2024-07-13;11;80
0;ADP729;ROST2_SCALE_2024-07-14_17_153;1.0;ROST2_SCALE;2024-07-14;17;153
0;ADD875;ROST2_SCALE_2024-07-15_17_93;2.0;ROST2_SCALE;2024-07-15;17;93
0;ADP875;ROST2_SCALE_2024-07-15_17_91;3.0;ROST2_SCALE;2024-07-15;17;91
0;ADN778;ROST2_SCALE_2024-07-15_14_77;7.0;ROST2_SCALE;2024-07-15;14;77
0;ADP875;ROST2_SCALE_2024-07-15_10_64;4.0;ROST2_SCALE;2024-07-15;10;64
0;ADS598;ROST2_SCALE_2024-07-16_13_75;2.0;ROST2_SCALE;2024-07-16;13;75
0;ADP875;ROST2_SCALE_2024-07-16_5_43;7.0;ROST2_SCALE;2024-07-16;5;43
0;ADN659;ROST2_SCALE_2024-07-16_6_56;3.0;ROST2_SCALE;2024-07-16;6;56
0;ADP790;ROST2_SCALE_2024-07-17_11_75;1.0;ROST2_SCALE;2024-07-17;11;75
0;ADN823;ROST2_SCALE_2024-07-17_10_71;7.0;ROST2_SCALE;2024-07-17;10;71
0;ADP771;ROST2_SCALE_2024-07-17_9_69;6.0;ROST2_SCALE;2024-07-17;9;69
0;ADP648;ROST2_SCALE_2024-07-17_5_45;1.0;ROST2_SCALE;2024-07-17;5;45
0;ADP190;ROST2_SCALE_2024-07-17_18_98;1.0;ROST2_SCALE;2024-07-17;18;98
0;ADN659;ROST2_SCALE_2024-07-17_19_105;5.0;ROST2_SCALE;2024-07-17;19;105
0;ADP790;ROST2_SCALE_2024-07-17_14_80;10.0;ROST2_SCALE;2024-07-17;14;80
0;ADR832;ROST2_SCALE_2024-07-18_9_106;3.0;ROST2_SCALE;2024-07-18;9;106
0;ADN659;ROST2_SCALE_2024-07-18_11_118;6.0;ROST2_SCALE;2024-07-18;11;118
0;ADP875;ROST2_SCALE_2024-07-19_5_24;1.0;ROST2_SCALE;2024-07-19;5;24
0;ADP790;ROST2_SCALE_2024-07-19_11_61;1.0;ROST2_SCALE;2024-07-19;11;61
0;ADP790;ROST2_SCALE_2024-07-19_13_65;1.0;ROST2_SCALE;2024-07-19;13;65
0;ADR832;ROST2_SCALE_2024-07-21_13_22;15.0;ROST2_SCALE;2024-07-21;13;22
0;ADR832;ROST2_SCALE_2024-07-23_12_37;19.0;ROST2_SCALE;2024-07-23;12;37
0;ADP784;ROST2_SCALE_2024-07-23_9_32;1.0;ROST2_SCALE;2024-07-23;9;32
0;ADN659;ROST2_SCALE_2024-07-24_5_13;6.0;ROST2_SCALE;2024-07-24;5;13
0;ADP875;ROST2_SCALE_2024-07-24_6_15;4.0;ROST2_SCALE;2024-07-24;6;15
0;ADP790;ROST2_SCALE_2024-07-25_7_11;2.0;ROST2_SCALE;2024-07-25;7;11
0;ADP784;ROST2_SCALE_2024-07-25_9_18;3.0;ROST2_SCALE;2024-07-25;9;18
0;ADP790;ROST2_SCALE_2024-07-25_12_25;1.0;ROST2_SCALE;2024-07-25;12;25
0;ADP784;ROST2_SCALE_2024-07-25_9_17;1.0;ROST2_SCALE;2024-07-25;9;17
0;ADP790;ROST2_SCALE_2024-07-27_7_09;12.0;ROST2_SCALE;2024-07-27;7;9
0;ADP875;ROST2_SCALE_2024-07-27_9_10;7.0;ROST2_SCALE;2024-07-27;9;10
0;ADS148;ROST2_SCALE_2024-07-30_10_09;2.0;ROST2_SCALE;2024-07-30;10;9
0;ADN259;ROST2_SCALE_2024-07-30_7_06;1.0;ROST2_SCALE;2024-07-30;7;6